<?xml version="1.0" encoding="utf-8"?>
<ZWaveDevice xmlns="http://www.pepper1.net/zwavedb/xml-schemata/z-wave" schemaVersion="2">

  <descriptorVersion>1</descriptorVersion>

  <deviceData>
            <manufacturerId value="0096"/>
        <productType value="0001"/>
    <productId value="0001"/>
    <libType value="03"/>
    <protoVersion value="02"/>
    <protoSubVersion value="4e"/>
    <appVersion value="02"/>
    <appSubVersion value="37"/>
        <basicClass value="04"/>
            <genericClass value="31"/>
            <specificClass value="01"/>
        <optional value="true"/>
    <listening value="false"/>
    <routing value="true"/>
        <beamSensor>0</beamSensor>
            <rfFrequency>EU</rfFrequency>
            <certId>14095</certId>
            <certNumber>ZC08-11060002</certNumber>
        
      </deviceData>

  <deviceDescription>
                <description>
            <lang xml:lang="de">Zähler (mechanisches oder elektronisches Messgerät)</lang>
            <lang xml:lang="en">Meter (mechanical or eletronical electrical meter)</lang>
          </description>
            <wakeupNote>
            <lang xml:lang="de">Taste zweimal kurz, LED blinkt zweimal</lang>
            <lang xml:lang="en">Button double press, LED will flash twice</lang>
          </wakeupNote>
            <inclusionNote>
            <lang xml:lang="de">Taste dreimal kurz, LED blinkt drei mal</lang>
            <lang xml:lang="en">Button tripple press, LED will flash three times</lang>
          </inclusionNote>
            <productName>Electrical Meter (Energy Guard)</productName>
            <brandName>NorthQ</brandName>
            <productLine>Metering</productLine>
            <productCode>NQ-9021</productCode>
            <productVersion>1</productVersion>
            <batteryType>AA</batteryType>
            <batteryCount>2</batteryCount>
            </deviceDescription>

    <commandClasses>
        <commandClass id="0020"/>
        <commandClass id="0080"/>
        <commandClass id="0084"/>
        <commandClass id="0086"/>
        <commandClass id="008b"/>
        <commandClass id="0072"/>
        <commandClass id="0070" version="2"/>
        <commandClass id="0091"/>
        <commandClass id="0032" version="2"/>
        <commandClass id="007a" version="2"/>
        <commandClass id="003d"/>
        <commandClass id="0056" controlled="true"/>
      </commandClasses>
  
  
    <configParams>
        <configParam number="1" type="range" size="2" default="0400">
            <name>
                <lang xml:lang="de">Pulsfaktor</lang>
                <lang xml:lang="en">Pulse Factor</lang>
              </name>
                  <description>
                <lang xml:lang="de">Wie viele Pulse werden pro 10 kWh gezählt.</lang>
                <lang xml:lang="en">How many pulses are counted per 10  kWh</lang>
              </description>
      
                  <value from="0000" to="ffff">
                <description>
                    <lang xml:lang="de">Pulse</lang>
                    <lang xml:lang="en">Pulses</lang>
                  </description>
              </value>
                </configParam>
        <configParam number="3" type="range" size="1" default="00">
            <name>
                <lang xml:lang="de">Infrarotwartezeit</lang>
                <lang xml:lang="en">IR listening period</lang>
              </name>
                  <description>
                <lang xml:lang="de">Zusätzliche Zeit zum Messen des Infrarotimpulses (nur für rotierende Scheibe)</lang>
                <lang xml:lang="en">Additional time for measuring feedback (only for wheel meters)</lang>
              </description>
      
                  <value from="00" to="ff">
                <description>
                    <lang xml:lang="de">.</lang>
                    <lang xml:lang="en">.</lang>
                  </description>
              </value>
                </configParam>
        <configParam number="4" type="range" size="1" default="00">
            <name>
                <lang xml:lang="de">Infrarotpulsweite</lang>
                <lang xml:lang="en">IR pulse width</lang>
              </name>
                  <description>
                <lang xml:lang="de">Infrarot Empfänger Ziel (IR Leistung wird schrittweise gehöht, bis dieses Niveau aus durchschnittlicher Messwert erreicht wird</lang>
                <lang xml:lang="en">Infrared output power feedback target (increase IR power until we reach this level in average feedback)</lang>
              </description>
      
                  <value from="00" to="ff">
                <description>
                    <lang xml:lang="de">.</lang>
                    <lang xml:lang="en">.</lang>
                  </description>
              </value>
                </configParam>
        <configParam number="5" type="range" size="1" default="14">
            <name>
                <lang xml:lang="de">Abtastfrequenz</lang>
                <lang xml:lang="en">Poll frequency</lang>
              </name>
                  <description>
                <lang xml:lang="de">Wieviel mal pro Sekunde wird gemessen</lang>
                <lang xml:lang="en">How many times to wakeup per second</lang>
              </description>
      
                  <value from="00" to="32">
                <description>
                    <lang xml:lang="de">mal</lang>
                    <lang xml:lang="en">times</lang>
                  </description>
              </value>
                </configParam>
        <configParam number="6" type="range" size="1" default="00">
            <name>
                <lang xml:lang="de">Impulschwellwert Unten</lang>
                <lang xml:lang="en">Pulse Threshold Low</lang>
              </name>
                  <description>
                <lang xml:lang="de">Unterer Schwellwert für Drehscheibenzähler  </lang>
                <lang xml:lang="en">Low detection threshold for wheel meters  </lang>
              </description>
      
                  <value from="00" to="8f">
                <description>
                    <lang xml:lang="de">.</lang>
                    <lang xml:lang="en">.</lang>
                  </description>
              </value>
                </configParam>
        <configParam number="7" type="range" size="1" default="05">
            <name>
                <lang xml:lang="de">Impulschwellwert Oben</lang>
                <lang xml:lang="en">Pulse Threshold High</lang>
              </name>
                  <description>
                <lang xml:lang="de">Oberer Schwellwert für Drehscheibenzähler</lang>
                <lang xml:lang="en">High detection threshold for wheel meters</lang>
              </description>
      
                  <value from="00" to="8f">
                <description>
                    <lang xml:lang="de">.</lang>
                    <lang xml:lang="en">.</lang>
                  </description>
              </value>
                </configParam>
        <configParam number="8" type="range" size="2" default="0000">
            <name>
                <lang xml:lang="de">Ausweckinterval</lang>
                <lang xml:lang="en">Wakeup Interval</lang>
              </name>
                  <description>
                <lang xml:lang="de">wie bei WAKEUP Kommandoklasse</lang>
                <lang xml:lang="en">like WAKEUP command class</lang>
              </description>
      
                  <value from="0000" to="ffff">
                <description>
                    <lang xml:lang="de">s</lang>
                    <lang xml:lang="en">s</lang>
                  </description>
              </value>
                </configParam>
        <configParam number="10" type="range" size="2" default="0003">
            <name>
                <lang xml:lang="de">Wachbleibeperiode</lang>
                <lang xml:lang="en">Keep Alive Period</lang>
              </name>
                  <description>
                <lang xml:lang="de">Nach wieviel Sekunden der Inaktivität geht das Gerät in den Schlafmodus</lang>
                <lang xml:lang="en">How many seconds of inactivity to be awake before going back to sleep</lang>
              </description>
      
                  <value from="0000" to="ffff">
                <description>
                    <lang xml:lang="de">s</lang>
                    <lang xml:lang="en">s</lang>
                  </description>
              </value>
                </configParam>
        <configParam number="11" type="range" size="2" default="0000">
            <name>
                <lang xml:lang="de">Echtzeitmodus</lang>
                <lang xml:lang="en">Realtime Mode</lang>
              </name>
                  <description>
                <lang xml:lang="de">Nach wieviel Sekunden geht daa Gerät automatisch aus dem Echtzeitmodus (kein Schlafen)</lang>
                <lang xml:lang="en">How many seconds before going out of realtime / always on mode. Can be set to start realtime mode. Will be set by pressing button on device once. (twice clears realtime mode)</lang>
              </description>
      
                  <value from="0000" to="ffff">
                <description>
                    <lang xml:lang="de">s</lang>
                    <lang xml:lang="en">s</lang>
                  </description>
              </value>
                </configParam>
        <configParam number="9" type="range" size="4" default="00000000">
            <name>
                <lang xml:lang="de">Anzahl Pulse</lang>
                <lang xml:lang="en">Pulse Count</lang>
              </name>
                  <description>
                <lang xml:lang="de">Anzahl der Pulse. Durch Setzen dieses Wertes erhält der Zähler einen definierten Startwert</lang>
                <lang xml:lang="en">By setting this value the meter received a defined start value.</lang>
              </description>
      
                  <value from="00000000" to="ffffffff">
                <description>
                    <lang xml:lang="de">Pulse</lang>
                    <lang xml:lang="en">Pulses</lang>
                  </description>
              </value>
                </configParam>
        <configParam number="2" type="rangemapped" size="1" default="02">
            <name>
                <lang xml:lang="de">Sensor Typ</lang>
                <lang xml:lang="en">Sensor Type</lang>
              </name>
                  <description>
                <lang xml:lang="de">Definiert die Art des Sensors</lang>
                <lang xml:lang="en">Defines the type of sensor</lang>
              </description>
      
                  <value from="01" to="01">
                <description>
                    <lang xml:lang="de">Pulszähler</lang>
                    <lang xml:lang="en">Pulse Meter</lang>
                  </description>
              </value>
            <value from="02" to="02">
                <description>
                    <lang xml:lang="de">rotierende Scheibe</lang>
                    <lang xml:lang="en">Rotating Wheel</lang>
                  </description>
              </value>
                </configParam>
        <configParam number="13" type="rangemapped" size="1" default="01">
            <name>
                <lang xml:lang="de">Debug</lang>
                <lang xml:lang="en">Debug</lang>
              </name>
                  <description>
                <lang xml:lang="de">Debugmodus</lang>
                <lang xml:lang="en">Debug Mode</lang>
              </description>
      
                  <value from="00" to="00">
                <description>
                    <lang xml:lang="de">Aus</lang>
                    <lang xml:lang="en">Off</lang>
                  </description>
              </value>
            <value from="01" to="01">
                <description>
                    <lang xml:lang="de">LED blinkt bei Zählimpuls</lang>
                    <lang xml:lang="en">LED blinks at pulse counting</lang>
                  </description>
              </value>
                </configParam>
      </configParams>
  
    
  
    <resourceLinks>
     
    <deviceImage url="http://www.pepper1.net/zwavedb/uploads/resources/1255d421e6b81a052b01c0153701f5b8a1eaae26.jpg" />
      </resourceLinks>
    
  </ZWaveDevice>


