<?xml version="1.0" encoding="utf-8"?>
<ZWaveDevice xmlns="http://www.pepper1.net/zwavedb/xml-schemata/z-wave" schemaVersion="2">

  <descriptorVersion>1</descriptorVersion>

  <deviceData>
            <manufacturerId value="0084"/>
        <productType value="0021"/>
    <productId value="010a"/>
    <libType value="06"/>
    <protoVersion value="02"/>
    <protoSubVersion value="61"/>
    <appVersion value="01"/>
    <appSubVersion value="0a"/>
        <basicClass value="04"/>
            <genericClass value="21"/>
            <specificClass value="01"/>
        <optional value="true"/>
    <listening value="false"/>
    <routing value="true"/>
        <beamSensor>0</beamSensor>
                    
      </deviceData>

  <deviceDescription>
                <description>
            <lang xml:lang="en">Freeze/Leakage Sensor</lang>
          </description>
            <wakeupNote>
            <lang xml:lang="en">Tripple press button</lang>
          </wakeupNote>
            <inclusionNote>
            <lang xml:lang="en">Tripple press button</lang>
          </inclusionNote>
            <productName>WWA-2</productName>
            <brandName>Fortrezz</brandName>
                        <batteryType>CR2</batteryType>
            <batteryCount>1</batteryCount>
            </deviceDescription>

    <commandClasses>
        <commandClass id="0020" inNIF="false"/>
        <commandClass id="0080"/>
        <commandClass id="0084" version="2"/>
        <commandClass id="0085"/>
        <commandClass id="0086"/>
        <commandClass id="0031"/>
        <commandClass id="0070"/>
        <commandClass id="0071" version="2"/>
        <commandClass id="0072"/>
      </commandClasses>
  
    <assocGroups>
        <assocGroup number="3" maxNodes="0">
            <description>
                <lang xml:lang="en"></lang>
              </description>
          </assocGroup>
        <assocGroup number="2" maxNodes="0">
            <description>
                <lang xml:lang="en"></lang>
              </description>
          </assocGroup>
        <assocGroup number="1" maxNodes="5">
            <description>
                <lang xml:lang="en"></lang>
              </description>
          </assocGroup>
      </assocGroups>
  
  
    
  
    <resourceLinks>
     
    <deviceImage url="http://www.pepper1.net/zwavedb/uploads/resources/3373df6ee7622f50f4c5811be7f17d957485d51d.gif" />
      </resourceLinks>
    
  </ZWaveDevice>


