<?xml version="1.0" encoding="utf-8"?>
<ZWaveDevice xmlns="http://www.pepper1.net/zwavedb/xml-schemata/z-wave" schemaVersion="2">

  <descriptorVersion>1</descriptorVersion>

  <deviceData>
            <manufacturerId value="0064"/>
        <productType value="3001"/>
    <productId value="0000"/>
    <libType value="06"/>
    <protoVersion value="02"/>
    <protoSubVersion value="33"/>
    <appVersion value="01"/>
    <appSubVersion value="00"/>
        <basicClass value="04"/>
            <genericClass value="10"/>
            <specificClass value="01"/>
        <optional value="true"/>
    <listening value="true"/>
    <routing value="false"/>
        <beamSensor>0</beamSensor>
                    
      </deviceData>

  <deviceDescription>
                <description>
            <lang xml:lang="de">Schuko Schaltaufsatz für Lasten bis 16 A</lang>
            <lang xml:lang="en">Schuko PlugIn Switch up to 16 A</lang>
          </description>
            <wakeupNote>
            <lang xml:lang="de"></lang>
            <lang xml:lang="en"></lang>
          </wakeupNote>
            <inclusionNote>
            <lang xml:lang="de">Taste Dreifach</lang>
            <lang xml:lang="en">Tripple Press Button</lang>
          </inclusionNote>
            <productName>Schuko Plug Switch</productName>
            <brandName>Düwi</brandName>
                <productCode>054375</productCode>
                        </deviceDescription>

    <commandClasses>
        <commandClass id="0020"/>
        <commandClass id="0082"/>
        <commandClass id="0025"/>
        <commandClass id="0086"/>
        <commandClass id="0027"/>
        <commandClass id="0087"/>
        <commandClass id="0072"/>
        <commandClass id="0075"/>
      </commandClasses>
  
  
  
    
  
    <resourceLinks>
     
    <deviceImage url="http://www.pepper1.net/zwavedb/uploads/resources/4eb188838b20f258db22ffb8d25ea69478e4284e.gif" />
      </resourceLinks>
    
  </ZWaveDevice>


