<?xml version="1.0" encoding="utf-8"?>
<ZWaveDevice xmlns="http://www.pepper1.net/zwavedb/xml-schemata/z-wave" schemaVersion="2">

  <descriptorVersion>1</descriptorVersion>

  <deviceData>
            <manufacturerId value="0115"/>
        <productType value="0001"/>
    <productId value="0001"/>
    <libType value="00"/>
    <protoVersion value="00"/>
    <protoSubVersion value="00"/>
    <appVersion value="01"/>
    <appSubVersion value="00"/>
        <basicClass value="02"/>
            <genericClass value="02"/>
            <specificClass value="01"/>
        <optional value="true"/>
    <listening value="true"/>
    <routing value="false"/>
        <beamSensor>0</beamSensor>
                <certId>CEF14170</certId>
            <certNumber>ZC08-1104000</certNumber>
        
      </deviceData>

  <deviceDescription>
                <description>
            <lang xml:lang="en">Home automation software</lang>
          </description>
            <wakeupNote>
            <lang xml:lang="en"></lang>
          </wakeupNote>
            <inclusionNote>
            <lang xml:lang="en">Press &quot;(Re-)include in or exclude myself from other&#039;s network&quot; button</lang>
          </inclusionNote>
            <productName>Z-Way</productName>
            <brandName>Z-Wave.Me</brandName>
                    <productVersion>1.0</productVersion>
                    </deviceDescription>

    <commandClasses>
        <commandClass id="0020"/>
        <commandClass id="0081"/>
        <commandClass id="0086"/>
        <commandClass id="0026"/>
        <commandClass id="0060" version="2"/>
        <commandClass id="008a" version="2"/>
        <commandClass id="002b"/>
        <commandClass id="008f"/>
        <commandClass id="0072"/>
        <commandClass id="0094"/>
        <commandClass id="0077"/>
      </commandClasses>
  
  
  
    <endpoints>
           <endpoint number="16">
            <name>
                <lang xml:lang="en"></lang>
              </name>
                  <description>
                <lang xml:lang="en"></lang>
              </description>
                  <genericClass value="02"/>
                  <specificClass value="01"/>
                  <commandClass id="0020"/>
            <commandClass id="002b"/>
            <commandClass id="0094"/>
            <commandClass id="0026"/>
          </endpoint>
           <endpoint number="15">
            <name>
                <lang xml:lang="en"></lang>
              </name>
                  <description>
                <lang xml:lang="en"></lang>
              </description>
                  <genericClass value="02"/>
                  <specificClass value="01"/>
                  <commandClass id="0020"/>
            <commandClass id="002b"/>
            <commandClass id="0094"/>
            <commandClass id="0026"/>
          </endpoint>
           <endpoint number="14">
            <name>
                <lang xml:lang="en"></lang>
              </name>
                  <description>
                <lang xml:lang="en"></lang>
              </description>
                  <genericClass value="02"/>
                  <specificClass value="01"/>
                  <commandClass id="0020"/>
            <commandClass id="002b"/>
            <commandClass id="0094"/>
            <commandClass id="0026"/>
          </endpoint>
           <endpoint number="13">
            <name>
                <lang xml:lang="en"></lang>
              </name>
                  <description>
                <lang xml:lang="en"></lang>
              </description>
                  <genericClass value="02"/>
                  <specificClass value="01"/>
                  <commandClass id="0020"/>
            <commandClass id="002b"/>
            <commandClass id="0094"/>
            <commandClass id="0026"/>
          </endpoint>
           <endpoint number="12">
            <name>
                <lang xml:lang="en"></lang>
              </name>
                  <description>
                <lang xml:lang="en"></lang>
              </description>
                  <genericClass value="02"/>
                  <specificClass value="01"/>
                  <commandClass id="0020"/>
            <commandClass id="002b"/>
            <commandClass id="0094"/>
            <commandClass id="0026"/>
          </endpoint>
           <endpoint number="11">
            <name>
                <lang xml:lang="en"></lang>
              </name>
                  <description>
                <lang xml:lang="en"></lang>
              </description>
                  <genericClass value="02"/>
                  <specificClass value="01"/>
                  <commandClass id="0020"/>
            <commandClass id="002b"/>
            <commandClass id="0094"/>
            <commandClass id="0026"/>
          </endpoint>
           <endpoint number="10">
            <name>
                <lang xml:lang="en"></lang>
              </name>
                  <description>
                <lang xml:lang="en"></lang>
              </description>
                  <genericClass value="02"/>
                  <specificClass value="01"/>
                  <commandClass id="0020"/>
            <commandClass id="002b"/>
            <commandClass id="0094"/>
            <commandClass id="0026"/>
          </endpoint>
           <endpoint number="9">
            <name>
                <lang xml:lang="en"></lang>
              </name>
                  <description>
                <lang xml:lang="en"></lang>
              </description>
                  <genericClass value="02"/>
                  <specificClass value="01"/>
                  <commandClass id="0020"/>
            <commandClass id="002b"/>
            <commandClass id="0094"/>
            <commandClass id="0026"/>
          </endpoint>
           <endpoint number="8">
            <name>
                <lang xml:lang="en"></lang>
              </name>
                  <description>
                <lang xml:lang="en"></lang>
              </description>
                  <genericClass value="02"/>
                  <specificClass value="01"/>
                  <commandClass id="0020"/>
            <commandClass id="002b"/>
            <commandClass id="0094"/>
            <commandClass id="0026"/>
          </endpoint>
           <endpoint number="7">
            <name>
                <lang xml:lang="en"></lang>
              </name>
                  <description>
                <lang xml:lang="en"></lang>
              </description>
                  <genericClass value="02"/>
                  <specificClass value="01"/>
                  <commandClass id="0020"/>
            <commandClass id="002b"/>
            <commandClass id="0094"/>
            <commandClass id="0026"/>
          </endpoint>
           <endpoint number="6">
            <name>
                <lang xml:lang="en"></lang>
              </name>
                  <description>
                <lang xml:lang="en"></lang>
              </description>
                  <genericClass value="02"/>
                  <specificClass value="01"/>
                  <commandClass id="0020"/>
            <commandClass id="002b"/>
            <commandClass id="0094"/>
            <commandClass id="0026"/>
          </endpoint>
           <endpoint number="5">
            <name>
                <lang xml:lang="en"></lang>
              </name>
                  <description>
                <lang xml:lang="en"></lang>
              </description>
                  <genericClass value="02"/>
                  <specificClass value="01"/>
                  <commandClass id="0020"/>
            <commandClass id="002b"/>
            <commandClass id="0094"/>
            <commandClass id="0026"/>
          </endpoint>
           <endpoint number="4">
            <name>
                <lang xml:lang="en"></lang>
              </name>
                  <description>
                <lang xml:lang="en"></lang>
              </description>
                  <genericClass value="02"/>
                  <specificClass value="01"/>
                  <commandClass id="0020"/>
            <commandClass id="002b"/>
            <commandClass id="0094"/>
            <commandClass id="0026"/>
          </endpoint>
           <endpoint number="3">
            <name>
                <lang xml:lang="en"></lang>
              </name>
                  <description>
                <lang xml:lang="en"></lang>
              </description>
                  <genericClass value="02"/>
                  <specificClass value="01"/>
                  <commandClass id="0020"/>
            <commandClass id="002b"/>
            <commandClass id="0094"/>
            <commandClass id="0026"/>
          </endpoint>
           <endpoint number="2">
            <name>
                <lang xml:lang="en"></lang>
              </name>
                  <description>
                <lang xml:lang="en"></lang>
              </description>
                  <genericClass value="02"/>
                  <specificClass value="01"/>
                  <commandClass id="0020"/>
            <commandClass id="002b"/>
            <commandClass id="0094"/>
            <commandClass id="0026"/>
          </endpoint>
           <endpoint number="1">
            <name>
                <lang xml:lang="en"></lang>
              </name>
                  <description>
                <lang xml:lang="en"></lang>
              </description>
                  <genericClass value="02"/>
                  <specificClass value="01"/>
                  <commandClass id="0020"/>
            <commandClass id="002b"/>
            <commandClass id="0094"/>
            <commandClass id="0026"/>
          </endpoint>
      </endpoints>
    
  
    
  </ZWaveDevice>


