<?xml version="1.0" encoding="utf-8"?>
<ZWaveDevice xmlns="http://www.pepper1.net/zwavedb/xml-schemata/z-wave" schemaVersion="2">

  <descriptorVersion>1</descriptorVersion>

  <deviceData>
            <manufacturerId value="0081"/>
        <productType value="0014"/>
    <productId value="0001"/>
    <libType value="06"/>
    <protoVersion value="02"/>
    <protoSubVersion value="4e"/>
    <appVersion value="01"/>
    <appSubVersion value="00"/>
        <basicClass value="04"/>
            <genericClass value="11"/>
            <specificClass value="00"/>
        <optional value="true"/>
    <listening value="true"/>
    <routing value="true"/>
        <beamSensor>0</beamSensor>
            <rfFrequency>EU</rfFrequency>
                
      </deviceData>

  <deviceDescription>
                <description>
            <lang xml:lang="de">Wandlüfter mit Schalldämmung</lang>
            <lang xml:lang="en">Sound insulated ventilator</lang>
            <lang xml:lang="ru">Шумопоглощающий настенный проветриватель
</lang>
          </description>
            <wakeupNote>
            <lang xml:lang="de"></lang>
            <lang xml:lang="en"></lang>
            <lang xml:lang="ru"></lang>
          </wakeupNote>
            <inclusionNote>
            <lang xml:lang="de"></lang>
            <lang xml:lang="en">Triple press On/Off button within 1,5 second</lang>
            <lang xml:lang="ru">Тройное нажати кнопки On/Off в течении 1,5 секунд</lang>
          </inclusionNote>
            <productName>Aeropac wave</productName>
            <brandName>Siegenia-Aubi</brandName>
                                </deviceDescription>

    <commandClasses>
        <commandClass id="0020" inNIF="false"/>
        <commandClass id="0086"/>
        <commandClass id="0026" version="3"/>
        <commandClass id="0070"/>
        <commandClass id="0072"/>
        <commandClass id="0073"/>
        <commandClass id="0075"/>
      </commandClasses>
  
  
    <configParams>
        <configParam number="1" type="range" size="4" default="00000000">
            <name>
                <lang xml:lang="de"></lang>
                <lang xml:lang="en">Time to run</lang>
                <lang xml:lang="ru">Таймер рабочего времени</lang>
              </name>
                  <description>
                <lang xml:lang="de"></lang>
                <lang xml:lang="en">Defines working time</lang>
                <lang xml:lang="ru">Установка времени работы</lang>
              </description>
      
                  <value from="00000000" to="f3333334" unit="sec">
                <description>
                    <lang xml:lang="de">Sekunde</lang>
                    <lang xml:lang="en">seconds</lang>
                    <lang xml:lang="ru">секунд</lang>
                  </description>
              </value>
                </configParam>
        <configParam number="2" type="range" size="2" default="0000">
            <name>
                <lang xml:lang="de"></lang>
                <lang xml:lang="en">Run duration</lang>
                <lang xml:lang="ru">Продолжительность работы</lang>
              </name>
                  <description>
                <lang xml:lang="de"></lang>
                <lang xml:lang="en">Defined the duration of ventilation</lang>
                <lang xml:lang="ru">Устанавливает длительность проветривания</lang>
              </description>
      
                  <value from="0000" to="0438" unit="sec">
                <description>
                    <lang xml:lang="de"></lang>
                    <lang xml:lang="en"></lang>
                    <lang xml:lang="ru">секунды</lang>
                  </description>
              </value>
                </configParam>
        <configParam number="3" type="range" size="2" default="0000">
            <name>
                <lang xml:lang="de"></lang>
                <lang xml:lang="en">Timer</lang>
                <lang xml:lang="ru">Таймер</lang>
              </name>
                  <description>
                <lang xml:lang="de"></lang>
                <lang xml:lang="en"></lang>
                <lang xml:lang="ru"></lang>
              </description>
      
                  <value from="0000" to="8001" unit="sec">
                <description>
                    <lang xml:lang="de"></lang>
                    <lang xml:lang="en">seconds</lang>
                    <lang xml:lang="ru">секунды</lang>
                  </description>
              </value>
                </configParam>
        <configParam number="4" type="bitset" size="1" default="00">
            <name>
                <lang xml:lang="de"></lang>
                <lang xml:lang="en">Configuration parameters</lang>
                <lang xml:lang="ru">Настройки устройств</lang>
              </name>
                  <description>
                <lang xml:lang="de"></lang>
                <lang xml:lang="en"></lang>
                <lang xml:lang="ru"></lang>
              </description>
      
                  <value from="00" to="00">
                <description>
                    <lang xml:lang="de"></lang>
                    <lang xml:lang="en">Enable timer</lang>
                    <lang xml:lang="ru">Включить таймер</lang>
                  </description>
              </value>
            <value from="04" to="04">
                <description>
                    <lang xml:lang="de"></lang>
                    <lang xml:lang="en">Repeat timer every 24 hours</lang>
                    <lang xml:lang="ru">Повторять включение по таймеру каждые 24 часа</lang>
                  </description>
              </value>
                </configParam>
      </configParams>
  
    
  
    <resourceLinks>
     
    <deviceImage url="http://www.pepper1.net/zwavedb/uploads/resources/5a3fda05660cb22a7f8aaab6c0f76a7f1a3c6e8b.jpg" />
      </resourceLinks>
    
  </ZWaveDevice>


