<?xml version="1.0" encoding="utf-8"?>
<ZWaveDevice xmlns="http://www.pepper1.net/zwavedb/xml-schemata/z-wave" schemaVersion="2">

  <descriptorVersion>1</descriptorVersion>

  <deviceData>
            <manufacturerId value="0086"/>
        <productType value="0002"/>
    <productId value="0004"/>
    <libType value="06"/>
    <protoVersion value="02"/>
    <protoSubVersion value="61"/>
    <appVersion value="03"/>
    <appSubVersion value="02"/>
        <basicClass value="04"/>
            <genericClass value="20"/>
            <specificClass value="01"/>
        <optional value="true"/>
    <listening value="false"/>
    <routing value="true"/>
        <beamSensor>0</beamSensor>
            <rfFrequency>US</rfFrequency>
            <certId>14108</certId>
            <certNumber>ZC08-11010004</certNumber>
        
      </deviceData>

  <deviceDescription>
                <description>
            <lang xml:lang="en">Door/Window sensor</lang>
          </description>
            <wakeupNote>
            <lang xml:lang="en">Tamper switch release (after long press)</lang>
          </wakeupNote>
            <inclusionNote>
            <lang xml:lang="en">Tamper switch press</lang>
          </inclusionNote>
            <productName>Door/Window Sensor</productName>
            <brandName>Aeon Labs</brandName>
            <productLine>Z-Wave Product Line</productLine>
            <productCode>DSB04100-ZWUS</productCode>
            <productVersion>3.05</productVersion>
            <batteryType>CR2</batteryType>
            <batteryCount>1</batteryCount>
            </deviceDescription>

    <commandClasses>
        <commandClass id="0020" controlled="true" inNIF="false"/>
        <commandClass id="0080"/>
        <commandClass id="0084"/>
        <commandClass id="0085"/>
        <commandClass id="0086"/>
        <commandClass id="0030"/>
        <commandClass id="0070"/>
        <commandClass id="0071" controlled="true"/>
        <commandClass id="0072"/>
        <commandClass id="009c"/>
      </commandClasses>
  
    <assocGroups>
        <assocGroup number="1" maxNodes="5">
            <description>
                <lang xml:lang="de">Geräte, die durch Kommandos  des Sensors gesteuert werden</lang>
                <lang xml:lang="en">Devices controlled by open/close events</lang>
                <lang xml:lang="ru">Устройства управляемые событиями открытия/закрытия</lang>
              </description>
          </assocGroup>
      </assocGroups>
  
    <configParams>
        <configParam number="1" type="rangemapped" size="1" default="00">
            <name>
                <lang xml:lang="en">Send Sensor binary report on open/close events</lang>
              </name>
                  <description>
                <lang xml:lang="en"></lang>
              </description>
      
                  <value from="00" to="00">
                <description>
                    <lang xml:lang="en">On for opened, Off for closed</lang>
                  </description>
              </value>
            <value from="01" to="01">
                <description>
                    <lang xml:lang="en">Off for opened, On for closed</lang>
                  </description>
              </value>
                </configParam>
        <configParam number="2" type="rangemapped" size="1" default="00">
            <name>
                <lang xml:lang="en">Enable wake up 10 minutes when power on</lang>
              </name>
                  <description>
                <lang xml:lang="en"></lang>
              </description>
      
                  <value from="00" to="00">
                <description>
                    <lang xml:lang="en">No</lang>
                  </description>
              </value>
            <value from="01" to="01">
                <description>
                    <lang xml:lang="en">Yes</lang>
                  </description>
              </value>
                </configParam>
        <configParam number="3" type="rangemapped" size="1" default="00">
            <name>
                <lang xml:lang="en">Send Basic Set on open/close event</lang>
              </name>
                  <description>
                <lang xml:lang="en"></lang>
              </description>
      
                  <value from="00" to="00">
                <description>
                    <lang xml:lang="en">On for opened, Off for closed</lang>
                  </description>
              </value>
            <value from="01" to="01">
                <description>
                    <lang xml:lang="en">Off for opened, On for closed</lang>
                  </description>
              </value>
                </configParam>
        <configParam number="121" type="bitset" size="4" default="00000100">
            <name>
                <lang xml:lang="en">Send those commands to associated devices on open/close/tamper events</lang>
              </name>
                  <description>
                <lang xml:lang="en"></lang>
              </description>
      
                  <value from="00000000" to="00000000">
                <description>
                    <lang xml:lang="en">Battery report</lang>
                  </description>
              </value>
            <value from="00000004" to="00000004">
                <description>
                    <lang xml:lang="en">Sensor binary report</lang>
                  </description>
              </value>
            <value from="00000008" to="00000008">
                <description>
                    <lang xml:lang="en">Basic Set</lang>
                  </description>
              </value>
                </configParam>
      </configParams>
  
    
    <alarmMappings>
        <alarmMapping alarmTypeV1="00" alarmLevelV1="ff" alarmTypeV2="07" alarmEventV2="03"/>
      </alarmMappings>
  
    <resourceLinks>
     
    <deviceImage url="http://www.pepper1.net/zwavedb/uploads/resources/91fef83b3c6925912595c900a0a9a9db1074c4ba.gif" />
      </resourceLinks>
    
  </ZWaveDevice>


