<?xml version="1.0" encoding="utf-8"?>
<ZWaveDevice xmlns="http://www.pepper1.net/zwavedb/xml-schemata/z-wave" schemaVersion="2">

  <descriptorVersion>1</descriptorVersion>

  <deviceData>
            <manufacturerId value="0086"/>
        <productType value="0002"/>
    <productId value="0005"/>
    <libType value="06"/>
    <protoVersion value="02"/>
    <protoSubVersion value="4e"/>
    <appVersion value="01"/>
    <appSubVersion value="03"/>
        <basicClass value="04"/>
            <genericClass value="21"/>
            <specificClass value="01"/>
        <optional value="true"/>
    <listening value="false"/>
    <routing value="false"/>
        <beamSensor>0</beamSensor>
                    
      </deviceData>

  <deviceDescription>
                <description>
            <lang xml:lang="en">Motion detector, temperature, luminosity and humidity sensor. Can be powered by USB</lang>
          </description>
            <wakeupNote>
            <lang xml:lang="en">Button press</lang>
          </wakeupNote>
            <inclusionNote>
            <lang xml:lang="en">Button press</lang>
          </inclusionNote>
            <productName>Multi Sensor 1.3</productName>
            <brandName>Aeon Labs</brandName>
            <productLine>Z-Wave Line</productLine>
                    <batteryType>AAA</batteryType>
            <batteryCount>4</batteryCount>
            </deviceDescription>

    <commandClasses>
        <commandClass id="0020" controlled="true" inNIF="false"/>
        <commandClass id="0080"/>
        <commandClass id="0084" version="2"/>
        <commandClass id="0085"/>
        <commandClass id="0086"/>
        <commandClass id="0060"/>
        <commandClass id="0070"/>
        <commandClass id="0031" version="2"/>
        <commandClass id="0072"/>
      </commandClasses>
  
    <assocGroups>
        <assocGroup number="1" maxNodes="5">
            <description>
                <lang xml:lang="de">Geräte, die vom Bewegungsmelder geschaltet werden</lang>
                <lang xml:lang="en">Devices to be switched on upon motion deteced and off after a timeout (on time)</lang>
                <lang xml:lang="ru">Устройства, включаемые при обнаружении движения и выключаемые по истечению заданного времени.</lang>
              </description>
          </assocGroup>
      </assocGroups>
  
    <configParams>
        <configParam number="1" type="rangemapped" size="1" default="00">
            <name>
                <lang xml:lang="en">Sensor report type on Get without instances</lang>
              </name>
                  <description>
                <lang xml:lang="en">Which type of multi sensor report should be sent on multi sensor Get command without instances</lang>
              </description>
      
                  <value from="00" to="00">
                <description>
                    <lang xml:lang="en">Temperature, humidity and luminance</lang>
                  </description>
              </value>
            <value from="01" to="01">
                <description>
                    <lang xml:lang="en">Temperature</lang>
                  </description>
              </value>
            <value from="02" to="02">
                <description>
                    <lang xml:lang="en">Luminance</lang>
                  </description>
              </value>
            <value from="03" to="03">
                <description>
                    <lang xml:lang="en">Humidity</lang>
                  </description>
              </value>
                </configParam>
        <configParam number="2" type="rangemapped" size="1" default="00">
            <name>
                <lang xml:lang="en">Wake up 10 minutes when batteries are inserted</lang>
              </name>
                  <description>
                <lang xml:lang="en">Stay awake for 10 minutes after batteries are inserted</lang>
              </description>
      
                  <value from="00" to="00">
                <description>
                    <lang xml:lang="en">No</lang>
                  </description>
              </value>
            <value from="01" to="01">
                <description>
                    <lang xml:lang="en">Yes</lang>
                  </description>
              </value>
                </configParam>
        <configParam number="3" type="range" size="2" default="00f0">
            <name>
                <lang xml:lang="en">On time</lang>
              </name>
                  <description>
                <lang xml:lang="en">How long should the device associated to multi senor keep state On before sending it Off command (if the value is bigger than 255, the value would be rounded to next integer in minutes)</lang>
              </description>
      
                  <value from="0001" to="3bc4" unit="seconds">
                <description>
                    <lang xml:lang="en">delay</lang>
                  </description>
              </value>
                </configParam>
        <configParam number="4" type="rangemapped" size="1" default="01">
            <name>
                <lang xml:lang="en">Enable motion sensor</lang>
              </name>
                  <description>
                <lang xml:lang="en"></lang>
              </description>
      
                  <value from="00" to="00">
                <description>
                    <lang xml:lang="en">Disabled</lang>
                  </description>
              </value>
            <value from="01" to="01">
                <description>
                    <lang xml:lang="en">Enabled</lang>
                  </description>
              </value>
                </configParam>
        <configParam number="101" type="bitset" size="4" default="00000000">
            <name>
                <lang xml:lang="en">Send unsolicited reports periodicaly. Interval group 1</lang>
              </name>
                  <description>
                <lang xml:lang="en">Which reports need to send automatically in timing intervals for group 1</lang>
              </description>
      
                  <value from="00000000" to="00000000">
                <description>
                    <lang xml:lang="en">Battery report</lang>
                  </description>
              </value>
            <value from="00000005" to="00000005">
                <description>
                    <lang xml:lang="en">Temperature</lang>
                  </description>
              </value>
            <value from="00000006" to="00000006">
                <description>
                    <lang xml:lang="en">Luminosity</lang>
                  </description>
              </value>
            <value from="00000007" to="00000007">
                <description>
                    <lang xml:lang="en">Humidity</lang>
                  </description>
              </value>
                </configParam>
        <configParam number="102" type="bitset" size="4" default="00000000">
            <name>
                <lang xml:lang="en">Send unsolicited reports periodicaly. Intervcal group 2</lang>
              </name>
                  <description>
                <lang xml:lang="en">Which reports need to send automatically in timing intervals for group 2</lang>
              </description>
      
                  <value from="00000000" to="00000000">
                <description>
                    <lang xml:lang="en">Battery report</lang>
                  </description>
              </value>
            <value from="00000005" to="00000005">
                <description>
                    <lang xml:lang="en">Temperature</lang>
                  </description>
              </value>
            <value from="00000006" to="00000006">
                <description>
                    <lang xml:lang="en">Luminosity</lang>
                  </description>
              </value>
            <value from="00000007" to="00000007">
                <description>
                    <lang xml:lang="en">Humidity</lang>
                  </description>
              </value>
                </configParam>
        <configParam number="103" type="bitset" size="4" default="00000000">
            <name>
                <lang xml:lang="en">Send unsolicited reports periodicaly. Intervcal group 3</lang>
              </name>
                  <description>
                <lang xml:lang="en">Which reports need to send automatically in timing intervals for group 3</lang>
              </description>
      
                  <value from="00000000" to="00000000">
                <description>
                    <lang xml:lang="en">Battery report</lang>
                  </description>
              </value>
            <value from="00000005" to="00000005">
                <description>
                    <lang xml:lang="en">Temperature</lang>
                  </description>
              </value>
            <value from="00000006" to="00000006">
                <description>
                    <lang xml:lang="en">Luminosity</lang>
                  </description>
              </value>
            <value from="00000007" to="00000007">
                <description>
                    <lang xml:lang="en">Humidity</lang>
                  </description>
              </value>
                </configParam>
        <configParam number="111" type="range" size="4" default="000002d0">
            <name>
                <lang xml:lang="en">Unsolicitate reports interval for timing groups 1</lang>
              </name>
                  <description>
                <lang xml:lang="en">Interval to send out reports to timing group 1</lang>
              </description>
      
                  <value from="00000001" to="0028de80" unit="seconds">
                <description>
                    <lang xml:lang="en"></lang>
                  </description>
              </value>
                </configParam>
        <configParam number="112" type="range" size="4" default="000002d0">
            <name>
                <lang xml:lang="en">Unsolicitate reports interval for timing groups 2</lang>
              </name>
                  <description>
                <lang xml:lang="en">Interval to send out reports to timing group 2</lang>
              </description>
      
                  <value from="00000001" to="0028de80" unit="seconds">
                <description>
                    <lang xml:lang="en"></lang>
                  </description>
              </value>
                </configParam>
        <configParam number="113" type="range" size="4" default="000002d0">
            <name>
                <lang xml:lang="en">Unsolicitate reports interval for timing groups 3</lang>
              </name>
                  <description>
                <lang xml:lang="en">Interval to send out reports to timing group 3</lang>
              </description>
      
                  <value from="00000001" to="0028de80" unit="seconds">
                <description>
                    <lang xml:lang="en"></lang>
                  </description>
              </value>
                </configParam>
      </configParams>
  
    <endpoints>
           <endpoint number="3">
            <name>
                <lang xml:lang="en"></lang>
              </name>
                  <description>
                <lang xml:lang="en"></lang>
              </description>
                        <specificClass value="00"/>
                  <commandClass id="0031" version="2"/>
          </endpoint>
           <endpoint number="2">
            <name>
                <lang xml:lang="en"></lang>
              </name>
                  <description>
                <lang xml:lang="en"></lang>
              </description>
                        <specificClass value="00"/>
                  <commandClass id="0031" version="2"/>
          </endpoint>
           <endpoint number="1">
            <name>
                <lang xml:lang="en"></lang>
              </name>
                  <description>
                <lang xml:lang="en"></lang>
              </description>
                        <specificClass value="00"/>
                  <commandClass id="0031" version="2"/>
          </endpoint>
      </endpoints>
    
  
    <resourceLinks>
     
    <deviceImage url="http://www.pepper1.net/zwavedb/uploads/resources/2571292f24ae9dde4ad51978736c32d3156934fd.jpg" />
      </resourceLinks>
    
  </ZWaveDevice>


