<?xml version="1.0" encoding="utf-8"?>
<ZWaveDevice xmlns="http://www.pepper1.net/zwavedb/xml-schemata/z-wave" schemaVersion="2">

  <descriptorVersion>1</descriptorVersion>

  <deviceData>
            <manufacturerId value="0060"/>
        <productType value="000b"/>
    <productId value="0001"/>
    <libType value="06"/>
    <protoVersion value="02"/>
    <protoSubVersion value="40"/>
    <appVersion value="01"/>
    <appSubVersion value="03"/>
        <basicClass value="04"/>
            <genericClass value="a1"/>
            <specificClass value="02"/>
        <optional value="true"/>
    <listening value="false"/>
    <routing value="true"/>
        <beamSensor>0</beamSensor>
            <rfFrequency>US</rfFrequency>
            <certId>14403</certId>
            <certNumber>ZC08-11100012</certNumber>
        
      </deviceData>

  <deviceDescription>
                <description>
            <lang xml:lang="de">Wasserlecksensor</lang>
            <lang xml:lang="en">Flood Detector</lang>
          </description>
            <wakeupNote>
            <lang xml:lang="de">drei Mal Manipulationsschutz drücken</lang>
            <lang xml:lang="en">press 3 times tamper switch</lang>
          </wakeupNote>
            <inclusionNote>
            <lang xml:lang="de">drei Mal Manipulationsschutz drücken</lang>
            <lang xml:lang="en">press 3 times tamper switch</lang>
          </inclusionNote>
            <productName>Z-Wave Flood Sensor (US) - 300 Series</productName>
            <brandName>Everspring Flood Detector</brandName>
            <productLine>Everspring Z-Wave Products</productLine>
            <productCode>ST812-US</productCode>
            <productVersion>V1.4</productVersion>
            <batteryType>AA</batteryType>
            <batteryCount>3</batteryCount>
            </deviceDescription>

    <commandClasses>
        <commandClass id="0020"/>
        <commandClass id="0080"/>
        <commandClass id="0084" version="2"/>
        <commandClass id="0085" version="2"/>
        <commandClass id="0086"/>
        <commandClass id="0070"/>
        <commandClass id="0072"/>
        <commandClass id="009c"/>
      </commandClasses>
  
    <assocGroups>
        <assocGroup number="2" maxNodes="3">
            <description>
                <lang xml:lang="de">Zielgerät für BASIC-Steuerkommandos</lang>
                <lang xml:lang="en">Control Z-Wave Devices with Basic Commands</lang>
              </description>
          </assocGroup>
        <assocGroup number="1" maxNodes="1">
            <description>
                <lang xml:lang="de">Zielgerät der Alarmmeldungen</lang>
                <lang xml:lang="en">Target of Alarm Reports</lang>
              </description>
          </assocGroup>
      </assocGroups>
  
    <configParams>
        <configParam number="1" type="range" size="1" default="63">
            <name>
                <lang xml:lang="de">Wert des BASIC Kommandos</lang>
                <lang xml:lang="en">Basic Level Set</lang>
              </name>
                  <description>
                <lang xml:lang="de">Dieser Wert wird im Alarmfall mit dem BASIC Kommando gesendet</lang>
                <lang xml:lang="en">The value sent with Basic commands in case of detected flood</lang>
              </description>
      
                  <value from="00" to="00">
                <description>
                    <lang xml:lang="de">aus</lang>
                    <lang xml:lang="en">off</lang>
                  </description>
              </value>
            <value from="01" to="63">
                <description>
                    <lang xml:lang="de">ein bei </lang>
                    <lang xml:lang="en">on for binary switch, dim level for dimmers and motor control</lang>
                  </description>
              </value>
                </configParam>
      </configParams>
  
    
    <alarmMappings>
        <alarmMapping alarmTypeV1="02" alarmLevelV1="01" alarmTypeV2="08" alarmEventV2="01"/>
        <alarmMapping alarmTypeV1="01" alarmLevelV1="ff" alarmTypeV2="08" alarmEventV2="fe"/>
      </alarmMappings>
  
    <resourceLinks>
     
    <deviceImage url="http://www.pepper1.net/zwavedb/uploads/resources/8d3dabe31947034d94380b0d4cacff7be059f3a9.jpg" />
      </resourceLinks>
    
  </ZWaveDevice>


