<?xml version="1.0" encoding="utf-8"?>
<ZWaveDevice xmlns="http://www.pepper1.net/zwavedb/xml-schemata/z-wave" schemaVersion="2">

  <descriptorVersion>1</descriptorVersion>

  <deviceData>
            <manufacturerId value="0060"/>
        <productType value="0001"/>
    <productId value="0002"/>
    <libType value="06"/>
    <protoVersion value="02"/>
    <protoSubVersion value="40"/>
    <appVersion value="01"/>
    <appSubVersion value="02"/>
        <basicClass value="04"/>
            <genericClass value="20"/>
            <specificClass value="01"/>
        <optional value="true"/>
    <listening value="false"/>
    <routing value="true"/>
        <beamSensor>0</beamSensor>
            <rfFrequency>US</rfFrequency>
            <certId>14404</certId>
            <certNumber>ZC08-11100007</certNumber>
        
      </deviceData>

  <deviceDescription>
                <description>
            <lang xml:lang="en">Motion Detector with Light Detection</lang>
          </description>
            <wakeupNote>
            <lang xml:lang="en">3 times tamper switch</lang>
          </wakeupNote>
            <inclusionNote>
            <lang xml:lang="en">3 times tamper switch</lang>
          </inclusionNote>
            <productName>Z-Wave PIR Sensor(US)-300 Series</productName>
            <brandName>Everspring Motion Detector</brandName>
            <productLine>Everspring Z-Wave Products</productLine>
            <productCode>SP814-US</productCode>
            <productVersion>V1.3</productVersion>
            <batteryType>AA</batteryType>
            <batteryCount>3</batteryCount>
            </deviceDescription>

    <commandClasses>
        <commandClass id="0020"/>
        <commandClass id="0080"/>
        <commandClass id="0084" version="2"/>
        <commandClass id="0085" version="2"/>
        <commandClass id="0086"/>
        <commandClass id="0030"/>
        <commandClass id="0070"/>
        <commandClass id="0072"/>
      </commandClasses>
  
    <assocGroups>
        <assocGroup number="2" maxNodes="3">
            <description>
                <lang xml:lang="en">Alarm switches devices with BASIC command</lang>
              </description>
          </assocGroup>
        <assocGroup number="1" maxNodes="1">
            <description>
                <lang xml:lang="en">Target for Alarms</lang>
              </description>
          </assocGroup>
      </assocGroups>
  
    <configParams>
        <configParam number="1" type="range" size="1" default="63">
            <name>
                <lang xml:lang="en">Basic Level Set</lang>
              </name>
                  <description>
                <lang xml:lang="en">This value is added to the BASIC command</lang>
              </description>
      
          </configParam>
        <configParam number="2" type="constant" size="1" default="00">
            <name>
                <lang xml:lang="en">Enable/Disable Sensor Detection Function</lang>
              </name>
                  <description>
                <lang xml:lang="en">This parameter allows to turn off the sensor function for test and debugging purposes</lang>
              </description>
      
                  <value from="00" to="00">
                <description>
                    <lang xml:lang="en">off</lang>
                  </description>
              </value>
            <value from="01" to="01">
                <description>
                    <lang xml:lang="en">on</lang>
                  </description>
              </value>
                </configParam>
        <configParam number="3" type="range" size="1" default="06">
            <name>
                <lang xml:lang="en">Sensitivity Level</lang>
              </name>
                  <description>
                <lang xml:lang="en">Adjusts the sensitivity of the PIR (1 = lowest, 10 = highest)</lang>
              </description>
      
                  <value from="01" to="0a">
                <description>
                    <lang xml:lang="en">level</lang>
                  </description>
              </value>
                </configParam>
        <configParam number="4" type="range" size="2" default="0005">
            <name>
                <lang xml:lang="en">Re-Trigger Interval</lang>
              </name>
                  <description>
                <lang xml:lang="en">Adjusts the time when a re-trigger is allowed after triggering</lang>
              </description>
      
                  <value from="0005" to="0e10" unit="s">
                <description>
                    <lang xml:lang="en">duration</lang>
                  </description>
              </value>
                </configParam>
        <configParam number="5" type="range" size="1" default="0a">
            <name>
                <lang xml:lang="en">Lux Lexel</lang>
              </name>
                  <description>
                <lang xml:lang="en">Defines the lux level in percantage when the light sensor will be activated</lang>
              </description>
      
                  <value from="01" to="64" unit="%">
                <description>
                    <lang xml:lang="en">level</lang>
                  </description>
              </value>
                </configParam>
        <configParam number="6" type="range" size="2" default="000f">
            <name>
                <lang xml:lang="en">On/Off Duration</lang>
              </name>
                  <description>
                <lang xml:lang="en">Defines how long a connected light will stay turned on after triggering</lang>
              </description>
      
                  <value from="0005" to="0e10" unit="s">
                <description>
                    <lang xml:lang="en">duration</lang>
                  </description>
              </value>
                </configParam>
      </configParams>
  
    
    <alarmMappings>
        <alarmMapping alarmTypeV1="02" alarmLevelV1="01" alarmTypeV2="08" alarmEventV2="01"/>
        <alarmMapping alarmTypeV1="01" alarmLevelV1="ff" alarmTypeV2="00" alarmEventV2="ef"/>
      </alarmMappings>
  
    <resourceLinks>
     
    <deviceImage url="http://www.pepper1.net/zwavedb/uploads/resources/bc386d086e5bd65ddbf0a4bf318f2a3b4b18deb2.jpg" />
      </resourceLinks>
    
  </ZWaveDevice>


