<?xml version="1.0" encoding="utf-8"?>
<ZWaveDevice xmlns="http://www.pepper1.net/zwavedb/xml-schemata/z-wave" schemaVersion="2">

  <descriptorVersion>1</descriptorVersion>

  <deviceData>
            <manufacturerId value="0080"/>
        <productType value="0004"/>
    <productId value="0001"/>
    <libType value="01"/>
    <protoVersion value="02"/>
    <protoSubVersion value="4e"/>
    <appVersion value="02"/>
    <appSubVersion value="01"/>
        <basicClass value="02"/>
            <genericClass value="02"/>
            <specificClass value="00"/>
        <optional value="true"/>
    <listening value="true"/>
    <routing value="true"/>
        <beamSensor>0</beamSensor>
            <rfFrequency>EU</rfFrequency>
            <certId>14344</certId>
            <certNumber>ZC08-11060023</certNumber>
        
      </deviceData>

  <deviceDescription>
                <description>
            <lang xml:lang="en">CO2 sensor with controller functionality</lang>
          </description>
            <wakeupNote>
            <lang xml:lang="en"></lang>
          </wakeupNote>
            <inclusionNote>
            <lang xml:lang="en">First put the device in install note (pushing all 4 buttons together for 3 seconds), then press 3 seconds the first button (bottom left)</lang>
          </inclusionNote>
            <productName>Z-Wave CO2 Sensor</productName>
            <brandName>DUCO</brandName>
            <productLine>DucoTronic</productLine>
            <productCode>00001801/g12809</productCode>
            <productVersion>V1.1</productVersion>
                    </deviceDescription>

    <commandClasses>
        <commandClass id="0020" controlled="true"/>
        <commandClass id="0060" version="2"/>
        <commandClass id="0085"/>
        <commandClass id="0086"/>
        <commandClass id="0070" controlled="true"/>
        <commandClass id="0031" version="3"/>
        <commandClass id="0072" controlled="true"/>
        <commandClass id="0077"/>
        <commandClass id="007a"/>
      </commandClasses>
  
    <assocGroups>
        <assocGroup number="7" maxNodes="20">
            <description>
                <lang xml:lang="en">is the same as group 2,3,4, just that it is with CO2 value instead of temperature.</lang>
              </description>
          </assocGroup>
        <assocGroup number="6" maxNodes="20">
            <description>
                <lang xml:lang="en">is the same as group 2,3,4, just that it is with CO2 value instead of temperature.</lang>
              </description>
          </assocGroup>
        <assocGroup number="5" maxNodes="20">
            <description>
                <lang xml:lang="en">is the same as group 2,3,4, just that it is with CO2 value instead of temperature.</lang>
              </description>
          </assocGroup>
        <assocGroup number="4" maxNodes="20">
            <description>
                <lang xml:lang="en">This is the temperature DELTA group. When the temperature has changed more than the
delta temperature value, then the sensor will send a MULTI SENSOR REPORT with the
temperature value to all the nodes in the group.</lang>
              </description>
          </assocGroup>
        <assocGroup number="3" maxNodes="20">
            <description>
                <lang xml:lang="en">This is the temperature OFF group. When the temperature goes above the temperature
high setpoint, then the sensor will send BASIC SET( OFF ) to all the nodes in the group.
And when the temperature goes bellow the temperature low setpoint, then the sensor
will send BASIC SET( ON ) to all the nodes in the group.</lang>
              </description>
          </assocGroup>
        <assocGroup number="2" maxNodes="20">
            <description>
                <lang xml:lang="en">This is the temperature ON group. When the temperature goes above the temperature
high setpoint, then the sensor will send BASIC SET( ON ) to all the nodes in the group.
And when the temperature goes bellow the temperature low setpoint, then the sensor
will send BASIC SET( OFF ) to all the nodes in the group.</lang>
              </description>
          </assocGroup>
        <assocGroup number="1" maxNodes="20">
            <description>
                <lang xml:lang="en">This is the control group used by the DUCO products to talk to each other.
Only DUCO products should be added to this group.</lang>
              </description>
          </assocGroup>
      </assocGroups>
  
    <configParams>
        <configParam number="1" type="range" size="1" default="3c">
            <name>
                <lang xml:lang="en">Measure Level</lang>
              </name>
                  <description>
                <lang xml:lang="en">How often the CO2 value is measured(example: if value=60, the CO2 value is measured every
60 seconds)</lang>
              </description>
      
                  <value from="01" to="7f" unit="Second">
                <description>
                    <lang xml:lang="en">Measure Interval</lang>
                  </description>
              </value>
                </configParam>
        <configParam number="2" type="range" size="2" default="03e8">
            <name>
                <lang xml:lang="en">CO2 Setpoint</lang>
              </name>
                  <description>
                <lang xml:lang="en">Setpoint CO2: Used in ‘automatic mode’. (button 4) The CO2 level in a room is a good indication of the
air quality in this room. When the CO2 level is above this setpoint, the room needs more ventilation.
Consequently, the CO2 sensor will open the associated grating unit.</lang>
              </description>
      
                  <value from="0001" to="7fff" unit="ppm">
                <description>
                    <lang xml:lang="en">CO2 Level</lang>
                  </description>
              </value>
                </configParam>
        <configParam number="3" type="range" size="1" default="46">
            <name>
                <lang xml:lang="en">Humidity Setpoint</lang>
              </name>
                  <description>
                <lang xml:lang="en">Setpoint Humidity: Used in ‘automatic mode’ (button 4) if the device is a RH sensor. RH: relative
humidity. When the RH in the room is above this setpoint, the RH sensor will ask the IQ unit for
more ventilation.</lang>
              </description>
      
                  <value from="01" to="7f" unit="percent">
                <description>
                    <lang xml:lang="en">Relative Humidity</lang>
                  </description>
              </value>
                </configParam>
        <configParam number="4" type="range" size="1" default="00">
            <name>
                <lang xml:lang="en">Button 1</lang>
              </name>
                  <description>
                <lang xml:lang="en">The value when button1 is pressed. Values above 0x63 will be capped to 0x63 (maximum)
used in association group 1</lang>
              </description>
      
                  <value from="80" to="7f">
                <description>
                    <lang xml:lang="en">Button sends value</lang>
                  </description>
              </value>
                </configParam>
        <configParam number="5" type="range" size="1" default="32">
            <name>
                <lang xml:lang="en">Button 2</lang>
              </name>
                  <description>
                <lang xml:lang="en">The value when button2 is pressed. Values above 0x63 will be capped to 0x63 (maximum)
used in association group 1</lang>
              </description>
      
                  <value from="80" to="7f">
                <description>
                    <lang xml:lang="en">Button sends value</lang>
                  </description>
              </value>
                </configParam>
        <configParam number="6" type="range" size="1" default="64">
            <name>
                <lang xml:lang="en">Button 3</lang>
              </name>
                  <description>
                <lang xml:lang="en">The value when button3 is pressed. Values above 0x63 will be capped to 0x63 (maximum)
used in association group 1</lang>
              </description>
      
                  <value from="80" to="7f">
                <description>
                    <lang xml:lang="en">Button sends value</lang>
                  </description>
              </value>
                </configParam>
        <configParam number="7" type="range" size="1" default="0f">
            <name>
                <lang xml:lang="en">Rooster Min Open</lang>
              </name>
                  <description>
                <lang xml:lang="en">The minimum value that can be send by the CO2 sensor when it is in automatic mode.</lang>
              </description>
      
                  <value from="80" to="7f">
                <description>
                    <lang xml:lang="en">Sends minimal value </lang>
                  </description>
              </value>
                </configParam>
        <configParam number="8" type="range" size="2" default="0000">
            <name>
                <lang xml:lang="en">Temperature high setpoint</lang>
              </name>
                  <description>
                <lang xml:lang="en">Temperature high setpoint: used in association group 2 or 3</lang>
              </description>
      
                  <value from="0001" to="7fff" unit="degrees">
                <description>
                    <lang xml:lang="en">Temperature high setpoint</lang>
                  </description>
              </value>
                </configParam>
        <configParam number="9" type="range" size="2" default="0000">
            <name>
                <lang xml:lang="en">Temperature low setpoint</lang>
              </name>
                  <description>
                <lang xml:lang="en">Temperature low setpoint: used in association group 2 or 3</lang>
              </description>
      
                  <value from="0001" to="7fff" unit="degrees">
                <description>
                    <lang xml:lang="en">Temperature low setpoint</lang>
                  </description>
              </value>
                </configParam>
        <configParam number="10" type="range" size="2" default="0002">
            <name>
                <lang xml:lang="en">Temperature delta setpoint</lang>
              </name>
                  <description>
                <lang xml:lang="en">Temperature delta setpoint: used in association group 4</lang>
              </description>
      
                  <value from="8000" to="7fff" unit="degrees">
                <description>
                    <lang xml:lang="en">Temperature difference</lang>
                  </description>
              </value>
                </configParam>
        <configParam number="14" type="range" size="2" default="0000">
            <name>
                <lang xml:lang="en">CO2 high setpoint</lang>
              </name>
                  <description>
                <lang xml:lang="en">CO2 high setpoint: used in association group 5 or 6</lang>
              </description>
      
                  <value from="0001" to="7fff" unit="ppm">
                <description>
                    <lang xml:lang="en">CO2 high setpoint</lang>
                  </description>
              </value>
                </configParam>
        <configParam number="15" type="range" size="2" default="0000">
            <name>
                <lang xml:lang="en">CO2 low setpoint</lang>
              </name>
                  <description>
                <lang xml:lang="en">CO2 low setpoint: used in group 5 or 6</lang>
              </description>
      
                  <value from="0001" to="7fff" unit="ppm">
                <description>
                    <lang xml:lang="en">CO2 low setpoint</lang>
                  </description>
              </value>
                </configParam>
        <configParam number="16" type="range" size="2" default="01f4">
            <name>
                <lang xml:lang="en">CO2 delta setpoint</lang>
              </name>
                  <description>
                <lang xml:lang="en">CO2 delta setpoint: used in group 7</lang>
              </description>
      
                  <value from="8000" to="7fff" unit="ppm">
                <description>
                    <lang xml:lang="en">CO2 Difference</lang>
                  </description>
              </value>
                </configParam>
      </configParams>
  
    <endpoints>
           <endpoint number="2">
            <name>
                <lang xml:lang="en">CO2 value</lang>
              </name>
                  <description>
                <lang xml:lang="en">When receiving a multilevel sensor get on multichannel endpoint 2, the
measured CO2 value is returned.</lang>
              </description>
                  <genericClass value="21"/>
                  <specificClass value="00"/>
                  <commandClass id="0020"/>
            <commandClass id="0031" version="3"/>
          </endpoint>
           <endpoint number="1">
            <name>
                <lang xml:lang="en">Temperature value</lang>
              </name>
                  <description>
                <lang xml:lang="en">When it receive a multilevel sensor get, it returns the
temperature value</lang>
              </description>
                  <genericClass value="21"/>
                  <specificClass value="00"/>
                  <commandClass id="0020"/>
            <commandClass id="0031" version="3"/>
          </endpoint>
      </endpoints>
    
  
    <resourceLinks>
     
    <deviceImage url="http://www.pepper1.net/zwavedb/uploads/resources/2c344eee00b53abf501d61a10dc6159989689290.jpg" />
      </resourceLinks>
    
  </ZWaveDevice>


