<?xml version="1.0" encoding="utf-8"?>
<ZWaveDevice xmlns="http://www.pepper1.net/zwavedb/xml-schemata/z-wave" schemaVersion="2">

  <descriptorVersion>1</descriptorVersion>

  <deviceData>
            <manufacturerId value="0109"/>
        <productType value="2002"/>
    <productId value="0201"/>
    <libType value="06"/>
    <protoVersion value="02"/>
    <protoSubVersion value="4e"/>
    <appVersion value="03"/>
    <appSubVersion value="0a"/>
        <basicClass value="04"/>
            <genericClass value="20"/>
            <specificClass value="01"/>
        <optional value="true"/>
    <listening value="false"/>
    <routing value="true"/>
        <beamSensor>0</beamSensor>
            <rfFrequency>EU</rfFrequency>
            <certId>14289</certId>
            <certNumber>ZC08-11050006</certNumber>
        
      </deviceData>

  <deviceDescription>
                <description>
            <lang xml:lang="en">Motion Sensor/Detection EU</lang>
          </description>
            <wakeupNote>
            <lang xml:lang="en">Remove the cover</lang>
          </wakeupNote>
            <inclusionNote>
            <lang xml:lang="en">Press the program switch once</lang>
          </inclusionNote>
            <productName>PIR Motion Sensor </productName>
            <brandName>VISION</brandName>
            <productLine>Home Security</productLine>
            <productCode>02</productCode>
            <productVersion>01</productVersion>
            <batteryType>CR123A</batteryType>
            <batteryCount>1</batteryCount>
            </deviceDescription>

    <commandClasses>
        <commandClass id="0020" controlled="true"/>
        <commandClass id="0080"/>
        <commandClass id="0084" version="2"/>
        <commandClass id="0085" version="2"/>
        <commandClass id="0086"/>
        <commandClass id="0030"/>
        <commandClass id="0071"/>
        <commandClass id="0072"/>
      </commandClasses>
  
    <assocGroups>
        <assocGroup number="1" maxNodes="5">
            <description>
                <lang xml:lang="en">Basic on/off group for detecting movements</lang>
              </description>
          </assocGroup>
      </assocGroups>
  
    <configParams>
        <configParam number="1" type="range" size="1" default="03">
            <name>
                <lang xml:lang="en">Time after PIR send OFF</lang>
              </name>
                  <description>
                <lang xml:lang="en"></lang>
              </description>
      
                  <value from="01" to="ff" unit="minutes">
                <description>
                    <lang xml:lang="en"></lang>
                  </description>
              </value>
                </configParam>
      </configParams>
  
    
  
    <resourceLinks>
     
    <deviceImage url="http://www.pepper1.net/zwavedb/uploads/resources/d1eaac247cb3117ebd754ce9e729b8951202edd4.jpg" />
      </resourceLinks>
    
  </ZWaveDevice>


