<?xml version="1.0" encoding="utf-8"?>
<ZWaveDevice xmlns="http://www.pepper1.net/zwavedb/xml-schemata/z-wave" schemaVersion="2">

  <descriptorVersion>1</descriptorVersion>

  <deviceData>
            <manufacturerId value="5254"/>
        <productType value="0001"/>
    <productId value="03e9"/>
    <libType value="02"/>
    <protoVersion value="02"/>
    <protoSubVersion value="4e"/>
    <appVersion value="01"/>
    <appSubVersion value="00"/>
        <basicClass value="01"/>
            <genericClass value="01"/>
            <specificClass value="02"/>
        <optional value="true"/>
    <listening value="false"/>
    <routing value="false"/>
            <rfFrequency>EU</rfFrequency>
            <certId>13976</certId>
            <certNumber>ZC08-10100003</certNumber>
        
      </deviceData>

  <deviceDescription>
                <description>
            <lang xml:lang="en">Remote Control EU</lang>
          </description>
            <wakeupNote>
            <lang xml:lang="en">Press CONF and REMOVE at the same time until OK is lit, then introduce 8364</lang>
          </wakeupNote>
            <inclusionNote>
            <lang xml:lang="en">Press CONF and REMOVE at the same time until OK is lit, then introduce 8363</lang>
          </inclusionNote>
            <productName>HSK-100Z AV Scenario Controller</productName>
            <brandName>Homescenario</brandName>
            <productLine>Controller</productLine>
            <productCode>HSK-100Z-EU</productCode>
            <productVersion>1.0</productVersion>
            <batteryType>AAA</batteryType>
            <batteryCount>3</batteryCount>
            </deviceDescription>

    <commandClasses>
        <commandClass id="0027" controlled="true" inNIF="false"/>
        <commandClass id="0085" controlled="true"/>
        <commandClass id="0020" controlled="true" inNIF="false"/>
        <commandClass id="0070" version="2" controlled="true" inNIF="false"/>
        <commandClass id="0021" controlled="true"/>
        <commandClass id="0072"/>
        <commandClass id="0060" version="2" controlled="true" inNIF="false"/>
        <commandClass id="0000" controlled="true" inNIF="false"/>
        <commandClass id="002b" controlled="true" inNIF="false"/>
        <commandClass id="002c" controlled="true" inNIF="false"/>
        <commandClass id="002d"/>
        <commandClass id="0094" controlled="true" inNIF="false"/>
        <commandClass id="0086"/>
        <commandClass id="0085" version="2"/>
      </commandClasses>
  
    <assocGroups>
        <assocGroup number="1" maxNodes="232">
            <description>
                <lang xml:lang="en">Zone Control #1</lang>
              </description>
          </assocGroup>
        <assocGroup number="2" maxNodes="232">
            <description>
                <lang xml:lang="en">Zone Control #2</lang>
              </description>
          </assocGroup>
        <assocGroup number="3" maxNodes="232">
            <description>
                <lang xml:lang="en">Zone Control #3</lang>
              </description>
          </assocGroup>
        <assocGroup number="4" maxNodes="232">
            <description>
                <lang xml:lang="en">Zone Control #4</lang>
              </description>
          </assocGroup>
        <assocGroup number="5" maxNodes="232">
            <description>
                <lang xml:lang="en">Zone Control #5</lang>
              </description>
          </assocGroup>
        <assocGroup number="6" maxNodes="232">
            <description>
                <lang xml:lang="en">Zone Control #6</lang>
              </description>
          </assocGroup>
        <assocGroup number="7" maxNodes="232">
            <description>
                <lang xml:lang="en">Zone Control #7</lang>
              </description>
          </assocGroup>
        <assocGroup number="8" maxNodes="232">
            <description>
                <lang xml:lang="en">Zone Control #8</lang>
              </description>
          </assocGroup>
        <assocGroup number="9" maxNodes="232">
            <description>
                <lang xml:lang="en">Scene Control #1</lang>
              </description>
          </assocGroup>
        <assocGroup number="10" maxNodes="232">
            <description>
                <lang xml:lang="en">Scene Control #2</lang>
              </description>
          </assocGroup>
        <assocGroup number="11" maxNodes="232">
            <description>
                <lang xml:lang="en">Scene Control #3</lang>
              </description>
          </assocGroup>
        <assocGroup number="12" maxNodes="232">
            <description>
                <lang xml:lang="en">Scene Control #4</lang>
              </description>
          </assocGroup>
        <assocGroup number="13" maxNodes="232">
            <description>
                <lang xml:lang="en">Scene Control #5</lang>
              </description>
          </assocGroup>
        <assocGroup number="14" maxNodes="232">
            <description>
                <lang xml:lang="en">Scene Control #6</lang>
              </description>
          </assocGroup>
        <assocGroup number="15" maxNodes="232">
            <description>
                <lang xml:lang="en">Scene Control #7</lang>
              </description>
          </assocGroup>
        <assocGroup number="16" maxNodes="232">
            <description>
                <lang xml:lang="en">Scene Control #8</lang>
              </description>
          </assocGroup>
        <assocGroup number="17" maxNodes="232">
            <description>
                <lang xml:lang="en">Scene Control #9</lang>
              </description>
          </assocGroup>
        <assocGroup number="18" maxNodes="232">
            <description>
                <lang xml:lang="en">Scene Control #10</lang>
              </description>
          </assocGroup>
        <assocGroup number="19" maxNodes="232">
            <description>
                <lang xml:lang="en">Scene Control #11</lang>
              </description>
          </assocGroup>
        <assocGroup number="20" maxNodes="232">
            <description>
                <lang xml:lang="en">Scene Control #12</lang>
              </description>
          </assocGroup>
        <assocGroup number="21" maxNodes="232">
            <description>
                <lang xml:lang="en">Scene Control #13</lang>
              </description>
          </assocGroup>
        <assocGroup number="22" maxNodes="232">
            <description>
                <lang xml:lang="en">Scene Control #14</lang>
              </description>
          </assocGroup>
        <assocGroup number="23" maxNodes="232">
            <description>
                <lang xml:lang="en">Scene Control #15</lang>
              </description>
          </assocGroup>
        <assocGroup number="24" maxNodes="232">
            <description>
                <lang xml:lang="en">Scene Control #16</lang>
              </description>
          </assocGroup>
      </assocGroups>
  
  
    
  
    <resourceLinks>
     
    <deviceImage url="http://www.pepper1.net/zwavedb/uploads/resources/88284ce5fd694ba28f6a9f98374bd6c88432c0d3.jpg" />
      </resourceLinks>
    
  </ZWaveDevice>


