<?xml version="1.0" encoding="utf-8"?>
<ZWaveDevice xmlns="http://www.pepper1.net/zwavedb/xml-schemata/z-wave" schemaVersion="2">

  <descriptorVersion>1</descriptorVersion>

  <deviceData>
            <manufacturerId value="0109"/>
        <productType value="2001"/>
    <productId value="0101"/>
    <libType value="06"/>
    <protoVersion value="02"/>
    <protoSubVersion value="4e"/>
    <appVersion value="03"/>
    <appSubVersion value="0a"/>
        <basicClass value="04"/>
            <genericClass value="20"/>
            <specificClass value="01"/>
        <optional value="true"/>
    <listening value="false"/>
    <routing value="true"/>
        <beamSensor>0</beamSensor>
            <rfFrequency>US</rfFrequency>
            <certId>CEF14091</certId>
            <certNumber>ZC08-11020003</certNumber>
        
      </deviceData>

  <deviceDescription>
                <description>
            <lang xml:lang="en">Door or Window Detection </lang>
          </description>
            <wakeupNote>
            <lang xml:lang="en">Removing the cover</lang>
          </wakeupNote>
            <inclusionNote>
            <lang xml:lang="en">Press the program switch for 1 second at least. </lang>
          </inclusionNote>
            <productName>Door Sensor US</productName>
            <brandName>Vision</brandName>
            <productLine>Home Security</productLine>
            <productCode>01</productCode>
            <productVersion>01</productVersion>
            <batteryType>CR123A</batteryType>
            <batteryCount>1</batteryCount>
            </deviceDescription>

    <commandClasses>
        <commandClass id="0020" controlled="true"/>
        <commandClass id="0080"/>
        <commandClass id="0084" version="2"/>
        <commandClass id="0085" version="2"/>
        <commandClass id="0086"/>
        <commandClass id="0030"/>
        <commandClass id="0071"/>
        <commandClass id="0072"/>
      </commandClasses>
  
    <assocGroups>
        <assocGroup number="1" maxNodes="5">
            <description>
                <lang xml:lang="en">Opening the door/window to separate the magnet from the sensor will send the
status of &quot;ON&quot;(Basic Set,Value:0xFF) to any associated nodes</lang>
              </description>
          </assocGroup>
      </assocGroups>
  
  
    
  
    <resourceLinks>
     
    <deviceImage url="http://www.pepper1.net/zwavedb/uploads/resources/0e16f64b70d544114b0d73230a9765e7191792e9.jpg" />
      </resourceLinks>
    
  </ZWaveDevice>


