<?xml version="1.0" encoding="utf-8"?>
<ZWaveDevice xmlns="http://www.pepper1.net/zwavedb/xml-schemata/z-wave" schemaVersion="2">

  <descriptorVersion>1</descriptorVersion>

  <deviceData>
            <manufacturerId value="008a"/>
        <productType value="0004"/>
    <productId value="0100"/>
    <libType value="06"/>
    <protoVersion value="02"/>
    <protoSubVersion value="61"/>
    <appVersion value="00"/>
    <appSubVersion value="24"/>
        <basicClass value="04"/>
            <genericClass value="20"/>
            <specificClass value="00"/>
        <optional value="true"/>
    <listening value="false"/>
    <routing value="true"/>
        <beamSensor>0</beamSensor>
                    
      </deviceData>

  <deviceDescription>
                <description>
            <lang xml:lang="en">Door/Temperature Sensor</lang>
          </description>
            <wakeupNote>
            <lang xml:lang="en">Tamper Switch</lang>
          </wakeupNote>
            <inclusionNote>
            <lang xml:lang="en">Push Tamper and release after 3...8 sec.</lang>
          </inclusionNote>
            <productName>Door/Temperature Sensor</productName>
            <brandName>BeNext</brandName>
                <productCode>1182</productCode>
                <batteryType>AAA</batteryType>
            <batteryCount>2</batteryCount>
            </deviceDescription>

    <commandClasses>
        <commandClass id="0020"/>
        <commandClass id="0080"/>
        <commandClass id="0084"/>
        <commandClass id="0085"/>
        <commandClass id="0086"/>
        <commandClass id="0030"/>
        <commandClass id="0070"/>
        <commandClass id="0031"/>
        <commandClass id="0072"/>
        <commandClass id="0071"/>
      </commandClasses>
  
    <assocGroups>
        <assocGroup number="2" maxNodes="5">
            <description>
                <lang xml:lang="en">Tamper Switch sents out Alarm</lang>
              </description>
          </assocGroup>
        <assocGroup number="1" maxNodes="5">
            <description>
                <lang xml:lang="en">Door Sensor tripped sends out BASIC commands </lang>
              </description>
          </assocGroup>
      </assocGroups>
  
    <configParams>
        <configParam number="1" type="rangemapped" size="1" default="00">
            <name>
                <lang xml:lang="en">External Contact</lang>
              </name>
                  <description>
                <lang xml:lang="en">defines the behavior of the external contact</lang>
              </description>
      
                  <value from="00" to="00">
                <description>
                    <lang xml:lang="en">sends alarm report with type=2</lang>
                  </description>
              </value>
            <value from="01" to="7f">
                <description>
                    <lang xml:lang="en">sends a basic set to all nodes in groups 2</lang>
                  </description>
              </value>
                </configParam>
        <configParam number="5" type="range" size="1" default="00">
            <name>
                <lang xml:lang="en">Mode</lang>
              </name>
                  <description>
                <lang xml:lang="en">defines wakeup behavior </lang>
              </description>
      
                  <value from="01" to="01">
                <description>
                    <lang xml:lang="en">Normal</lang>
                  </description>
              </value>
            <value from="03" to="03">
                <description>
                    <lang xml:lang="en">always awake - will drain battery fast</lang>
                  </description>
              </value>
                </configParam>
        <configParam number="6" type="range" size="2" default="0000">
            <name>
                <lang xml:lang="en">Temperature Offset</lang>
              </name>
                  <description>
                <lang xml:lang="en">A offset for the temperature</lang>
              </description>
      
                  <value from="ff81" to="007f">
                <description>
                    <lang xml:lang="en">K</lang>
                  </description>
              </value>
                </configParam>
      </configParams>
  
    
  
    
  </ZWaveDevice>


