<?xml version="1.0" encoding="utf-8"?>
<ZWaveDevice xmlns="http://www.pepper1.net/zwavedb/xml-schemata/z-wave" schemaVersion="2">

  <descriptorVersion>1</descriptorVersion>

  <deviceData>
            <manufacturerId value="0001"/>
        <productType value="524d"/>
    <productId value="3330"/>
    <libType value="06"/>
    <protoVersion value="01"/>
    <protoSubVersion value="63"/>
    <appVersion value="01"/>
    <appSubVersion value="0a"/>
        <basicClass value="04"/>
            <genericClass value="10"/>
            <specificClass value="01"/>
        <optional value="false"/>
    <listening value="true"/>
    <routing value="true"/>
        <beamSensor>0</beamSensor>
            <rfFrequency>EU</rfFrequency>
                
      </deviceData>

  <deviceDescription>
                <description>
            <lang xml:lang="en">Wall Switch/Transmitter (2-gang)</lang>
            <lang xml:lang="ru">Реле для одной нагрузки с двумя кнопками-включателями</lang>
          </description>
            <wakeupNote>
            <lang xml:lang="en"></lang>
            <lang xml:lang="ru"></lang>
          </wakeupNote>
            <inclusionNote>
            <lang xml:lang="en">Left paddle press</lang>
            <lang xml:lang="ru">Нижатие левой клавиши</lang>
          </inclusionNote>
            <productName>ZRM230</productName>
            <brandName>ACT</brandName>
            <productLine>HomePro</productLine>
                            </deviceDescription>

    <commandClasses>
        <commandClass id="0020" controlled="true" inNIF="false"/>
        <commandClass id="0085"/>
        <commandClass id="0086"/>
        <commandClass id="0027"/>
        <commandClass id="0070"/>
        <commandClass id="0072"/>
        <commandClass id="0073"/>
        <commandClass id="0025"/>
      </commandClasses>
  
    <assocGroups>
        <assocGroup number="1" maxNodes="5">
            <description>
                <lang xml:lang="en">Left paddle</lang>
                <lang xml:lang="ru">Левая кнопка</lang>
              </description>
          </assocGroup>
        <assocGroup number="2" maxNodes="5">
            <description>
                <lang xml:lang="en">Right paddle</lang>
                <lang xml:lang="ru">Правая кнопка</lang>
              </description>
          </assocGroup>
        <assocGroup number="3" maxNodes="5">
            <description>
                <lang xml:lang="en">Right double click paddle</lang>
                <lang xml:lang="ru">Правая кнопка с двойным нажатием</lang>
              </description>
          </assocGroup>
        <assocGroup number="4" maxNodes="5">
            <description>
                <lang xml:lang="en">Group used to inform devices about the updates of status of the ZRM230 dimmer</lang>
                <lang xml:lang="ru">Группа для информирования других устройств об изменении статуса димера ZRM230</lang>
              </description>
          </assocGroup>
      </assocGroups>
  
    <configParams>
        <configParam number="1" type="rangemapped" size="1" default="01">
            <name>
                <lang xml:lang="en">Ignore start level</lang>
                <lang xml:lang="ru"></lang>
              </name>
                  <description>
                <lang xml:lang="en">Set ignore start level bit when transmitting dim commands. The ZDM230 can send Dim commands to Z-Wave enabled dimmers. The Dim command has a start level embedded in it. A dimmer receiving this command will start dimming from that start level. However, the command also has a bit that indicates whether the dimmer should ignore the start level. If the bit is set to 1, the dimmer will ignore the start level and instead start dimming from its current level. If this bit is set to 0, the dimmer will not ignore the start level.</lang>
                <lang xml:lang="ru"></lang>
              </description>
      
                  <value from="00" to="00">
                <description>
                    <lang xml:lang="en">No</lang>
                    <lang xml:lang="ru"></lang>
                  </description>
              </value>
            <value from="01" to="01">
                <description>
                    <lang xml:lang="en">Yes</lang>
                    <lang xml:lang="ru"></lang>
                  </description>
              </value>
                </configParam>
        <configParam number="2" type="rangemapped" size="1" default="00">
            <name>
                <lang xml:lang="en">Suspend group 4</lang>
                <lang xml:lang="ru"></lang>
              </name>
                  <description>
                <lang xml:lang="en">You may wish to disable transmitting commands to Z-Wave devices that are in Group 4 without “disassociating” those devices from the group. Setting this parameter to the value of 1 will stop the ZDM230 from transmitting to devices that are “associated” into Group 4. It is possible that you may only want the units in Group 4 to track when the dimmer is being turned ON and OFF and not when dimming.</lang>
                <lang xml:lang="ru"></lang>
              </description>
      
                  <value from="00" to="00">
                <description>
                    <lang xml:lang="en">No</lang>
                    <lang xml:lang="ru"></lang>
                  </description>
              </value>
            <value from="01" to="01">
                <description>
                    <lang xml:lang="en">Yes</lang>
                    <lang xml:lang="ru"></lang>
                  </description>
              </value>
                </configParam>
        <configParam number="3" type="rangemapped" size="1" default="00">
            <name>
                <lang xml:lang="en">Night light</lang>
                <lang xml:lang="ru"></lang>
              </name>
                  <description>
                <lang xml:lang="en">The LED on the ZDM230 will by default, turn ON when the load attached is turned ON. To make the LED turn ON when the load attached is turned OFF instead, set this parameter to a value of 1.</lang>
                <lang xml:lang="ru"></lang>
              </description>
      
                  <value from="00" to="00">
                <description>
                    <lang xml:lang="en">Off</lang>
                    <lang xml:lang="ru"></lang>
                  </description>
              </value>
            <value from="01" to="01">
                <description>
                    <lang xml:lang="en">On</lang>
                    <lang xml:lang="ru"></lang>
                  </description>
              </value>
                </configParam>
        <configParam number="4" type="rangemapped" size="1" default="00">
            <name>
                <lang xml:lang="en">Invert switch</lang>
                <lang xml:lang="ru"></lang>
              </name>
                  <description>
                <lang xml:lang="en">To change the top of the switch to OFF and the bottom of the switch to ON, set this parameter to 1. Note: If you invert the switches and also install the product upside down, remember the load will now be controlled by the right, not the left switch.</lang>
                <lang xml:lang="ru"></lang>
              </description>
      
                  <value from="00" to="00">
                <description>
                    <lang xml:lang="en">No</lang>
                    <lang xml:lang="ru"></lang>
                  </description>
              </value>
            <value from="01" to="01">
                <description>
                    <lang xml:lang="en">Yes</lang>
                    <lang xml:lang="ru"></lang>
                  </description>
              </value>
                </configParam>
        <configParam number="14" type="rangemapped" size="1" default="00">
            <name>
                <lang xml:lang="en">Enable Shade Control Group 2</lang>
                <lang xml:lang="ru"></lang>
              </name>
                  <description>
                <lang xml:lang="en">The ZDM230 can operate shade control devices via its group 2 if this configuration parameter is set to 1.</lang>
                <lang xml:lang="ru"></lang>
              </description>
      
                  <value from="00" to="00">
                <description>
                    <lang xml:lang="en">Off</lang>
                    <lang xml:lang="ru"></lang>
                  </description>
              </value>
            <value from="01" to="01">
                <description>
                    <lang xml:lang="en">On</lang>
                    <lang xml:lang="ru"></lang>
                  </description>
              </value>
                </configParam>
        <configParam number="15" type="rangemapped" size="1" default="00">
            <name>
                <lang xml:lang="en">Enable Shade Control Group 3</lang>
                <lang xml:lang="ru"></lang>
              </name>
                  <description>
                <lang xml:lang="en">The ZDM230 can operate shade control devices via its group 3 if this configuration parameter is set to 1.</lang>
                <lang xml:lang="ru"></lang>
              </description>
      
                  <value from="00" to="00">
                <description>
                    <lang xml:lang="en">Off</lang>
                    <lang xml:lang="ru"></lang>
                  </description>
              </value>
            <value from="01" to="01">
                <description>
                    <lang xml:lang="en">On</lang>
                    <lang xml:lang="ru"></lang>
                  </description>
              </value>
                </configParam>
        <configParam number="19" type="rangemapped" size="1" default="02">
            <name>
                <lang xml:lang="en">LED Transmission Indication</lang>
                <lang xml:lang="ru"></lang>
              </name>
                  <description>
                <lang xml:lang="en">The ZDM230 will flicker its LED when it is transmitting to any of its 4 groups. This flickering can be set to not flicker at all (set to 0), to flicker the entire time it is transmitting (set to 1), or to flicker for only 1 second when it begins transmitting (set to 2). By default, the ZDM230 is set to flicker for only 1 second.</lang>
                <lang xml:lang="ru"></lang>
              </description>
      
                  <value from="00" to="00">
                <description>
                    <lang xml:lang="en">Do not fliker</lang>
                    <lang xml:lang="ru"></lang>
                  </description>
              </value>
            <value from="01" to="01">
                <description>
                    <lang xml:lang="en">Fliker entire transmission time</lang>
                    <lang xml:lang="ru"></lang>
                  </description>
              </value>
            <value from="02" to="02">
                <description>
                    <lang xml:lang="en">Fliker for only 1 second after the transmission begins</lang>
                    <lang xml:lang="ru"></lang>
                  </description>
              </value>
                </configParam>
        <configParam number="20" type="range" size="1" default="02">
            <name>
                <lang xml:lang="en">Poll Group 2 Interval</lang>
                <lang xml:lang="ru"></lang>
              </name>
                  <description>
                <lang xml:lang="en">How often it will poll Group 2 is configured using this parameter. The default poll rate is 2. Note that the poll interval starts timing again upon successful transmission of the poll request. Also note that the polling interval is not “exact” and that you may see some slight drift occur. Also the poll interval is reset upon switch being pressed. In addition, on power up, the ZRM230 will randomly poll based upon it’s node ID within 2 minutes of power being applied.</lang>
                <lang xml:lang="ru"></lang>
              </description>
      
                  <value from="01" to="ff" unit="min">
                <description>
                    <lang xml:lang="en">Time in minutes</lang>
                    <lang xml:lang="ru"></lang>
                  </description>
              </value>
                </configParam>
        <configParam number="22" type="rangemapped" size="1" default="01">
            <name>
                <lang xml:lang="en">Poll Group 2</lang>
                <lang xml:lang="ru"></lang>
              </name>
                  <description>
                <lang xml:lang="en">The ZRM230 will poll the first node in Group 2 in order to keep itself synchronized with the group if this configuration parameter is set to Yes. How often it will poll is configured using Poll Group 2 Interval.</lang>
                <lang xml:lang="ru"></lang>
              </description>
      
                  <value from="00" to="00">
                <description>
                    <lang xml:lang="en">No</lang>
                    <lang xml:lang="ru"></lang>
                  </description>
              </value>
            <value from="01" to="01">
                <description>
                    <lang xml:lang="en">Yes</lang>
                    <lang xml:lang="ru"></lang>
                  </description>
              </value>
                </configParam>
      </configParams>
  
    
  
    <resourceLinks>
     
    <deviceImage url="http://www.pepper1.net/zwavedb/uploads/resources/af7c1977d3f2520ac56e55d6a29b87f2653b82d9.jpg" />
      </resourceLinks>
    
  </ZWaveDevice>


