<?xml version="1.0" encoding="utf-8"?>
<ZWaveDevice xmlns="http://www.pepper1.net/zwavedb/xml-schemata/z-wave" schemaVersion="2">

  <descriptorVersion>1</descriptorVersion>

  <deviceData>
            <manufacturerId value="0097"/>
        <productType value="0024"/>
    <productId value="0045"/>
    <libType value="03"/>
    <protoVersion value="03"/>
    <protoSubVersion value="22"/>
    <appVersion value="01"/>
    <appSubVersion value="00"/>
        <basicClass value="04"/>
            <genericClass value="11"/>
            <specificClass value="07"/>
        <optional value="true"/>
    <listening value="true"/>
    <routing value="true"/>
        <beamSensor>0</beamSensor>
            <rfFrequency>EU</rfFrequency>
                
      </deviceData>

  <deviceDescription>
                <description>
            <lang xml:lang="de">Jalousie EU</lang>
            <lang xml:lang="en">Blind control EU</lang>
            <lang xml:lang="ru">Устройство управление жалюзи</lang>
          </description>
            <wakeupNote>
            <lang xml:lang="de"></lang>
            <lang xml:lang="en"></lang>
            <lang xml:lang="ru"></lang>
          </wakeupNote>
            <inclusionNote>
            <lang xml:lang="de">Dreifach auf Schaltfläche</lang>
            <lang xml:lang="en">Button triple press</lang>
            <lang xml:lang="ru">Тройное нажатие на одну из кнопок</lang>
          </inclusionNote>
            <productName>iShutter</productName>
            <brandName>Wintop</brandName>
            <productLine>SwitchDIY</productLine>
                            </deviceDescription>

    <commandClasses>
        <commandClass id="0027"/>
        <commandClass id="008e" version="2"/>
        <commandClass id="0070"/>
        <commandClass id="0072"/>
        <commandClass id="0075"/>
        <commandClass id="0077"/>
        <commandClass id="0086"/>
        <commandClass id="0025"/>
        <commandClass id="0020"/>
        <commandClass id="0026" version="3" controlled="true"/>
        <commandClass id="0087"/>
        <commandClass id="0085" version="2"/>
        <commandClass id="0060" version="2" controlled="true" inNIF="false"/>
        <commandClass id="002b" controlled="true"/>
        <commandClass id="002c"/>
      </commandClasses>
  
    <assocGroups>
        <assocGroup number="1" maxNodes="10">
            <description>
                <lang xml:lang="de"></lang>
                <lang xml:lang="en">Click, press and hold of up/down buttons</lang>
                <lang xml:lang="ru">Нажатие или удержание клавиш вверх/вниз</lang>
              </description>
          </assocGroup>
        <assocGroup number="2" maxNodes="10">
            <description>
                <lang xml:lang="de"></lang>
                <lang xml:lang="en">Send Reports on blind state change</lang>
                <lang xml:lang="ru">Отправлять отчёты при изменение уровня открытия</lang>
              </description>
          </assocGroup>
      </assocGroups>
  
    <configParams>
        <configParam number="1" type="rangemapped" size="1" default="00">
            <name>
                <lang xml:lang="de"></lang>
                <lang xml:lang="en">Buttons mode</lang>
                <lang xml:lang="ru">Режим кнопок</lang>
              </name>
                  <description>
                <lang xml:lang="de"></lang>
                <lang xml:lang="en">One push button: One button is used (chose any), press while moving up and down stops, while stopped moves to opposite direction to previous.

//

Two buttons with neutral position: Up click moves up if stopped and stops if moving down, Down click moves down if stopped and stops if moving up, Hold Up/Down moves in up/down, Release stops.

//

Two toggle switch: Switch to Up/Down moves up/down.

//

Two paddles with Power and Direction: Hold Up button to move blinds up. If Down button is pressed, blinds will move down. Release Up button to stop.

//

Two paddles with Power and Direction toggle: Hold Up button to move blinds up. Down button toggle between up and down motion.</lang>
                <lang xml:lang="ru"></lang>
              </description>
      
                  <value from="00" to="00">
                <description>
                    <lang xml:lang="de"></lang>
                    <lang xml:lang="en">One push button</lang>
                    <lang xml:lang="ru"></lang>
                  </description>
              </value>
            <value from="01" to="01">
                <description>
                    <lang xml:lang="de"></lang>
                    <lang xml:lang="en">Two paddles with Power and Direction</lang>
                    <lang xml:lang="ru"></lang>
                  </description>
              </value>
            <value from="02" to="02">
                <description>
                    <lang xml:lang="de"></lang>
                    <lang xml:lang="en">Two toggle switch

</lang>
                    <lang xml:lang="ru"></lang>
                  </description>
              </value>
            <value from="03" to="03">
                <description>
                    <lang xml:lang="de"></lang>
                    <lang xml:lang="en">Two buttons with neutral position</lang>
                    <lang xml:lang="ru"></lang>
                  </description>
              </value>
            <value from="04" to="04">
                <description>
                    <lang xml:lang="de"></lang>
                    <lang xml:lang="en">Two paddles with Power and Direction toggle</lang>
                    <lang xml:lang="ru"></lang>
                  </description>
              </value>
                </configParam>
        <configParam number="7" type="rangemapped" size="1" default="01">
            <name>
                <lang xml:lang="de"></lang>
                <lang xml:lang="en">LED mode</lang>
                <lang xml:lang="ru">Режим световой индикации</lang>
              </name>
                  <description>
                <lang xml:lang="de"></lang>
                <lang xml:lang="en">Set LED indication mode</lang>
                <lang xml:lang="ru">Режим работы светодиода</lang>
              </description>
      
                  <value from="00" to="00">
                <description>
                    <lang xml:lang="de"></lang>
                    <lang xml:lang="en">Disabled</lang>
                    <lang xml:lang="ru">Отключен</lang>
                  </description>
              </value>
            <value from="01" to="01">
                <description>
                    <lang xml:lang="de"></lang>
                    <lang xml:lang="en">Show working state</lang>
                    <lang xml:lang="ru">Индикация состояния работы</lang>
                  </description>
              </value>
            <value from="02" to="02">
                <description>
                    <lang xml:lang="de"></lang>
                    <lang xml:lang="en">Always on</lang>
                    <lang xml:lang="ru">Всегда влючен</lang>
                  </description>
              </value>
            <value from="03" to="03">
                <description>
                    <lang xml:lang="de"></lang>
                    <lang xml:lang="en">Show opened state</lang>
                    <lang xml:lang="ru">Индикация открытого состояния</lang>
                  </description>
              </value>
            <value from="04" to="04">
                <description>
                    <lang xml:lang="de"></lang>
                    <lang xml:lang="en">Indicator Command Class</lang>
                    <lang xml:lang="ru">Управляется Indicator Command Class</lang>
                  </description>
              </value>
                </configParam>
        <configParam number="2" type="range" size="2" default="0000">
            <name>
                <lang xml:lang="de"></lang>
                <lang xml:lang="en">Automatically close after</lang>
                <lang xml:lang="ru">Авто закрытие через</lang>
              </name>
                  <description>
                <lang xml:lang="de"></lang>
                <lang xml:lang="en">If not zero, automatically close blind after a user defined time</lang>
                <lang xml:lang="ru">Если не 0, автоматически закрывает жалюзи после определённого пользователем времени</lang>
              </description>
      
                  <value from="0000" to="0000">
                <description>
                    <lang xml:lang="de"></lang>
                    <lang xml:lang="en">Disabled</lang>
                    <lang xml:lang="ru">Отключено</lang>
                  </description>
              </value>
            <value from="0001" to="ffff">
                <description>
                    <lang xml:lang="de"></lang>
                    <lang xml:lang="en">sec</lang>
                    <lang xml:lang="ru">секунд</lang>
                  </description>
              </value>
                </configParam>
        <configParam number="3" type="rangemapped" size="1" default="00">
            <name>
                <lang xml:lang="de"></lang>
                <lang xml:lang="en">What to do on RF close command</lang>
                <lang xml:lang="ru">Что делать при получении радиокоманды закрытия</lang>
              </name>
                  <description>
                <lang xml:lang="de"></lang>
                <lang xml:lang="en">Defines how to interpret RF Off command. Can be used in conjunction with Auto Close function: Ignore - to open the door by motion detectors and close it back after some amount of time: in case of multiple motion detectors each would try to open that would break logics; Open - to open on both On and Off paddle press on the remote and close after some amount of time. Button close click will still work (if button operations are not disabled). Note that Dim Down command will still begin close motion.</lang>
                <lang xml:lang="ru">Определяет поведение при получении радио команды выключения. Может использоваться совместно с функцией авто закрытия: Игнорирование - для открытия двери по детектору движения и закрытия по прошествии определённого времени: в случае использования нескольких детекторов движения каждый будет пытаться открыть дверь сам, что приведёт к неправильной логике работы; Открывать - для открытия при нажатии на кнопки Вкл и Выкл на пульте управления и закрытия по прошествии определённого времени. Закрытие по кнопке будет продолжать работать (если не отключено). Обратите внимение, что команда Димировать Вниз в любом случае будет включать закрытие.</lang>
              </description>
      
                  <value from="00" to="00">
                <description>
                    <lang xml:lang="de"></lang>
                    <lang xml:lang="en">Close</lang>
                    <lang xml:lang="ru">Закрыть</lang>
                  </description>
              </value>
            <value from="01" to="01">
                <description>
                    <lang xml:lang="de"></lang>
                    <lang xml:lang="en">Ignore</lang>
                    <lang xml:lang="ru">Игнорировать</lang>
                  </description>
              </value>
            <value from="02" to="02">
                <description>
                    <lang xml:lang="de"></lang>
                    <lang xml:lang="en">Open</lang>
                    <lang xml:lang="ru">Открыть</lang>
                  </description>
              </value>
            <value from="03" to="03">
                <description>
                    <lang xml:lang="de"></lang>
                    <lang xml:lang="en">Open if closed, otherwise Close</lang>
                    <lang xml:lang="ru">Открыть если закрыто, иначе закрыть</lang>
                  </description>
              </value>
                </configParam>
        <configParam number="10" type="range" size="1" default="3c">
            <name>
                <lang xml:lang="de"></lang>
                <lang xml:lang="en">Full close time</lang>
                <lang xml:lang="ru">Время полного закрытия</lang>
              </name>
                  <description>
                <lang xml:lang="de"></lang>
                <lang xml:lang="en">Time to go from opened to closed state. Used to estimate the current level. Note that in Permanent motion mode the reported value would a be Closed or Opened, while all Basic and Multilevel Set values (1-99, 255) would Open except 0 value that would Close.</lang>
                <lang xml:lang="ru">Время, необходимое для полного закрытия из открытого состояния. Используется для оценки текущего положения. Обратите внимание, в режиме Держать включеным возвращаемые отчёты будут всегда или Закрыто или Открыто, тогда как все значения команд Basic и Multilevel Set (1-99, 255) будут работать на Открытия, кроме команды 0, которая будет Закрывать.</lang>
              </description>
      
                  <value from="00" to="00">
                <description>
                    <lang xml:lang="de"></lang>
                    <lang xml:lang="en">Keep in permanent motion</lang>
                    <lang xml:lang="ru">Постоянно держать включеным</lang>
                  </description>
              </value>
            <value from="01" to="ff">
                <description>
                    <lang xml:lang="de"></lang>
                    <lang xml:lang="en">seconds</lang>
                    <lang xml:lang="ru">секунд</lang>
                  </description>
              </value>
                </configParam>
        <configParam number="11" type="range" size="1" default="3c">
            <name>
                <lang xml:lang="de"></lang>
                <lang xml:lang="en">Full open time</lang>
                <lang xml:lang="ru">Время полного открытия</lang>
              </name>
                  <description>
                <lang xml:lang="de"></lang>
                <lang xml:lang="en">Time to go from closed to open state. This value may differ from Full close time for some blinds due to gravity. Used to estimate the current level. Note that in Permanent motion mode the reported value would a be Closed or Opened, while all Basic and Multilevel Set values (1-99, 255) would Open except 0 value that would Close.</lang>
                <lang xml:lang="ru">Время, необходимое для полного открытия из закрытого состояния. Это значение может отличаться от значения Времени полного закрытия из-за воздействия силы гравитации. Используется для оценки текущего положения. Обратите внимание, в режиме Держать включеным возвращаемые отчёты будут всегда или Закрыто или Открыто, тогда как все значения команд Basic и Multilevel Set (1-99, 255) будут работать на Открытия, кроме команды 0, которая будет Закрывать.</lang>
              </description>
      
                  <value from="00" to="00">
                <description>
                    <lang xml:lang="de"></lang>
                    <lang xml:lang="en">Keep in permanent motion</lang>
                    <lang xml:lang="ru">Постоянно держать включеным</lang>
                  </description>
              </value>
            <value from="01" to="ff">
                <description>
                    <lang xml:lang="de"></lang>
                    <lang xml:lang="en">seconds</lang>
                    <lang xml:lang="ru">секунд</lang>
                  </description>
              </value>
                </configParam>
        <configParam number="12" type="range" size="1" default="00">
            <name>
                <lang xml:lang="de"></lang>
                <lang xml:lang="en">Node Id of the blocking device</lang>
                <lang xml:lang="ru">Идентификатор блокирующего узла</lang>
              </name>
                  <description>
                <lang xml:lang="de"></lang>
                <lang xml:lang="en">Id of the device which commands would be interpreted not as Open/Close, but as block/unblock. Usefull with door opening detector: if the door is open, block the blind not to break shades while they move.</lang>
                <lang xml:lang="ru">Номер утройства, команды BASIC и BINARY Set которого будут использоваться не для открытия/закрытия, а для включение/выключения защиты, предотвращающей открытие/закрытие. Данная функция полезна в сочетании с датчиком открытия двери: при открытии двери жалюзи будут заблокированны, чтобы случайно не сламать шторки.</lang>
              </description>
      
                  <value from="00" to="00">
                <description>
                    <lang xml:lang="de"></lang>
                    <lang xml:lang="en">Disabled</lang>
                    <lang xml:lang="ru">Отключено</lang>
                  </description>
              </value>
            <value from="01" to="e8">
                <description>
                    <lang xml:lang="de"></lang>
                    <lang xml:lang="en">Node Id</lang>
                    <lang xml:lang="ru">Номер узла</lang>
                  </description>
              </value>
                </configParam>
        <configParam number="13" type="rangemapped" size="1" default="00">
            <name>
                <lang xml:lang="de"></lang>
                <lang xml:lang="en">On which command from blocking node to enable the protection</lang>
                <lang xml:lang="ru">По какой команде от блокирующего узла включать защиту</lang>
              </name>
                  <description>
                <lang xml:lang="de"></lang>
                <lang xml:lang="en">Defines which command from blocking device to interpret as closed door and hence, unprotected.</lang>
                <lang xml:lang="ru">Считать команду Выключить от блокирующего узла оповещающей о закрытии двери, и снимать защиту. Определяет по какой команде от блокирующего узла включать блокировку управления.</lang>
              </description>
      
                  <value from="00" to="00">
                <description>
                    <lang xml:lang="de"></lang>
                    <lang xml:lang="en">on On</lang>
                    <lang xml:lang="ru">по команде Включения</lang>
                  </description>
              </value>
            <value from="01" to="01">
                <description>
                    <lang xml:lang="de"></lang>
                    <lang xml:lang="en">on Off</lang>
                    <lang xml:lang="ru">по команде Выключения</lang>
                  </description>
              </value>
                </configParam>
        <configParam number="14" type="rangemapped" size="1" default="00">
            <name>
                <lang xml:lang="de"></lang>
                <lang xml:lang="en">Invert open and close relays</lang>
                <lang xml:lang="ru">Поменять местами реле открытия и зкарытия</lang>
              </name>
                  <description>
                <lang xml:lang="de"></lang>
                <lang xml:lang="en">Allow exchanging open and close relays if blind control is wired to the motor incorrectly</lang>
                <lang xml:lang="ru">Позволяет поменять местами реле закрытия и открытия, если управление жалюзи подключено к мотору неверным образом</lang>
              </description>
      
                  <value from="00" to="00">
                <description>
                    <lang xml:lang="de"></lang>
                    <lang xml:lang="en">No</lang>
                    <lang xml:lang="ru">Нет</lang>
                  </description>
              </value>
            <value from="01" to="01">
                <description>
                    <lang xml:lang="de"></lang>
                    <lang xml:lang="en">Yes</lang>
                    <lang xml:lang="ru">Да</lang>
                  </description>
              </value>
                </configParam>
        <configParam number="4" type="range" size="1" default="32">
            <name>
                <lang xml:lang="de"></lang>
                <lang xml:lang="en">Typical click timeout</lang>
                <lang xml:lang="ru">Характерное время нажатия</lang>
              </name>
                  <description>
                <lang xml:lang="de"></lang>
                <lang xml:lang="en">Typical time used to differentiate click, hold, double and triple clicks</lang>
                <lang xml:lang="ru">Харакерное время для отличия нажатия, удержания, двойного и тройного нажатий</lang>
              </description>
      
                  <value from="01" to="64">
                <description>
                    <lang xml:lang="de"></lang>
                    <lang xml:lang="en">in 10ms units</lang>
                    <lang xml:lang="ru">в единицах 10мс</lang>
                  </description>
              </value>
                </configParam>
        <configParam number="5" type="rangemapped" size="1" default="00">
            <name>
                <lang xml:lang="de"></lang>
                <lang xml:lang="en">Invert buttons</lang>
                <lang xml:lang="ru">Инвертировать кнопки</lang>
              </name>
                  <description>
                <lang xml:lang="de"></lang>
                <lang xml:lang="en"></lang>
                <lang xml:lang="ru"></lang>
              </description>
      
                  <value from="00" to="00">
                <description>
                    <lang xml:lang="de"></lang>
                    <lang xml:lang="en">No</lang>
                    <lang xml:lang="ru">Нет</lang>
                  </description>
              </value>
            <value from="01" to="01">
                <description>
                    <lang xml:lang="de"></lang>
                    <lang xml:lang="en">Yes</lang>
                    <lang xml:lang="ru">Да</lang>
                  </description>
              </value>
                </configParam>
        <configParam number="6" type="rangemapped" size="1" default="01">
            <name>
                <lang xml:lang="de"></lang>
                <lang xml:lang="en">Action on button press or hold</lang>
                <lang xml:lang="ru">Действия при нажатии или удержании клавиши</lang>
              </name>
                  <description>
                <lang xml:lang="de"></lang>
                <lang xml:lang="en">Defines which command should be sent to Association group on button press or hold. Scene mode will send 1 for Up event, 2 for Stop, 3 for Down.</lang>
                <lang xml:lang="ru">Определяет вид команд, которые отправляются группе ассоциаций при нажатии или удержании кнопок. В режиме сцен будет отправляться 1 для события Вверх, 2 для Остановки, 3 для Вниз.</lang>
              </description>
      
                  <value from="01" to="01">
                <description>
                    <lang xml:lang="de"></lang>
                    <lang xml:lang="en">Switch On, Off and dim using Basic Set and MultiLevel Start/Stop Changing</lang>
                    <lang xml:lang="ru">Включение, выключение и диммирование с помощью Basic Set и MultiLevel Start/Stop Changing</lang>
                  </description>
              </value>
            <value from="02" to="02">
                <description>
                    <lang xml:lang="de"></lang>
                    <lang xml:lang="en">Send Scene</lang>
                    <lang xml:lang="ru">Отправлять сцены</lang>
                  </description>
              </value>
                </configParam>
      </configParams>
  
    
  
    <resourceLinks>
     
    <deviceImage url="http://www.pepper1.net/zwavedb/uploads/resources/f043fcc41af4d9cd4419421f5cb95bca0f37a9f4.jpg" />
      </resourceLinks>
    
  </ZWaveDevice>


