<?xml version="1.0" encoding="utf-8"?>
<ZWaveDevice xmlns="http://www.pepper1.net/zwavedb/xml-schemata/z-wave" schemaVersion="2">

  <descriptorVersion>1</descriptorVersion>

  <deviceData>
            <manufacturerId value="0109"/>
        <productType value="2006"/>
    <productId value="0610"/>
    <libType value="03"/>
    <protoVersion value="02"/>
    <protoSubVersion value="61"/>
    <appVersion value="03"/>
    <appSubVersion value="0f"/>
        <basicClass value="04"/>
            <genericClass value="40"/>
            <specificClass value="03"/>
        <optional value="false"/>
    <listening value="false"/>
    <routing value="true"/>
        <beamSensor>1000</beamSensor>
            <rfFrequency>EU</rfFrequency>
                
      </deviceData>

  <deviceDescription>
                <description>
            <lang xml:lang="en">Wireless Electronic Deadbolt Door Lock</lang>
          </description>
            <wakeupNote>
            <lang xml:lang="en"></lang>
          </wakeupNote>
            <inclusionNote>
            <lang xml:lang="en">Press Keypads 8 8 8 and manually turn the door lock from inside, user shall hear one long beep sound.</lang>
          </inclusionNote>
            <productName>ZM1701</productName>
            <brandName>Vision Security</brandName>
                        <batteryType>AA</batteryType>
            <batteryCount>4</batteryCount>
            </deviceDescription>

    <commandClasses>
        <commandClass id="0020" inNIF="false"/>
        <commandClass id="0080"/>
        <commandClass id="0062" inNIF="false"/>
        <commandClass id="0086"/>
        <commandClass id="0072"/>
        <commandClass id="0076" controlled="true" inNIF="false"/>
        <commandClass id="0098"/>
      </commandClasses>
  
  
  
    
  
    <resourceLinks>
      </resourceLinks>
    
  </ZWaveDevice>


