<?xml version="1.0" encoding="utf-8"?>
<ZWaveDevice xmlns="http://www.pepper1.net/zwavedb/xml-schemata/z-wave" schemaVersion="2">

  <descriptorVersion>1</descriptorVersion>

  <deviceData>
            <manufacturerId value="0002"/>
        <productType value="8004"/>
    <productId value="2020"/>
    <libType value="01"/>
    <protoVersion value="02"/>
    <protoSubVersion value="43"/>
    <appVersion value="06"/>
    <appSubVersion value="00"/>
        <basicClass value="02"/>
            <genericClass value="10"/>
            <specificClass value="00"/>
        <optional value="true"/>
    <listening value="true"/>
    <routing value="true"/>
        <beamSensor>0</beamSensor>
            <rfFrequency>EU</rfFrequency>
            <certId>14181</certId>
            <certNumber>ZC08-11070001</certNumber>
        
      </deviceData>

  <deviceDescription>
                <description>
            <lang xml:lang="en">Radio-Frequency Receiver (1-Channel)</lang>
          </description>
            <wakeupNote>
            <lang xml:lang="en"></lang>
          </wakeupNote>
            <inclusionNote>
            <lang xml:lang="en">Press left button (LED turns red), press and hold both buttons until the red led flashes, after a sucessful inclusion the button returns on red state</lang>
          </inclusionNote>
            <productName>RZ1-HP (Single Channel RF Relay Switching Unit)</productName>
            <brandName>RZ1</brandName>
            <productLine>Z-Wave products</productLine>
            <productCode>087N610700</productCode>
            <productVersion>N/A</productVersion>
                    </deviceDescription>

    <commandClasses>
        <commandClass id="0020" inNIF="false"/>
        <commandClass id="0060" version="2"/>
        <commandClass id="0043"/>
        <commandClass id="0025"/>
        <commandClass id="0086"/>
        <commandClass id="008f" controlled="true"/>
        <commandClass id="0091"/>
        <commandClass id="0072"/>
        <commandClass id="0075" version="2"/>
        <commandClass id="0085" controlled="true"/>
        <commandClass id="008e" version="2" controlled="true"/>
        <commandClass id="0084" version="2" controlled="true"/>
      </commandClasses>
  
  
  
    <endpoints>
           <endpoint number="1">
            <name>
                <lang xml:lang="en">Relay Controlling</lang>
              </name>
                  <description>
                <lang xml:lang="en">Switching on and off, protection from overriding and controlling by another device</lang>
              </description>
                  <genericClass value="10"/>
                  <specificClass value="00"/>
                  <commandClass id="0020"/>
            <commandClass id="0043"/>
            <commandClass id="0025"/>
            <commandClass id="0075" version="2"/>
          </endpoint>
      </endpoints>
    
  
    <resourceLinks>
     
    <deviceImage url="http://www.pepper1.net/zwavedb/uploads/resources/624ad06eea82b1632fe78531d7273a11da4768f7.jpg" />
      </resourceLinks>
    
  </ZWaveDevice>


