<?xml version="1.0" encoding="utf-8"?>
<ZWaveDevice xmlns="http://www.pepper1.net/zwavedb/xml-schemata/z-wave" schemaVersion="2">

  <descriptorVersion>1</descriptorVersion>

  <deviceData>
            <manufacturerId value="5254"/>
        <productType value="8201"/>
    <productId value="0200"/>
    <libType value="04"/>
    <protoVersion value="02"/>
    <protoSubVersion value="4e"/>
    <appVersion value="00"/>
    <appSubVersion value="06"/>
        <basicClass value="03"/>
            <genericClass value="11"/>
            <specificClass value="01"/>
        <optional value="true"/>
    <listening value="true"/>
    <routing value="true"/>
        <beamSensor>0</beamSensor>
            <rfFrequency>EU</rfFrequency>
            <certId>14394</certId>
            <certNumber>ZC08-11090005</certNumber>
        
      </deviceData>

  <deviceDescription>
                <description>
            <lang xml:lang="en">Z-Wave SA Plug-in Switch/Dimmer</lang>
          </description>
            <wakeupNote>
            <lang xml:lang="en"></lang>
          </wakeupNote>
            <inclusionNote>
            <lang xml:lang="en">Tap the button.</lang>
          </inclusionNote>
            <productName>Dimming Switch Module</productName>
            <brandName>Remotec</brandName>
                <productCode>ZDM-80SA</productCode>
            <productVersion>1.0</productVersion>
                    </deviceDescription>

    <commandClasses>
        <commandClass id="0020"/>
        <commandClass id="0000"/>
        <commandClass id="0086"/>
        <commandClass id="0026" version="2"/>
        <commandClass id="0027"/>
        <commandClass id="0072"/>
        <commandClass id="0073"/>
        <commandClass id="0025" inNIF="false"/>
      </commandClasses>
  
  
  
    
  
    <resourceLinks>
     
    <deviceImage url="http://www.pepper1.net/zwavedb/uploads/resources/1ec597f6f9da84bdbc3bd2bbff2385e088c15f57.jpg" />
      </resourceLinks>
    
  </ZWaveDevice>


