<?xml version="1.0" encoding="utf-8"?>
<ZWaveDevice xmlns="http://www.pepper1.net/zwavedb/xml-schemata/z-wave" schemaVersion="2">

  <descriptorVersion>1</descriptorVersion>

  <deviceData>
            <manufacturerId value="0084"/>
        <productType value="0021"/>
    <productId value="0109"/>
    <libType value="06"/>
    <protoVersion value="02"/>
    <protoSubVersion value="61"/>
    <appVersion value="01"/>
    <appSubVersion value="09"/>
        <basicClass value="04"/>
            <genericClass value="21"/>
            <specificClass value="01"/>
        <optional value="true"/>
    <listening value="false"/>
    <routing value="true"/>
        <beamSensor>0</beamSensor>
            <rfFrequency>EU</rfFrequency>
            <certId>14077</certId>
            <certNumber>ZC08-11030006</certNumber>
        
      </deviceData>

  <deviceDescription>
                <description>
            <lang xml:lang="en">WWA-02 Wireless Water &amp; Temperature Alarm - EU</lang>
          </description>
            <wakeupNote>
            <lang xml:lang="en">Tap the button at the back side</lang>
          </wakeupNote>
            <inclusionNote>
            <lang xml:lang="en">Tap the button at the back side</lang>
          </inclusionNote>
            <productName>WWA-02 Wireless Water &amp; Temperature Alarm - EU</productName>
            <brandName>Fortrezz</brandName>
            <productLine>Sensors</productLine>
            <productCode>WWA-02</productCode>
            <productVersion>EU</productVersion>
            <batteryType>CR2</batteryType>
            <batteryCount>1</batteryCount>
            </deviceDescription>

    <commandClasses>
        <commandClass id="0020" controlled="true" inNIF="false"/>
        <commandClass id="0080"/>
        <commandClass id="0084" version="2"/>
        <commandClass id="0085"/>
        <commandClass id="0086"/>
        <commandClass id="0031"/>
        <commandClass id="0070"/>
        <commandClass id="0071" version="2"/>
        <commandClass id="0072"/>
      </commandClasses>
  
    <assocGroups>
        <assocGroup number="3" maxNodes="5">
            <description>
                <lang xml:lang="en">A Basic Set Command is sent to the associated nodes, if any, assigned to Group3 to indicate that a Temperature Alarm (over or under temperature) is active. When the temperature alarm is cleared due to temperature change, one additional report with value = 0x00 is sent. </lang>
              </description>
          </assocGroup>
        <assocGroup number="2" maxNodes="5">
            <description>
                <lang xml:lang="en">A Basic Set Command with value = 0xFF is sent to the associated nodes, if any, assigned to Group2 to indicate that a Water Alarm is active. When the water alarm is cleared by drying the contacts, one additional report with value = 0x00 is sent. </lang>
              </description>
          </assocGroup>
        <assocGroup number="1" maxNodes="5">
            <description>
                <lang xml:lang="en">A Basic Set Command is sent to the associated nodes, if any, assigned to Group1 to indicate that a Water Alarm OR Heat Alarm (under or over temperature) is active.</lang>
              </description>
          </assocGroup>
      </assocGroups>
  
    <configParams>
        <configParam number="1" type="range" size="1" default="04">
            <name>
                <lang xml:lang="en">Low Temperature Trigger Point</lang>
              </name>
                  <description>
                <lang xml:lang="en"></lang>
              </description>
      
                  <value from="f6" to="7f" unit="degrees">
                <description>
                    <lang xml:lang="en"></lang>
                  </description>
              </value>
                </configParam>
        <configParam number="2" type="range" size="1" default="46">
            <name>
                <lang xml:lang="en">High Temperature Trigger Point</lang>
              </name>
                  <description>
                <lang xml:lang="en"></lang>
              </description>
      
                  <value from="80" to="46" unit="degrees">
                <description>
                    <lang xml:lang="en"></lang>
                  </description>
              </value>
                </configParam>
      </configParams>
  
    
  
    <resourceLinks>
     
    <deviceImage url="http://www.pepper1.net/zwavedb/uploads/resources/d4b547be9f345b6a8c4223f8066eaaf7b0b77833.jpg" />
      </resourceLinks>
    
  </ZWaveDevice>


