<?xml version="1.0" encoding="utf-8"?>
<ZWaveDevice xmlns="http://www.pepper1.net/zwavedb/xml-schemata/z-wave" schemaVersion="2">

  <descriptorVersion>1</descriptorVersion>

  <deviceData>
            <manufacturerId value="0056"/>
        <productType value="0001"/>
    <productId value="0001"/>
    <libType value="04"/>
    <protoVersion value="04"/>
    <protoSubVersion value="0a"/>
    <appVersion value="01"/>
    <appSubVersion value="00"/>
        <basicClass value="02"/>
            <genericClass value="02"/>
            <specificClass value="00"/>
        <optional value="true"/>
    <listening value="true"/>
    <routing value="false"/>
        <beamSensor>0</beamSensor>
            <rfFrequency>EU</rfFrequency>
            <certId>ZC08-11110002</certId>
            <certNumber>14412</certNumber>
        
      </deviceData>

  <deviceDescription>
                <description>
            <lang xml:lang="en">E-Domotica Controller</lang>
          </description>
            <wakeupNote>
            <lang xml:lang="en"></lang>
          </wakeupNote>
            <inclusionNote>
            <lang xml:lang="en">Press &quot;Learn Mode&quot; at the Config web interface (add /config/ to the ip adress)</lang>
          </inclusionNote>
            <productName>E-Centre 2</productName>
            <brandName>Eminent</brandName>
            <productLine>E-Domotica</productLine>
            <productCode>EM6505</productCode>
            <productVersion>2.0</productVersion>
                    </deviceDescription>

    <commandClasses>
        <commandClass id="0020" controlled="true" inNIF="false"/>
        <commandClass id="0021"/>
        <commandClass id="0072" controlled="true"/>
        <commandClass id="0026" controlled="true"/>
        <commandClass id="0086" controlled="true"/>
        <commandClass id="0071" controlled="true"/>
        <commandClass id="009c" controlled="true"/>
        <commandClass id="0085" controlled="true"/>
        <commandClass id="0080" controlled="true"/>
        <commandClass id="0030" controlled="true"/>
        <commandClass id="0025" controlled="true"/>
        <commandClass id="0070" controlled="true"/>
        <commandClass id="0084" controlled="true"/>
      </commandClasses>
  
  
  
    
  
    <resourceLinks>
     
    <deviceImage url="http://www.pepper1.net/zwavedb/uploads/resources/fd22adfcaacd93d459a098cea12b36beeec5b195.jpg" />
      </resourceLinks>
    
  </ZWaveDevice>


