<?xml version="1.0" encoding="utf-8"?>
<ZWaveDevice xmlns="http://www.pepper1.net/zwavedb/xml-schemata/z-wave" schemaVersion="2">

  <descriptorVersion>1</descriptorVersion>

  <deviceData>
            <manufacturerId value="0095"/>
        <productType value="3103"/>
    <productId value="0001"/>
    <libType value="03"/>
    <protoVersion value="03"/>
    <protoSubVersion value="14"/>
    <appVersion value="00"/>
    <appSubVersion value="00"/>
        <basicClass value="04"/>
            <genericClass value="11"/>
            <specificClass value="01"/>
        <optional value="true"/>
    <listening value="true"/>
    <routing value="true"/>
        <beamSensor>0</beamSensor>
            <rfFrequency>EU</rfFrequency>
            <certId>14603</certId>
            <certNumber>ZC08-12020003</certNumber>
        
      </deviceData>

  <deviceDescription>
                <description>
            <lang xml:lang="en">Plug-in Socket Dimmer EU</lang>
          </description>
            <wakeupNote>
            <lang xml:lang="en"></lang>
          </wakeupNote>
            <inclusionNote>
            <lang xml:lang="en">Press any button three times fast (triple press). </lang>
          </inclusionNote>
            <productName>QEES Plug-in Socket Dimmer</productName>
            <brandName>QEES</brandName>
            <productLine>QEES Retrofit Series</productLine>
            <productCode>313-B(KFBGLE)(WB)-A1</productCode>
            <productVersion>1.0</productVersion>
                    </deviceDescription>

    <commandClasses>
        <commandClass id="0020" controlled="true"/>
        <commandClass id="0085" version="2"/>
        <commandClass id="0026" version="2" controlled="true"/>
        <commandClass id="0027"/>
        <commandClass id="0072"/>
        <commandClass id="0032" version="3"/>
        <commandClass id="0086"/>
        <commandClass id="0025" inNIF="false"/>
      </commandClasses>
  
    <assocGroups>
        <assocGroup number="1" maxNodes="232">
            <description>
                <lang xml:lang="en">Switch Group</lang>
              </description>
          </assocGroup>
      </assocGroups>
  
  
    
  
    <resourceLinks>
     
    <deviceImage url="http://www.pepper1.net/zwavedb/uploads/resources/b27471a7bb8db59b1048f224886c3a737a1a4691.jpg" />
      </resourceLinks>
    
  </ZWaveDevice>


