<?xml version="1.0" encoding="utf-8"?>
<ZWaveDevice xmlns="http://www.pepper1.net/zwavedb/xml-schemata/z-wave" schemaVersion="2">

  <descriptorVersion>1</descriptorVersion>

  <deviceData>
            <manufacturerId value="0064"/>
        <productType value="2001"/>
    <productId value="0000"/>
    <libType value="01"/>
    <protoVersion value="02"/>
    <protoSubVersion value="40"/>
    <appVersion value="01"/>
    <appSubVersion value="00"/>
        <basicClass value="04"/>
            <genericClass value="10"/>
            <specificClass value="01"/>
        <optional value="true"/>
    <listening value="true"/>
    <routing value="true"/>
        <beamSensor>0</beamSensor>
                    
      </deviceData>

  <deviceDescription>
                <description>
            <lang xml:lang="de">Wandschalter</lang>
            <lang xml:lang="en">One paddle wall switch</lang>
            <lang xml:lang="ru">Радиореле с одной кнопкой</lang>
          </description>
            <wakeupNote>
            <lang xml:lang="de"></lang>
            <lang xml:lang="en"></lang>
            <lang xml:lang="ru"></lang>
          </wakeupNote>
            <inclusionNote>
            <lang xml:lang="de">Dreifach auf Schaltfläche</lang>
            <lang xml:lang="en">Button triple press</lang>
            <lang xml:lang="ru">Тройное нажатие на одну из кнопок</lang>
          </inclusionNote>
            <productName>Insert switch</productName>
            <brandName>Düwi</brandName>
            <productLine>Interact3</productLine>
            <productCode>054313</productCode>
                        </deviceDescription>

    <commandClasses>
        <commandClass id="0020" controlled="true" inNIF="false"/>
        <commandClass id="0082"/>
        <commandClass id="0025"/>
        <commandClass id="0086"/>
        <commandClass id="0027"/>
        <commandClass id="0087"/>
        <commandClass id="0072"/>
        <commandClass id="0075"/>
        <commandClass id="0085"/>
      </commandClasses>
  
    <assocGroups>
        <assocGroup number="1" maxNodes="5">
            <description>
                <lang xml:lang="de">An/Aus Gruppe</lang>
                <lang xml:lang="en">Basic On/Off Group</lang>
                <lang xml:lang="ru">Группа кнопок включения-выключения</lang>
              </description>
          </assocGroup>
      </assocGroups>
  
  
    
  
    <resourceLinks>
     
    <deviceImage url="http://www.pepper1.net/zwavedb/uploads/resources/5d084abc473c8461e158d4e82b0cda817d67054b.gif" />
      </resourceLinks>
    
  </ZWaveDevice>


