<?xml version="1.0" encoding="utf-8"?>
<ZWaveDevice xmlns="http://www.pepper1.net/zwavedb/xml-schemata/z-wave" schemaVersion="2">

  <descriptorVersion>1</descriptorVersion>

  <deviceData>
            <manufacturerId value="0089"/>
        <productType value="0002"/>
    <productId value="0101"/>
    <libType value="04"/>
    <protoVersion value="02"/>
    <protoSubVersion value="33"/>
    <appVersion value="01"/>
    <appSubVersion value="02"/>
        <basicClass value="03"/>
            <genericClass value="11"/>
            <specificClass value="01"/>
        <optional value="true"/>
    <listening value="true"/>
    <routing value="true"/>
        <beamSensor>0</beamSensor>
            <rfFrequency>EU</rfFrequency>
            <certId>13836</certId>
            <certNumber>ZC08-10040003</certNumber>
        
      </deviceData>

  <deviceDescription>
                <description>
            <lang xml:lang="en">Lighting Dimmer Module </lang>
          </description>
            <wakeupNote>
            <lang xml:lang="en"></lang>
          </wakeupNote>
            <inclusionNote>
            <lang xml:lang="en">When prompted by your primary controller, press the
button.</lang>
          </inclusionNote>
            <productName>Dimmer Link</productName>
            <brandName>Easy Light</brandName>
            <productLine>End Device</productLine>
            <productCode>ZDL301EU</productCode>
            <productVersion>1.00</productVersion>
                    </deviceDescription>

    <commandClasses>
        <commandClass id="0020" inNIF="false"/>
        <commandClass id="0086"/>
        <commandClass id="0026"/>
        <commandClass id="0027"/>
        <commandClass id="002b"/>
        <commandClass id="002c"/>
        <commandClass id="0070"/>
        <commandClass id="0072"/>
        <commandClass id="0075"/>
      </commandClasses>
  
  
    <configParams>
        <configParam number="0" type="constant" size="1" default="00">
            <name>
                <lang xml:lang="en">Last Status</lang>
              </name>
                  <description>
                <lang xml:lang="en"></lang>
              </description>
      
                  <value from="00" to="00">
                <description>
                    <lang xml:lang="en">To enable the module to resume the last status
before the AC power goes down.</lang>
                  </description>
              </value>
            <value from="01" to="01">
                <description>
                    <lang xml:lang="en">To enable the module to always turn the lights
ON when the AC power goes up.</lang>
                  </description>
              </value>
            <value from="02" to="02">
                <description>
                    <lang xml:lang="en">To enable the module to always turn the lights
OFF when AC power line goes up.</lang>
                  </description>
              </value>
                </configParam>
        <configParam number="1" type="constant" size="1" default="01">
            <name>
                <lang xml:lang="en">Night Light</lang>
              </name>
                  <description>
                <lang xml:lang="en"></lang>
              </description>
      
                  <value from="00" to="00">
                <description>
                    <lang xml:lang="en">When the light is turn ON, LED on the module is
turn ON and vice versa.</lang>
                  </description>
              </value>
            <value from="01" to="01">
                <description>
                    <lang xml:lang="en">When the light is turn ON, LED on the module is
turn OFF and vice versa.</lang>
                  </description>
              </value>
                </configParam>
        <configParam number="2" type="constant" size="1" default="01">
            <name>
                <lang xml:lang="en">Enable LED</lang>
              </name>
                  <description>
                <lang xml:lang="en"></lang>
              </description>
      
                  <value from="00" to="00">
                <description>
                    <lang xml:lang="en">Disable LED.</lang>
                  </description>
              </value>
            <value from="01" to="01">
                <description>
                    <lang xml:lang="en">Enable LED to operate according to night light
parameter.</lang>
                  </description>
              </value>
                </configParam>
        <configParam number="3" type="constant" size="1" default="ff">
            <name>
                <lang xml:lang="en">Enable All ON/All OFF</lang>
              </name>
                  <description>
                <lang xml:lang="en"></lang>
              </description>
      
                  <value from="00" to="00">
                <description>
                    <lang xml:lang="en">Disable both All ON and All OFF command.</lang>
                  </description>
              </value>
            <value from="01" to="01">
                <description>
                    <lang xml:lang="en">Enable only All OFF command.</lang>
                  </description>
              </value>
            <value from="02" to="02">
                <description>
                    <lang xml:lang="en">Enable only All ON command.</lang>
                  </description>
              </value>
            <value from="ff" to="ff">
                <description>
                    <lang xml:lang="en">Enable both All ON and All OFF command.</lang>
                  </description>
              </value>
                </configParam>
        <configParam number="4" type="constant" size="1" default="00">
            <name>
                <lang xml:lang="en">Button Protection</lang>
              </name>
                  <description>
                <lang xml:lang="en"></lang>
              </description>
      
                  <value from="00" to="00">
                <description>
                    <lang xml:lang="en">User can use button for ON/OFF manual control.</lang>
                  </description>
              </value>
            <value from="01" to="01">
                <description>
                    <lang xml:lang="en">This setting value is used to protect a module
against unintentional control. To operate a
manual control requires pressing button 3 times
within 1.5 seconds, the light will toggle to the
next stage. The light will turn off instantly if it is
being on before setting.</lang>
                  </description>
              </value>
            <value from="02" to="02">
                <description>
                    <lang xml:lang="en">Disable button from manual control. The light
will turn off instantly if it is being on before
setting.</lang>
                  </description>
              </value>
                </configParam>
        <configParam number="5" type="range" size="1" default="07">
            <name>
                <lang xml:lang="en">Fade In Slope</lang>
              </name>
                  <description>
                <lang xml:lang="en"></lang>
              </description>
      
                  <value from="00" to="0e">
                <description>
                    <lang xml:lang="en">These valid values control a ramp up time
period. With default value (7), the lights will
turn on from zero to the last dimming level by 7
seconds. Usually this command designed for
prolonging a filament and making the room to
be more attraction.</lang>
                  </description>
              </value>
                </configParam>
        <configParam number="6" type="range" size="1" default="07">
            <name>
                <lang xml:lang="en">Fade Out Slope</lang>
              </name>
                  <description>
                <lang xml:lang="en"></lang>
              </description>
      
                  <value from="00" to="0e">
                <description>
                    <lang xml:lang="en">Fade in Slope and Fade Out Slope is the same
concept in which Fade Out Slope command
controls a turn off time period, so Fade Out
Slope will ramp an intensity of the light down to
zero within 7 seconds if the valid value sets to
the default.</lang>
                  </description>
              </value>
                </configParam>
        <configParam number="7" type="range" size="1" default="07">
            <name>
                <lang xml:lang="en">Dim Slope</lang>
              </name>
                  <description>
                <lang xml:lang="en"></lang>
              </description>
      
                  <value from="00" to="0e">
                <description>
                    <lang xml:lang="en">Dim Slope command can control a dim step by
shrinking or extending dimming time period. If
the value sets to the default, the dimming step
duration will be 7 seconds from minimum to
maximum level or vice versa.</lang>
                  </description>
              </value>
                </configParam>
        <configParam number="8" type="range" size="1" default="14">
            <name>
                <lang xml:lang="en">Minimum Dim Level</lang>
              </name>
                  <description>
                <lang xml:lang="en"></lang>
              </description>
      
                  <value from="01" to="32">
                <description>
                    <lang xml:lang="en">This is a minimum threshold value to avoid the
confusion between low dim value stage and
turn-off stage especially with the low wattage
lamps. The light bulbs will illuminate a little
portion of intensity if the value sets to the
default (20).</lang>
                  </description>
              </value>
                </configParam>
        <configParam number="9" type="range" size="1" default="63">
            <name>
                <lang xml:lang="en">Maximum Dim Level</lang>
              </name>
                  <description>
                <lang xml:lang="en"></lang>
              </description>
      
                  <value from="33" to="63">
                <description>
                    <lang xml:lang="en">Maximum dim level is a mirror of minimum dim
level that means it is used to defining the
headroom of the light level which does not
exceed default value (99). The Maximum dim
level will influence the value of maximum on
level in multilevel switch command class.</lang>
                  </description>
              </value>
                </configParam>
        <configParam number="10" type="constant" size="1" default="01">
            <name>
                <lang xml:lang="en">Ignore Start Level</lang>
              </name>
                  <description>
                <lang xml:lang="en"></lang>
              </description>
      
                  <value from="00" to="00">
                <description>
                    <lang xml:lang="en">This value indicated to use the start level
specified in the Multilevel Switch Start Level
Change Command.</lang>
                  </description>
              </value>
            <value from="01" to="01">
                <description>
                    <lang xml:lang="en">This indicates to start dimming from the latest
light level.</lang>
                  </description>
              </value>
                </configParam>
        <configParam number="11" type="constant" size="1" default="00">
            <name>
                <lang xml:lang="en">Jump to Dim</lang>
              </name>
                  <description>
                <lang xml:lang="en"></lang>
              </description>
      
                  <value from="00" to="00">
                <description>
                    <lang xml:lang="en">Disable Jump to dim level. The master remote
control cannot dim the lights from the off stage</lang>
                  </description>
              </value>
            <value from="01" to="01">
                <description>
                    <lang xml:lang="en">Enable Jump to dim level which means user can
jump to dim stage from the off stage without
turning on the light.</lang>
                  </description>
              </value>
                </configParam>
        <configParam number="12" type="constant" size="1" default="02">
            <name>
                <lang xml:lang="en">Dim Direction</lang>
              </name>
                  <description>
                <lang xml:lang="en"></lang>
              </description>
      
                  <value from="00" to="00">
                <description>
                    <lang xml:lang="en">The first time user dims the light, it will go in
the dim up direction to the maximum dim level
and follow by dim down direction respectively.</lang>
                  </description>
              </value>
            <value from="01" to="01">
                <description>
                    <lang xml:lang="en">The first time user dims the light, it will go in
the dim down direction to the minimum dim
level and follow by dim up direction respectively.</lang>
                  </description>
              </value>
            <value from="02" to="02">
                <description>
                    <lang xml:lang="en">The dim direction will be a toggle mode. The
first time user dims the light it will go in
opposite direction of previous dim direction.</lang>
                  </description>
              </value>
                </configParam>
        <configParam number="255" type="constant" size="1" default="01">
            <name>
                <lang xml:lang="en">FACTORY DEFAULT</lang>
              </name>
                  <description>
                <lang xml:lang="en">Valid Values = Ignore configuration value

This command will reset the whole above command values to the
default factory values</lang>
              </description>
      
          </configParam>
      </configParams>
  
    
  
    <resourceLinks>
     
    <deviceImage url="http://www.pepper1.net/zwavedb/uploads/resources/607b57d721db598e9e085a796e28762f8aea47a3.jpg" />
      </resourceLinks>
    
  </ZWaveDevice>


