<?xml version="1.0" encoding="utf-8"?>
<ZWaveDevice xmlns="http://www.pepper1.net/zwavedb/xml-schemata/z-wave" schemaVersion="2">

  <descriptorVersion>1</descriptorVersion>

  <deviceData>
            <manufacturerId value="0002"/>
        <productType value="8007"/>
    <productId value="0200"/>
    <libType value="01"/>
    <protoVersion value="02"/>
    <protoSubVersion value="43"/>
    <appVersion value="01"/>
    <appSubVersion value="0e"/>
        <basicClass value="02"/>
            <genericClass value="16"/>
            <specificClass value="01"/>
        <optional value="false"/>
    <listening value="true"/>
    <routing value="true"/>
        <beamSensor>0</beamSensor>
            <rfFrequency>EU</rfFrequency>
            <certId>13758</certId>
            <certNumber>ZC08-10010012</certNumber>
        
      </deviceData>

  <deviceDescription>
                <description>
            <lang xml:lang="en">CCM module</lang>
          </description>
            <wakeupNote>
            <lang xml:lang="en"></lang>
          </wakeupNote>
            <inclusionNote>
            <lang xml:lang="en">Press the button.</lang>
          </inclusionNote>
            <productName>Heat Recovery Ventilation - Computing and Communications Module</productName>
            <brandName>Danfoss</brandName>
            <productLine>Danfoss Air</productLine>
            <productCode>089F0257</productCode>
            <productVersion>1.10</productVersion>
                    </deviceDescription>

    <commandClasses>
        <commandClass id="0020"/>
        <commandClass id="0086"/>
        <commandClass id="0091" controlled="true"/>
        <commandClass id="0072"/>
        <commandClass id="0037"/>
        <commandClass id="0039"/>
      </commandClasses>
  
  
  
    
  
    <resourceLinks>
     
    <deviceImage url="http://www.pepper1.net/zwavedb/uploads/resources/f2dba617fe5c98f08c94c1897192a555b978952b.jpg" />
      </resourceLinks>
    
  </ZWaveDevice>


