<?xml version="1.0" encoding="utf-8"?>
<ZWaveDevice xmlns="http://www.pepper1.net/zwavedb/xml-schemata/z-wave" schemaVersion="2">

  <descriptorVersion>1</descriptorVersion>

  <deviceData>
            <manufacturerId value="0089"/>
        <productType value="0003"/>
    <productId value="0001"/>
    <libType value="03"/>
    <protoVersion value="02"/>
    <protoSubVersion value="33"/>
    <appVersion value="01"/>
    <appSubVersion value="06"/>
        <basicClass value="04"/>
            <genericClass value="12"/>
            <specificClass value="02"/>
        <optional value="true"/>
    <listening value="false"/>
    <routing value="true"/>
        <beamSensor>0</beamSensor>
            <rfFrequency>EU</rfFrequency>
            <certId>13839</certId>
            <certNumber>ZC08-10050001</certNumber>
        
      </deviceData>

  <deviceDescription>
                <description>
            <lang xml:lang="en">Switch Remote Control 1 Gang</lang>
          </description>
            <wakeupNote>
            <lang xml:lang="en">Press the button. </lang>
          </wakeupNote>
            <inclusionNote>
            <lang xml:lang="en">Press the button. </lang>
          </inclusionNote>
            <productName>Zuper Switch</productName>
            <brandName>Easy Light</brandName>
            <productLine>Basic Controller</productLine>
            <productCode>ZUS101EU</productCode>
            <productVersion>1.00</productVersion>
            <batteryType>CR2032</batteryType>
            <batteryCount>2</batteryCount>
            </deviceDescription>

    <commandClasses>
        <commandClass id="0020" inNIF="false"/>
        <commandClass id="0072"/>
        <commandClass id="0085"/>
        <commandClass id="0086"/>
      </commandClasses>
  
    <assocGroups>
        <assocGroup number="1" maxNodes="232">
            <description>
                <lang xml:lang="en">Control group</lang>
              </description>
          </assocGroup>
      </assocGroups>
  
  
    
  
    <resourceLinks>
     
    <deviceImage url="http://www.pepper1.net/zwavedb/uploads/resources/840d0d067254351395170c05af615b5bb31a5432.jpg" />
      </resourceLinks>
    
  </ZWaveDevice>


