<?xml version="1.0" encoding="utf-8"?>
<ZWaveDevice xmlns="http://www.pepper1.net/zwavedb/xml-schemata/z-wave" schemaVersion="2">

  <descriptorVersion>1</descriptorVersion>

  <deviceData>
            <manufacturerId value="5254"/>
        <productType value="0001"/>
    <productId value="8332"/>
    <libType value="02"/>
    <protoVersion value="02"/>
    <protoSubVersion value="41"/>
    <appVersion value="01"/>
    <appSubVersion value="06"/>
        <basicClass value="01"/>
            <genericClass value="01"/>
            <specificClass value="02"/>
        <optional value="true"/>
    <listening value="false"/>
    <routing value="false"/>
        <beamSensor>0</beamSensor>
            <rfFrequency>EU</rfFrequency>
            <certId>14405</certId>
            <certNumber>ZC08-11100004</certNumber>
        
      </deviceData>

  <deviceDescription>
                <description>
            <lang xml:lang="en">Universal remote control</lang>
          </description>
            <wakeupNote>
            <lang xml:lang="en">Press CONF/Setup and REMOVE at the same time until OK is lit, then introduce 8363</lang>
          </wakeupNote>
            <inclusionNote>
            <lang xml:lang="en">Press CONF/Setup and REMOVE at the same time until OK is lit, then introduce 8363</lang>
          </inclusionNote>
            <productName>Z-URC™ 550EU</productName>
            <brandName>Remotec</brandName>
            <productLine>Z-URC™ 550</productLine>
            <productCode>BW8332 (V.1)</productCode>
            <productVersion>1.0</productVersion>
            <batteryType>AAA</batteryType>
            <batteryCount>3</batteryCount>
            </deviceDescription>

    <commandClasses>
        <commandClass id="0020" controlled="true" inNIF="false"/>
        <commandClass id="0021" controlled="true"/>
        <commandClass id="0084"/>
        <commandClass id="0085" version="2" controlled="true"/>
        <commandClass id="0086"/>
        <commandClass id="002d"/>
        <commandClass id="008e" version="2" controlled="true"/>
        <commandClass id="0072"/>
        <commandClass id="0027" controlled="true"/>
        <commandClass id="0070" version="2" controlled="true"/>
        <commandClass id="0060" version="2" controlled="true"/>
        <commandClass id="0000" controlled="true"/>
        <commandClass id="002b" controlled="true"/>
        <commandClass id="002c" controlled="true"/>
        <commandClass id="0094" version="4" controlled="true"/>
      </commandClasses>
  
    <assocGroups>
        <assocGroup number="1" maxNodes="32">
            <description>
                <lang xml:lang="en">Group Button #1</lang>
              </description>
          </assocGroup>
        <assocGroup number="2" maxNodes="32">
            <description>
                <lang xml:lang="en">Group Button #2</lang>
              </description>
          </assocGroup>
        <assocGroup number="3" maxNodes="32">
            <description>
                <lang xml:lang="en">Group Button #3</lang>
              </description>
          </assocGroup>
        <assocGroup number="4" maxNodes="32">
            <description>
                <lang xml:lang="en">Group Button #4</lang>
              </description>
          </assocGroup>
        <assocGroup number="5" maxNodes="32">
            <description>
                <lang xml:lang="en">Group Button #5</lang>
              </description>
          </assocGroup>
        <assocGroup number="6" maxNodes="32">
            <description>
                <lang xml:lang="en">Group Button #6</lang>
              </description>
          </assocGroup>
        <assocGroup number="7" maxNodes="32">
            <description>
                <lang xml:lang="en">Group Button #7</lang>
              </description>
          </assocGroup>
        <assocGroup number="8" maxNodes="32">
            <description>
                <lang xml:lang="en">Group Button #8</lang>
              </description>
          </assocGroup>
        <assocGroup number="9" maxNodes="32">
            <description>
                <lang xml:lang="en">Group Button #9</lang>
              </description>
          </assocGroup>
        <assocGroup number="10" maxNodes="32">
            <description>
                <lang xml:lang="en">Group Button #10</lang>
              </description>
          </assocGroup>
        <assocGroup number="11" maxNodes="32">
            <description>
                <lang xml:lang="en">Group Button #11</lang>
              </description>
          </assocGroup>
        <assocGroup number="12" maxNodes="32">
            <description>
                <lang xml:lang="en">Group Button #12</lang>
              </description>
          </assocGroup>
        <assocGroup number="13" maxNodes="32">
            <description>
                <lang xml:lang="en">Group Button #13</lang>
              </description>
          </assocGroup>
        <assocGroup number="14" maxNodes="32">
            <description>
                <lang xml:lang="en">Group Button #14</lang>
              </description>
          </assocGroup>
        <assocGroup number="15" maxNodes="32">
            <description>
                <lang xml:lang="en">Group Button #15</lang>
              </description>
          </assocGroup>
        <assocGroup number="16" maxNodes="32">
            <description>
                <lang xml:lang="en">Group Button #16</lang>
              </description>
          </assocGroup>
      </assocGroups>
  
  
    
  
    <resourceLinks>
     
    <deviceImage url="http://www.pepper1.net/zwavedb/uploads/resources/a23dd0c8f153be6a6867fe1856d71eb657b4d3ca.jpg" />
      </resourceLinks>
    
  </ZWaveDevice>


