<?xml version="1.0" encoding="utf-8"?>
<ZWaveDevice xmlns="http://www.pepper1.net/zwavedb/xml-schemata/z-wave" schemaVersion="2">

  <descriptorVersion>1</descriptorVersion>

  <deviceData>
            <manufacturerId value="0111"/>
        <productType value="8200"/>
    <productId value="0200"/>
    <libType value="04"/>
    <protoVersion value="02"/>
    <protoSubVersion value="4e"/>
    <appVersion value="02"/>
    <appSubVersion value="60"/>
        <basicClass value="03"/>
            <genericClass value="11"/>
            <specificClass value="01"/>
        <optional value="true"/>
    <listening value="true"/>
    <routing value="true"/>
        <beamSensor>0</beamSensor>
            <rfFrequency>US</rfFrequency>
            <certId>14131</certId>
            <certNumber>ZC08-11020008</certNumber>
        
      </deviceData>

  <deviceDescription>
                <description>
            <lang xml:lang="en">US Plug-in Switch/Dimmer</lang>
          </description>
            <wakeupNote>
            <lang xml:lang="en"></lang>
          </wakeupNote>
            <inclusionNote>
            <lang xml:lang="en">Press the button. </lang>
          </inclusionNote>
            <productName>Dimming Switch Module</productName>
            <brandName>AMC</brandName>
                <productCode>ZDS-UD10</productCode>
                        </deviceDescription>

    <commandClasses>
        <commandClass id="0020"/>
        <commandClass id="0000"/>
        <commandClass id="0086"/>
        <commandClass id="0026" version="2"/>
        <commandClass id="0027"/>
        <commandClass id="0072"/>
        <commandClass id="0073"/>
      </commandClasses>
  
  
  
    
  
    <resourceLinks>
     
    <deviceImage url="http://www.pepper1.net/zwavedb/uploads/resources/16cf93b2a7543bed20f50614a10664c19bca1e3c.jpg" />
      </resourceLinks>
    
  </ZWaveDevice>


