<?xml version="1.0" encoding="utf-8"?>
<ZWaveDevice xmlns="http://www.pepper1.net/zwavedb/xml-schemata/z-wave" schemaVersion="2">

  <descriptorVersion>1</descriptorVersion>

  <deviceData>
            <manufacturerId value="0020"/>
        <productType value="8007"/>
    <productId value="1398"/>
    <libType value="02"/>
    <protoVersion value="02"/>
    <protoSubVersion value="43"/>
    <appVersion value="02"/>
    <appSubVersion value="06"/>
        <basicClass value="01"/>
            <genericClass value="01"/>
            <specificClass value="01"/>
        <optional value="true"/>
    <listening value="false"/>
    <routing value="false"/>
        <beamSensor>0</beamSensor>
            <rfFrequency>US</rfFrequency>
            <certId>13979</certId>
            <certNumber>ZC08-10120004</certNumber>
        
      </deviceData>

  <deviceDescription>
                <description>
            <lang xml:lang="en">Remote Controller</lang>
          </description>
            <wakeupNote>
            <lang xml:lang="en">Press the POWER button. </lang>
          </wakeupNote>
            <inclusionNote>
            <lang xml:lang="en">.......................................................................................................................................................................
Including this Remote Controller in a third network:
_____________________________________________________________________________________________
a.Highlight the MONSTER text on the screen
b. Hold the key/shift TV button for 3 seconds (the remote is now in ZWAVE programming sequence mode)
c. Scroll down to select NETWORK and press OK key. 
d. Select RESET and press the OK key (the network on the remote is now reset)
e. The remote will display SUCCESS and return to the previous screen showing the RESET selection
f. Press the key/shift button once (This will take you one screen back)
g. Scroll up to TRANSFER and press OK key , then select RECEIVE
h. Press OK key
i. The remote is now in listening mode
j. Set the 3rd party controller in the inclusion mode (refer to the vendor’s instructions)
If the inclusion process succeeds, the REVOLUTION remote has been changed to an inclusion
remote and is now a part of an existing 3rd party network as a secondary controller.

.......................................................................................................................................................................
Include devices to the network:
_____________________________________________________________________________________________
1. If you’re not already at the Home screen, press the DEV
button to move back one screen at a time until the only two choices appearing are “Monster” and “Add Device.”
2. Use the up/down button to highlight “Monster.”
3. Press and hold the key/shift button for 3 seconds. The menu changes and highlights “Nodes.”
4. Use the up/down button to highlight “All ON/OFF” (a fifth menu choice not displayed among the first three) and press the OK button.
5. Use the up/down button to highlight Include and press the OK button.
6. The LCD screen displays, “Include in All ON/OFF” and awaits a signal from the module you wish to include. Hold the remote near the module and press the pairing button on the module.
When the remote receives the signal from the module, the remote’s LCD screen says, “Success.” If the signal doesn’t arrive within 3 seconds, the screen says, “Fail.”</lang>
          </inclusionNote>
            <productName>Revolution 200 Remote</productName>
            <brandName>Monster</brandName>
                <productCode>8700BJ0-R</productCode>
                <batteryType>AAA</batteryType>
            <batteryCount>4</batteryCount>
            </deviceDescription>

    <commandClasses>
        <commandClass id="0020" controlled="true" inNIF="false"/>
        <commandClass id="0021" controlled="true"/>
        <commandClass id="0072"/>
        <commandClass id="0086"/>
        <commandClass id="0027" controlled="true"/>
        <commandClass id="0085" controlled="true"/>
        <commandClass id="0026" controlled="true"/>
        <commandClass id="002b" controlled="true"/>
        <commandClass id="002c" controlled="true"/>
        <commandClass id="002d" controlled="true"/>
        <commandClass id="0040" controlled="true"/>
        <commandClass id="0044" controlled="true"/>
        <commandClass id="0043" controlled="true"/>
      </commandClasses>
  
  
  
    
  
    <resourceLinks>
     
    <deviceImage url="http://www.pepper1.net/zwavedb/uploads/resources/8d9dfc80a88d76ce215d8235bf08165448f9578b.jpg" />
      </resourceLinks>
    
  </ZWaveDevice>


