<?xml version="1.0" encoding="utf-8"?>
<ZWaveDevice xmlns="http://www.pepper1.net/zwavedb/xml-schemata/z-wave" schemaVersion="2">

  <descriptorVersion>1</descriptorVersion>

  <deviceData>
            <manufacturerId value="008c"/>
        <productType value="0001"/>
    <productId value="0001"/>
    <libType value="00"/>
    <protoVersion value="00"/>
    <protoSubVersion value="00"/>
    <appVersion value="00"/>
    <appSubVersion value="00"/>
        <basicClass value="02"/>
            <genericClass value="02"/>
            <specificClass value="00"/>
        <optional value="true"/>
    <listening value="true"/>
    <routing value="false"/>
        <beamSensor>0</beamSensor>
            <rfFrequency>US</rfFrequency>
            <certId>13989</certId>
            <certNumber>ZC08-10090001</certNumber>
        
      </deviceData>

  <deviceDescription>
                <description>
            <lang xml:lang="de">Gateway</lang>
            <lang xml:lang="en">Home Gateway</lang>
          </description>
            <wakeupNote>
            <lang xml:lang="de"></lang>
            <lang xml:lang="en"></lang>
          </wakeupNote>
            <inclusionNote>
            <lang xml:lang="de"></lang>
            <lang xml:lang="en">Go to 192.168.81.1, then select &quot;ZWave device&quot;, &quot;Advanced&quot; and click on &quot;Copy Z-Wave network from a foreign master&quot;</lang>
          </inclusionNote>
            <productName>Vera</productName>
            <brandName>Vera</brandName>
            <productLine>Vera</productLine>
            <productCode>Vera</productCode>
            <productVersion>1.0</productVersion>
            <batteryType>optional Battery Pack: External, rechargeable</batteryType>
            <batteryCount>1</batteryCount>
            </deviceDescription>

    <commandClasses>
        <commandClass id="0020" controlled="true" inNIF="false" secure="true"/>
        <commandClass id="0062" controlled="true" secure="true"/>
        <commandClass id="0098" controlled="true" secure="true"/>
        <commandClass id="0044" controlled="true" secure="true"/>
        <commandClass id="0040" controlled="true" secure="true"/>
        <commandClass id="0043" controlled="true" secure="true"/>
        <commandClass id="0063" controlled="true" secure="true"/>
        <commandClass id="0086" secure="true"/>
      </commandClasses>
  
  
  
    
  
    <resourceLinks>
     
    <deviceImage url="http://www.pepper1.net/zwavedb/uploads/resources/c9239b3b9ba5155e081565dbdfc321068393ebfc.jpg" />
      </resourceLinks>
    
  </ZWaveDevice>


