<?xml version="1.0" encoding="utf-8"?>
<ZWaveDevice xmlns="http://www.pepper1.net/zwavedb/xml-schemata/z-wave" schemaVersion="2">

  <descriptorVersion>1</descriptorVersion>

  <deviceData>
            <manufacturerId value="011a"/>
        <productType value="0101"/>
    <productId value="0103"/>
    <libType value="00"/>
    <protoVersion value="00"/>
    <protoSubVersion value="00"/>
    <appVersion value="00"/>
    <appSubVersion value="00"/>
        <basicClass value="04"/>
            <genericClass value="10"/>
            <specificClass value="01"/>
        <optional value="true"/>
    <listening value="true"/>
    <routing value="true"/>
        <beamSensor>0</beamSensor>
            <rfFrequency>US</rfFrequency>
            <certId>14362</certId>
            <certNumber>ZC08-11090011</certNumber>
        
      </deviceData>

  <deviceDescription>
                <description>
            <lang xml:lang="en">Duplex Receptacle ZW15R</lang>
          </description>
            <wakeupNote>
            <lang xml:lang="en"></lang>
          </wakeupNote>
            <inclusionNote>
            <lang xml:lang="en">Once program button is pressed, the device will enter into learn mode to
accomplish inclusion or exclusion by controller.</lang>
          </inclusionNote>
            <productName>Z-Wave Duplex Receptacle </productName>
            <brandName>ENERWAVE</brandName>
            <productLine>Receptacle series</productLine>
            <productCode>ZW15R</productCode>
            <productVersion>Version 1</productVersion>
                    </deviceDescription>

    <commandClasses>
        <commandClass id="0027"/>
        <commandClass id="0025"/>
        <commandClass id="0072"/>
        <commandClass id="0086"/>
        <commandClass id="0020"/>
      </commandClasses>
  
  
  
    
  
    <resourceLinks>
     
    <deviceImage url="http://www.pepper1.net/zwavedb/uploads/resources/3ae6804b4545c94284c855226f186e86333a93b8.jpg" />
      </resourceLinks>
    
  </ZWaveDevice>


