<?xml version="1.0" encoding="utf-8"?>
<ZWaveDevice xmlns="http://www.pepper1.net/zwavedb/xml-schemata/z-wave" schemaVersion="2">

  <descriptorVersion>1</descriptorVersion>

  <deviceData>
            <manufacturerId value="0039"/>
        <productType value="0011"/>
    <productId value="0001"/>
    <libType value="04"/>
    <protoVersion value="02"/>
    <protoSubVersion value="61"/>
    <appVersion value="01"/>
    <appSubVersion value="01"/>
        <basicClass value="04"/>
            <genericClass value="08"/>
            <specificClass value="06"/>
        <optional value="true"/>
    <listening value="true"/>
    <routing value="true"/>
        <beamSensor>0</beamSensor>
            <rfFrequency>US</rfFrequency>
            <certId>14388</certId>
            <certNumber>ZC08-11070005</certNumber>
        
      </deviceData>

  <deviceDescription>
                <description>
            <lang xml:lang="en">Z-Wave thermostat</lang>
          </description>
            <wakeupNote>
            <lang xml:lang="en"></lang>
          </wakeupNote>
            <inclusionNote>
            <lang xml:lang="en">Enter into Installer Setup (1. Press SYSTEM; 2. Press and hold the third and fifth button below), then choose rF10 and select 1 to join a network.</lang>
          </inclusionNote>
            <productName>Z-Wave thermostat </productName>
            <brandName>TH8320ZW1000</brandName>
            <productLine>Vision PRO </productLine>
            <productCode>TH8320ZW1000</productCode>
            <productVersion>A</productVersion>
                    </deviceDescription>

    <commandClasses>
        <commandClass id="0040" version="2"/>
        <commandClass id="0020"/>
        <commandClass id="0042"/>
        <commandClass id="0043" version="2"/>
        <commandClass id="0044" version="3"/>
        <commandClass id="0085" version="2"/>
        <commandClass id="0086"/>
        <commandClass id="0027"/>
        <commandClass id="0031" version="3"/>
        <commandClass id="0072"/>
        <commandClass id="0045"/>
      </commandClasses>
  
    <assocGroups>
        <assocGroup number="1" maxNodes="5">
            <description>
                <lang xml:lang="en">Connection Group1, determines the relationship of devices in the network</lang>
              </description>
          </assocGroup>
      </assocGroups>
  
  
    
  
    <resourceLinks>
     
    <deviceImage url="http://www.pepper1.net/zwavedb/uploads/resources/7f0fb9d0ebd2930c6fa26a46f62fb0c8460aabab.jpg" />
      </resourceLinks>
    
  </ZWaveDevice>


