<?xml version="1.0" encoding="utf-8"?>
<ZWaveDevice xmlns="http://www.pepper1.net/zwavedb/xml-schemata/z-wave" schemaVersion="2">

  <descriptorVersion>1</descriptorVersion>

  <deviceData>
            <manufacturerId value="001e"/>
        <productType value="0002"/>
    <productId value="0001"/>
    <libType value="06"/>
    <protoVersion value="02"/>
    <protoSubVersion value="28"/>
    <appVersion value="01"/>
    <appSubVersion value="0b"/>
        <basicClass value="04"/>
            <genericClass value="21"/>
            <specificClass value="01"/>
        <optional value="true"/>
    <listening value="false"/>
    <routing value="false"/>
        <beamSensor>0</beamSensor>
            <rfFrequency>EU</rfFrequency>
                
      </deviceData>

  <deviceDescription>
                <description>
            <lang xml:lang="de">Bewegungsmelder mit Temperatur und Lichtsensor</lang>
            <lang xml:lang="en">Motion detector, luminosity and temperature sensor</lang>
            <lang xml:lang="ru">Датчик движения, освещённости и температуры</lang>
          </description>
            <wakeupNote>
            <lang xml:lang="de">Taste drücken</lang>
            <lang xml:lang="en">Button press</lang>
            <lang xml:lang="ru">Нажатие кнопки</lang>
          </wakeupNote>
            <inclusionNote>
            <lang xml:lang="de">Taste drücken</lang>
            <lang xml:lang="en">Button press</lang>
            <lang xml:lang="ru">Нажатие кнопки</lang>
          </inclusionNote>
            <productName>EZMotion</productName>
            <brandName>Express Control</brandName>
                        <batteryType>AAA</batteryType>
            <batteryCount>3</batteryCount>
            </deviceDescription>

    <commandClasses>
        <commandClass id="0020" controlled="true" inNIF="false"/>
        <commandClass id="0060" version="2"/>
        <commandClass id="0084" version="2"/>
        <commandClass id="0085"/>
        <commandClass id="0086"/>
        <commandClass id="0080"/>
        <commandClass id="0070"/>
        <commandClass id="0031"/>
        <commandClass id="0072"/>
        <commandClass id="0077"/>
      </commandClasses>
  
    <assocGroups>
        <assocGroup number="1" maxNodes="4">
            <description>
                <lang xml:lang="de">Geräte, die vom Bewegungsmelder geschaltet werden</lang>
                <lang xml:lang="en">Devices to be switched on upon motion deteced and off after a timeout (on time)</lang>
                <lang xml:lang="ru">Устройства, включаемые при обнаружении движения и выключаемые по истечению заданного времени.</lang>
              </description>
          </assocGroup>
      </assocGroups>
  
    <configParams>
        <configParam number="1" type="range" size="1" default="c8">
            <name>
                <lang xml:lang="de">Empfindlichkeit des Bewegungsmelders</lang>
                <lang xml:lang="en">Sensitivity</lang>
                <lang xml:lang="ru">Чувствительность</lang>
              </name>
                  <description>
                <lang xml:lang="de">definiert die Empfindlichkeit des Bewegungsmelders. Ein Wert von 255 führt zu extrmer Empfindlichkeit, ein Wert von 0 zu einer sehr geringen Empfindlichkeit</lang>
                <lang xml:lang="en">Sets the sensitivity of the motion detector. A value of 255 will cause the motion detector to be extremely sensitive and trigger on the slightest motion but may actually always see motion due to noise. A value of 0 will cause the motion detector to ignore all but the most extreme amounts of motion.</lang>
                <lang xml:lang="ru">Задаёт чувствительность датчика движения. Значение 255 сделает датчик настолько чувствительным, что возмодны ложные срабатывания из-за шумов. Значение 0 сделает датчик слабо чувствительным к небольшим движениям.</lang>
              </description>
      
                  <value from="00" to="ff">
                <description>
                    <lang xml:lang="de"></lang>
                    <lang xml:lang="en"></lang>
                    <lang xml:lang="ru"></lang>
                  </description>
              </value>
                </configParam>
        <configParam number="2" type="range" size="1" default="14">
            <name>
                <lang xml:lang="de">Einschalt-Zeit</lang>
                <lang xml:lang="en">On time</lang>
                <lang xml:lang="ru">Время ключения</lang>
              </name>
                  <description>
                <lang xml:lang="de">definiert die Zeit, die ein vom Bewegungsmelder gesteuertes Gerät nahc erkannter Bewegung angeschaltet bliebt</lang>
                <lang xml:lang="en">Number of minutes after sending an BASIC_ON before sending a BASIC_OFF when no motion has been detected. A value of 0 means that a BASIC_OFF is never sent. In this case, the lights will be turned on by EZMotion, but another application will have to turn the lights off. Note that this mode will result in many BASIC_ONs and will tend to use more battery power.</lang>
                <lang xml:lang="ru">Кличество минут после отправки включения BASIC_ON перед отправкой выключения BASIC_OFF. Значение 0 отключает отправку BASIC_OFF. При этом включенный EZMotion свет будет необходимо  выключиь другим устройством. Обратите внимание, что в этом режиме BASIC_ON будут отправлены при каждом обнаружении движения, что приведёт к быстрому истощению заряда батареек.</lang>
              </description>
      
                  <value from="00" to="ff">
                <description>
                    <lang xml:lang="de">Minuten</lang>
                    <lang xml:lang="en">Minutes</lang>
                    <lang xml:lang="ru">Минут</lang>
                  </description>
              </value>
                </configParam>
        <configParam number="3" type="rangemapped" size="1" default="ff">
            <name>
                <lang xml:lang="de">Aktiviert LED</lang>
                <lang xml:lang="en">Enable LED</lang>
                <lang xml:lang="ru">Включить светодиот</lang>
              </name>
                  <description>
                <lang xml:lang="de">LED leuchtet, wenn eine Bewegung erkannt ist. Das Ausschalten spart Batterie-Leistung.</lang>
                <lang xml:lang="en">Turns on the LED when motion is detected or not. Turning off the LED will conserve battery power.</lang>
                <lang xml:lang="ru">Включать ли светодиод при обнаружении движения. Выключение светодиода позволит сэкономить заряд батареек.</lang>
              </description>
      
                  <value from="00" to="00">
                <description>
                    <lang xml:lang="de">Aus</lang>
                    <lang xml:lang="en">Off</lang>
                    <lang xml:lang="ru">Отключен</lang>
                  </description>
              </value>
            <value from="01" to="ff">
                <description>
                    <lang xml:lang="de">An</lang>
                    <lang xml:lang="en">On</lang>
                    <lang xml:lang="ru">Включен</lang>
                  </description>
              </value>
                </configParam>
        <configParam number="4" type="range" size="1" default="64">
            <name>
                <lang xml:lang="de">Licht-Schwellwert</lang>
                <lang xml:lang="en">Light threshold</lang>
                <lang xml:lang="ru">Порог освещённости</lang>
              </name>
                  <description>
                <lang xml:lang="de">Schwellwert, bei dessen Unterschreitung und erkannter Bewegung eine Schaltimpuls ausgesendet wird</lang>
                <lang xml:lang="en">Each time motion is detected, the current illumination level is measured in the room and if the illumination is below the threshold then the lights will be turned on. If the illumination is measured to be above the Light threshold, then the lights will not be turned on. This feature enables the motion sensor to intelligently turn lights on in a room with significant natural sunlight. The lights are only turned on when the room is dark.</lang>
                <lang xml:lang="ru">Каждый раз при обнаружении движения измеряется уровень освещённости в комнате и в случае, если освещённость выше заданного порога, свет не будет включен. Данная функция делает детектор движения достаточно умным, чтобы включать свет лишь при недостаточном естественном освещении.</lang>
              </description>
      
                  <value from="00" to="64" unit="%">
                <description>
                    <lang xml:lang="de">% des maximalen Lichtes</lang>
                    <lang xml:lang="en">% of maximal luminosity</lang>
                    <lang xml:lang="ru">% от максимальной яркости</lang>
                  </description>
              </value>
                </configParam>
        <configParam number="5" type="rangemapped" size="1" default="00">
            <name>
                <lang xml:lang="de">Bleibt aufgeweckt</lang>
                <lang xml:lang="en">Stay awake</lang>
                <lang xml:lang="ru">Оставаться пробуждённым</lang>
              </name>
                  <description>
                <lang xml:lang="de">Dieser Parameter führt dazu, daß das Gerät nie in den Schlafmodus schaltet. Dies ist nur kurzzeitig zu empfehlen, da ansonsten die Batterie schnell leer ist.</lang>
                <lang xml:lang="en">Setting this parameter to Yes will cause EZMotion to never go to sleep. In a wall-powered configuration this mode can be used to keep it awake at all times so the sensors can be polled at anytime. When set to Yes, the Listening bit is set in the NodeInfo frame. When the Listening bit is set, EZMotion is a routing node and participates in mesh-network routing of packets from other Z-Wave devices. Note that this parameter is NOT reset to the default value when EZMotion is “reset” (IE: removed from a Z-Wave network). Generally this parameter is set at the factory and should not be altered by the user. </lang>
                <lang xml:lang="ru">Выставление этого параметра на Да застваит EZMotion оставаться всё время пробуждённым. При постоянном питании от адаптера данная конфинурация позволит снимать показания датчиков в любое время. При включении выставляется бит Listening в пакете NodeInfo, а EZMotion будет полноценно участвовать в маршрутизации пакетов других Z-Wave устройств. Однако при питании от батареек заряда зватит не более, чем на 2 дня. Обратите внимание, что этот параметр НЕ сбрасывается при &quot;сбросе&quot; EZMotion (исключении из сети Z-Wave). Обычно данный параметр нужно выставить на заводское значение (выключено).</lang>
              </description>
      
                  <value from="00" to="00">
                <description>
                    <lang xml:lang="de">Nein</lang>
                    <lang xml:lang="en">No</lang>
                    <lang xml:lang="ru">Нет</lang>
                  </description>
              </value>
            <value from="01" to="ff">
                <description>
                    <lang xml:lang="de">Ja</lang>
                    <lang xml:lang="en">Yes</lang>
                    <lang xml:lang="ru">Да</lang>
                  </description>
              </value>
                </configParam>
        <configParam number="6" type="range" size="1" default="ff">
            <name>
                <lang xml:lang="de">Schaltkommando-Wert</lang>
                <lang xml:lang="en">On value</lang>
                <lang xml:lang="ru">Значения включения</lang>
              </name>
                  <description>
                <lang xml:lang="de">Wenn ein Gerät eingeschalt wird, so wird ein Schaltkommando gesendet. Mit diesem Parameter kann der Schaltzustand definiert werden. Normale Schalter schalten nur zwischen 0 und 100 %, so daß einanderer Wert nur für gesteuerte Dimmer relevant ist.</lang>
                <lang xml:lang="en">When motion is detected, EZMotion will send a BASIC_SET command with this value. This allows the user to configure the value that the associated device will be set to when motion is detected.</lang>
                <lang xml:lang="ru">При обнаружении движения EZMotion отправит команду BASIC_SET с данным значением. Данный параметр позволяет пользователю задавать значение, посылаемое ассоциированному устройству при обнаружении движдения.</lang>
              </description>
      
                  <value from="00" to="ff">
                <description>
                    <lang xml:lang="de"></lang>
                    <lang xml:lang="en"></lang>
                    <lang xml:lang="ru"></lang>
                  </description>
              </value>
                </configParam>
      </configParams>
  
    <endpoints>
           <endpoint number="3">
            <name>
                <lang xml:lang="de"></lang>
                <lang xml:lang="en"></lang>
                <lang xml:lang="ru"></lang>
              </name>
                  <description>
                <lang xml:lang="de"></lang>
                <lang xml:lang="en"></lang>
                <lang xml:lang="ru"></lang>
              </description>
                  <genericClass value="21"/>
                  <specificClass value="01"/>
                  <commandClass id="0020"/>
            <commandClass id="0085"/>
            <commandClass id="0070"/>
            <commandClass id="0031"/>
          </endpoint>
           <endpoint number="2">
            <name>
                <lang xml:lang="de"></lang>
                <lang xml:lang="en"></lang>
                <lang xml:lang="ru"></lang>
              </name>
                  <description>
                <lang xml:lang="de"></lang>
                <lang xml:lang="en"></lang>
                <lang xml:lang="ru"></lang>
              </description>
                  <genericClass value="21"/>
                  <specificClass value="01"/>
                  <commandClass id="0020"/>
            <commandClass id="0085"/>
            <commandClass id="0070"/>
            <commandClass id="0031"/>
          </endpoint>
           <endpoint number="1">
            <name>
                <lang xml:lang="de"></lang>
                <lang xml:lang="en"></lang>
                <lang xml:lang="ru"></lang>
              </name>
                  <description>
                <lang xml:lang="de"></lang>
                <lang xml:lang="en"></lang>
                <lang xml:lang="ru"></lang>
              </description>
                  <genericClass value="21"/>
                  <specificClass value="01"/>
                  <commandClass id="0020"/>
            <commandClass id="0085"/>
            <commandClass id="0070"/>
            <commandClass id="0031"/>
          </endpoint>
      </endpoints>
    
  
    <resourceLinks>
     
    <deviceImage url="http://www.pepper1.net/zwavedb/uploads/resources/f488eac43008af3d36a12c1749617b3dd92afa4d.gif" />
      </resourceLinks>
    
  </ZWaveDevice>


