<?xml version="1.0" encoding="utf-8"?>
<ZWaveDevice xmlns="http://www.pepper1.net/zwavedb/xml-schemata/z-wave" schemaVersion="2">

  <descriptorVersion>1</descriptorVersion>

  <deviceData>
            <manufacturerId value="010b"/>
        <productType value="4311"/>
    <productId value="0001"/>
    <libType value="00"/>
    <protoVersion value="03"/>
    <protoSubVersion value="0a"/>
    <appVersion value="00"/>
    <appSubVersion value="00"/>
        <basicClass value="04"/>
            <genericClass value="31"/>
            <specificClass value="01"/>
        <optional value="false"/>
    <listening value="true"/>
    <routing value="false"/>
            <rfFrequency>Japan (951-956 MHz)</rfFrequency>
            <certId>14081</certId>
            <certNumber>ZC08-10120005</certNumber>
        
      </deviceData>

  <deviceDescription>
                <description>
            <lang xml:lang="en">Measure &amp; Monitor Power</lang>
          </description>
            <wakeupNote>
            <lang xml:lang="en"></lang>
          </wakeupNote>
            <inclusionNote>
            <lang xml:lang="en">Press the button.</lang>
          </inclusionNote>
            <productName>SMART TAPTMSH</productName>
            <brandName>SMART TAP</brandName>
            <productLine>SMART TAP</productLine>
            <productCode>DN3E1JA001</productCode>
            <productVersion>1.00</productVersion>
                    </deviceDescription>

    <commandClasses>
        <commandClass id="0020"/>
        <commandClass id="0087"/>
        <commandClass id="0072"/>
        <commandClass id="0032"/>
        <commandClass id="0032" version="2"/>
        <commandClass id="0032" version="3"/>
        <commandClass id="0086"/>
      </commandClasses>
  
  
  
    
  
    <resourceLinks>
     
    <deviceImage url="http://www.pepper1.net/zwavedb/uploads/resources/d836b1d24f14085408580f54cb8acb405134a11a.jpg" />
      </resourceLinks>
    
  </ZWaveDevice>


