<?xml version="1.0" encoding="utf-8"?>
<ZWaveDevice xmlns="http://www.pepper1.net/zwavedb/xml-schemata/z-wave" schemaVersion="2">

  <descriptorVersion>1</descriptorVersion>

  <deviceData>
            <manufacturerId value="5254"/>
        <productType value="4d53"/>
    <productId value="4331"/>
    <libType value="00"/>
    <protoVersion value="03"/>
    <protoSubVersion value="1c"/>
    <appVersion value="00"/>
    <appSubVersion value="00"/>
        <basicClass value="04"/>
            <genericClass value="08"/>
            <specificClass value="06"/>
        <optional value="false"/>
    <listening value="false"/>
    <routing value="false"/>
            <rfFrequency>Australia and New Zealand</rfFrequency>
            <certId>14629</certId>
            <certNumber>ZC08-12010003</certNumber>
        
      </deviceData>

  <deviceDescription>
                <description>
            <lang xml:lang="en">Universial Remote Controller</lang>
          </description>
            <wakeupNote>
            <lang xml:lang="en">Device is a frequently listening routing slave.</lang>
          </wakeupNote>
            <inclusionNote>
            <lang xml:lang="en">Press and hold the SET and FAN buttons simultaneously for 3 seconds. The
LED light will flash 3 times</lang>
          </inclusionNote>
            <productName>Schlage LiNK Split-System Air Conditioning Controller</productName>
            <brandName>SCHLAGE</brandName>
            <productLine>SCFE – Schlage F Series Electronic Residential</productLine>
            <productCode>SRE60047</productCode>
            <productVersion>A</productVersion>
            <batteryType>AA</batteryType>
            <batteryCount>3</batteryCount>
            </deviceDescription>

    <commandClasses>
        <commandClass id="0020"/>
        <commandClass id="0080"/>
        <commandClass id="0070"/>
        <commandClass id="0072"/>
        <commandClass id="0031"/>
        <commandClass id="0044"/>
        <commandClass id="0040"/>
        <commandClass id="0043"/>
        <commandClass id="0086"/>
      </commandClasses>
  
  
    <configParams>
        <configParam number="1" type="rangemapped" size="2" default="0000">
            <name>
                <lang xml:lang="en">IR Library Code Number</lang>
              </name>
                  <description>
                <lang xml:lang="en">Refer to code number in Code
List (Appendix in Manual)</lang>
              </description>
      
                  <value from="0001" to="0049">
                <description>
                    <lang xml:lang="en">Please refer to Manual Appendix: Code List</lang>
                  </description>
              </value>
                </configParam>
        <configParam number="2" type="constant" size="1" default="00">
            <name>
                <lang xml:lang="en">Swing Control</lang>
              </name>
                  <description>
                <lang xml:lang="en">default value can be 0 or 1, depends on IR code data</lang>
              </description>
      
                  <value from="00" to="00">
                <description>
                    <lang xml:lang="en">Swing Off</lang>
                  </description>
              </value>
            <value from="01" to="01">
                <description>
                    <lang xml:lang="en">Swing On</lang>
                  </description>
              </value>
                </configParam>
      </configParams>
  
    
  
    <resourceLinks>
     
    <deviceImage url="http://www.pepper1.net/zwavedb/uploads/resources/59d8fd910b87b404f8f1c644aaea53ae05d456d8.jpg" />
      </resourceLinks>
    
  </ZWaveDevice>


