<?xml version="1.0" encoding="utf-8"?>
<ZWaveDevice xmlns="http://www.pepper1.net/zwavedb/xml-schemata/z-wave" schemaVersion="2">

  <descriptorVersion>1</descriptorVersion>

  <deviceData>
            <manufacturerId value="0060"/>
        <productType value="000e"/>
    <productId value="0001"/>
    <libType value="00"/>
    <protoVersion value="02"/>
    <protoSubVersion value="4e"/>
    <appVersion value="00"/>
    <appSubVersion value="00"/>
        <basicClass value="02"/>
            <genericClass value="02"/>
            <specificClass value="00"/>
        <optional value="false"/>
    <listening value="true"/>
    <routing value="false"/>
            <rfFrequency>EU</rfFrequency>
            <certId>14059</certId>
            <certNumber>ZC08-10120006</certNumber>
        
      </deviceData>

  <deviceDescription>
                <description>
            <lang xml:lang="en">Z-Wave Gateway</lang>
          </description>
            <wakeupNote>
            <lang xml:lang="en"></lang>
          </wakeupNote>
            <inclusionNote>
            <lang xml:lang="en">An icon illustrating 3 balls at the bottom of the screen inside Casiva gets you to the Z-Wave section. Here you can include (“Tilmeld”)</lang>
          </inclusionNote>
            <productName>Z-Wave Gateway (EU) w/ Casiva Server Solution</productName>
            <brandName>Flex-Control Z-Wave Products</brandName>
            <productLine>Internet</productLine>
            <productCode>SC102</productCode>
            <productVersion>V1.0</productVersion>
                    </deviceDescription>

    <commandClasses>
        <commandClass id="0085" controlled="true"/>
        <commandClass id="0020" controlled="true"/>
        <commandClass id="0080" controlled="true"/>
        <commandClass id="0025" controlled="true"/>
        <commandClass id="0070" controlled="true"/>
        <commandClass id="0072" controlled="true"/>
        <commandClass id="0026" controlled="true"/>
        <commandClass id="0000" controlled="true"/>
        <commandClass id="0086" controlled="true"/>
        <commandClass id="0084" controlled="true"/>
      </commandClasses>
  
  
  
    
  
    <resourceLinks>
     
    <deviceImage url="http://www.pepper1.net/zwavedb/uploads/resources/f346871ceffcaa68191699cc82c86b65e2a20532.jpg" />
      </resourceLinks>
    
  </ZWaveDevice>


