<?xml version="1.0" encoding="utf-8"?>
<ZWaveDevice xmlns="http://www.pepper1.net/zwavedb/xml-schemata/z-wave" schemaVersion="2">

  <descriptorVersion>1</descriptorVersion>

  <deviceData>
            <manufacturerId value="0059"/>
        <productType value="0002"/>
    <productId value="0002"/>
    <libType value="00"/>
    <protoVersion value="03"/>
    <protoSubVersion value="14"/>
    <appVersion value="00"/>
    <appSubVersion value="00"/>
        <basicClass value="04"/>
            <genericClass value="10"/>
            <specificClass value="00"/>
        <optional value="false"/>
    <listening value="false"/>
    <routing value="false"/>
            <rfFrequency>EU</rfFrequency>
            <certId>14715</certId>
            <certNumber>ZC08-12040002</certNumber>
        
      </deviceData>

  <deviceDescription>
                <description>
            <lang xml:lang="en">Central Heating Programmer</lang>
          </description>
            <wakeupNote>
            <lang xml:lang="en"></lang>
          </wakeupNote>
            <inclusionNote>
            <lang xml:lang="en">Press and hold the ‘Boost’ and
‘Enter’ buttons on the front of the CENTAURPLUS C17-ZW . Once included the indictor
next to the radio symbol will appear (solid)</lang>
          </inclusionNote>
            <productName>CentaurPlus C17-ZW</productName>
            <brandName>Secure</brandName>
            <productLine>CentaurPlus</productLine>
            <productCode>NU0660017200</productCode>
            <productVersion>Version 1</productVersion>
            <batteryType>CR2032</batteryType>
            <batteryCount>1</batteryCount>
            </deviceDescription>

    <commandClasses>
        <commandClass id="0022"/>
        <commandClass id="0020"/>
        <commandClass id="0025"/>
        <commandClass id="0072"/>
        <commandClass id="0086"/>
      </commandClasses>
  
  
  
    
  
    <resourceLinks>
     
    <deviceImage url="http://www.pepper1.net/zwavedb/uploads/resources/b35c52deba217b4c1cbce61b104cb58a1f578c22.jpg" />
      </resourceLinks>
    
  </ZWaveDevice>


