<?xml version="1.0" encoding="utf-8"?>
<ZWaveDevice xmlns="http://www.pepper1.net/zwavedb/xml-schemata/z-wave" schemaVersion="2">

  <descriptorVersion>1</descriptorVersion>

  <deviceData>
            <manufacturerId value="0063"/>
        <productType value="5252"/>
    <productId value="3530"/>
    <libType value="00"/>
    <protoVersion value="03"/>
    <protoSubVersion value="14"/>
    <appVersion value="00"/>
    <appSubVersion value="00"/>
        <basicClass value="04"/>
            <genericClass value="10"/>
            <specificClass value="01"/>
        <optional value="false"/>
    <listening value="true"/>
    <routing value="false"/>
            <rfFrequency>US</rfFrequency>
            <certId>14427</certId>
            <certNumber>ZC08-10070005</certNumber>
        
      </deviceData>

  <deviceDescription>
                <description>
            <lang xml:lang="en">RF controlled duplex receptacle</lang>
          </description>
            <wakeupNote>
            <lang xml:lang="en"></lang>
          </wakeupNote>
            <inclusionNote>
            <lang xml:lang="en"></lang>
          </inclusionNote>
            <productName>Duplex Receptacle 	3.0c</productName>
            <brandName>GE  (Jasco)</brandName>
            <productLine>Wireless Lighting Controls</productLine>
            <productCode>ZW1001</productCode>
            <productVersion>3.0c</productVersion>
                    </deviceDescription>

    <commandClasses>
        <commandClass id="0027"/>
        <commandClass id="0020"/>
        <commandClass id="0025"/>
        <commandClass id="0070"/>
        <commandClass id="0072"/>
        <commandClass id="0077"/>
        <commandClass id="0073"/>
        <commandClass id="0075"/>
        <commandClass id="0086"/>
      </commandClasses>
  
  
  
    
  
    
  </ZWaveDevice>


