<?xml version="1.0" encoding="utf-8"?>
<ZWaveDevice xmlns="http://www.pepper1.net/zwavedb/xml-schemata/z-wave" schemaVersion="2">

  <descriptorVersion>1</descriptorVersion>

  <deviceData>
            <manufacturerId value="0008"/>
        <productType value="0007"/>
    <productId value="0020"/>
    <libType value="00"/>
    <protoVersion value="02"/>
    <protoSubVersion value="4e"/>
    <appVersion value="00"/>
    <appSubVersion value="00"/>
        <basicClass value="04"/>
            <genericClass value="10"/>
            <specificClass value="00"/>
        <optional value="false"/>
    <listening value="false"/>
    <routing value="false"/>
            <rfFrequency>US</rfFrequency>
            <certId>13900</certId>
            <certNumber>ZC08-10070004</certNumber>
        
      </deviceData>

  <deviceDescription>
                <description>
            <lang xml:lang="en">ZWave enabled thermostat</lang>
          </description>
            <wakeupNote>
            <lang xml:lang="en"></lang>
          </wakeupNote>
            <inclusionNote>
            <lang xml:lang="en"></lang>
          </inclusionNote>
            <productName>Thermostat WDTC-20</productName>
            <brandName>Wayne-Dalton/Salt</brandName>
            <productLine>Home Controls</productLine>
            <productCode>WDTC-20</productCode>
            <productVersion>1</productVersion>
                    </deviceDescription>

    <commandClasses>
        <commandClass id="0020"/>
        <commandClass id="0025"/>
        <commandClass id="0087"/>
        <commandClass id="0072"/>
        <commandClass id="0031"/>
        <commandClass id="0040"/>
        <commandClass id="0043"/>
        <commandClass id="0086"/>
      </commandClasses>
  
  
  
    
  
    <resourceLinks>
     
    <deviceImage url="http://www.pepper1.net/zwavedb/uploads/resources/605f14caae0e5b8ffd1e57c1b694d85c99fd9476.png" />
      </resourceLinks>
    
  </ZWaveDevice>


