<?xml version="1.0" encoding="utf-8"?>
<ZWaveDevice xmlns="http://www.pepper1.net/zwavedb/xml-schemata/z-wave" schemaVersion="2">

  <descriptorVersion>1</descriptorVersion>

  <deviceData>
            <manufacturerId value="0060"/>
        <productType value="000d"/>
    <productId value="0001"/>
    <libType value="06"/>
    <protoVersion value="02"/>
    <protoSubVersion value="40"/>
    <appVersion value="01"/>
    <appSubVersion value="04"/>
        <basicClass value="04"/>
            <genericClass value="a1"/>
            <specificClass value="07"/>
        <optional value="true"/>
    <listening value="false"/>
    <routing value="false"/>
        <beamSensor>0</beamSensor>
            <rfFrequency>EU</rfFrequency>
                
      </deviceData>

  <deviceDescription>
                <description>
            <lang xml:lang="de">Rauchmelder</lang>
            <lang xml:lang="en">Smoke detector with alarm</lang>
            <lang xml:lang="ru">Детектор дыма с сиреной</lang>
          </description>
            <wakeupNote>
            <lang xml:lang="de">Dreifach Binding-Taster</lang>
            <lang xml:lang="en">Binding button triple press</lang>
            <lang xml:lang="ru">Тройное нажатие на кнопку Bindong </lang>
          </wakeupNote>
            <inclusionNote>
            <lang xml:lang="de">Dreifach Binding-Taster </lang>
            <lang xml:lang="en">Binding button triple press</lang>
            <lang xml:lang="ru">Тройное нажатие на кнопку Bindong </lang>
          </inclusionNote>
            <productName>SF812</productName>
            <brandName>Everspring</brandName>
                        <batteryType>9V</batteryType>
            <batteryCount>1</batteryCount>
            </deviceDescription>

    <commandClasses>
        <commandClass id="0020" inNIF="false"/>
        <commandClass id="0080"/>
        <commandClass id="0085" version="2"/>
        <commandClass id="0086"/>
        <commandClass id="0072"/>
        <commandClass id="009c"/>
        <commandClass id="0071" controlled="true" inNIF="false"/>
      </commandClasses>
  
    <assocGroups>
        <assocGroup number="1" maxNodes="5">
            <description>
                <lang xml:lang="de">Geräte, die bei Alarm informiert werden</lang>
                <lang xml:lang="en">Devices to be informed about alarms</lang>
                <lang xml:lang="ru">Устройства, которые получают сигналы тревоги</lang>
              </description>
          </assocGroup>
      </assocGroups>
  
  
    
    <alarmMappings>
        <alarmMapping alarmTypeV1="00" alarmLevelV1="00" alarmTypeV2="00" alarmEventV2="00"/>
      </alarmMappings>
  
    <resourceLinks>
     
    <deviceImage url="http://www.pepper1.net/zwavedb/uploads/resources/37f4a4c392a57d3ef027c79334341f4636668b8b.gif" />
      </resourceLinks>
    
  </ZWaveDevice>


