<?xml version="1.0" encoding="utf-8"?>
<ZWaveDevice xmlns="http://www.pepper1.net/zwavedb/xml-schemata/z-wave" schemaVersion="2">

  <descriptorVersion>1</descriptorVersion>

  <deviceData>
            <manufacturerId value="0114"/>
        <productType value="0001"/>
    <productId value="0001"/>
    <libType value="00"/>
    <protoVersion value="02"/>
    <protoSubVersion value="4e"/>
    <appVersion value="00"/>
    <appSubVersion value="00"/>
        <basicClass value="01"/>
            <genericClass value="11"/>
            <specificClass value="00"/>
        <optional value="false"/>
    <listening value="true"/>
    <routing value="false"/>
            <rfFrequency>US</rfFrequency>
            <certId>14255</certId>
            <certNumber>ZC08-11100003</certNumber>
        
      </deviceData>

  <deviceDescription>
                <description>
            <lang xml:lang="en">Undercabinet Controller</lang>
          </description>
            <wakeupNote>
            <lang xml:lang="en"></lang>
          </wakeupNote>
            <inclusionNote>
            <lang xml:lang="en"></lang>
          </inclusionNote>
            <productName>Undercabinet Controller</productName>
            <brandName>Kichler Lighting</brandName>
                <productCode>0</productCode>
            <productVersion>0</productVersion>
                    </deviceDescription>

    <commandClasses>
        <commandClass id="0085" controlled="true"/>
        <commandClass id="0020" controlled="true"/>
        <commandClass id="0072" controlled="true"/>
        <commandClass id="0026" controlled="true"/>
      </commandClasses>
  
  
  
    
  
    
  </ZWaveDevice>


