<?xml version="1.0" encoding="utf-8"?>
<ZWaveDevice xmlns="http://www.pepper1.net/zwavedb/xml-schemata/z-wave" schemaVersion="2">

  <descriptorVersion>1</descriptorVersion>

  <deviceData>
            <manufacturerId value="0086"/>
        <productType value="0001"/>
    <productId value="0003"/>
    <libType value="00"/>
    <protoVersion value="02"/>
    <protoSubVersion value="30"/>
    <appVersion value="00"/>
    <appSubVersion value="00"/>
        <basicClass value="01"/>
            <genericClass value="01"/>
            <specificClass value="01"/>
        <optional value="false"/>
    <listening value="false"/>
    <routing value="false"/>
            <rfFrequency>EU</rfFrequency>
            <certId>13985</certId>
            <certNumber>ZC08-10080006</certNumber>
        
      </deviceData>

  <deviceDescription>
                <description>
            <lang xml:lang="en">Z-wave Remote Controller </lang>
          </description>
            <wakeupNote>
            <lang xml:lang="en">Press and hold the button labled &quot;Learn&quot; for 3 seconds</lang>
          </wakeupNote>
            <inclusionNote>
            <lang xml:lang="en">Press the button labled &quot;Learn&quot;</lang>
          </inclusionNote>
            <productName>Minimote EU</productName>
            <brandName>Aeon Labs</brandName>
            <productLine>Z-Wave Product Line</productLine>
            <productCode>DSA03xxx-ZWEU</productCode>
            <productVersion>1.13</productVersion>
                    </deviceDescription>

    <commandClasses>
        <commandClass id="0085" controlled="true"/>
        <commandClass id="0020" controlled="true"/>
        <commandClass id="0070"/>
        <commandClass id="0072"/>
        <commandClass id="0026" controlled="true"/>
        <commandClass id="0086"/>
      </commandClasses>
  
  
  
    
  
    <resourceLinks>
     
    <deviceImage url="http://www.pepper1.net/zwavedb/uploads/resources/d5cc6d2f0c24065d87674fa6246f805d73605210.gif" />
      </resourceLinks>
    
  </ZWaveDevice>


