<?xml version="1.0" encoding="utf-8"?>
<ZWaveDevice xmlns="http://www.pepper1.net/zwavedb/xml-schemata/z-wave" schemaVersion="2">

  <descriptorVersion>1</descriptorVersion>

  <deviceData>
            <manufacturerId value="0095"/>
        <productType value="0001"/>
    <productId value="0000"/>
    <libType value="02"/>
    <protoVersion value="02"/>
    <protoSubVersion value="33"/>
    <appVersion value="01"/>
    <appSubVersion value="0c"/>
        <basicClass value="01"/>
            <genericClass value="01"/>
            <specificClass value="01"/>
        <optional value="true"/>
    <listening value="false"/>
    <routing value="false"/>
        <beamSensor>0</beamSensor>
            <rfFrequency>EU</rfFrequency>
                
      </deviceData>

  <deviceDescription>
                <description>
            <lang xml:lang="en">Key ring remote with four keys and broken firmware (sold in spring-summer 2010)</lang>
            <lang xml:lang="ru">Брелок-пульт управления с четырьмя кнопками и глючной прошивкой</lang>
          </description>
            <wakeupNote>
            <lang xml:lang="en">Long press on service button</lang>
            <lang xml:lang="ru">Долгое нажатие на сервисную кнопку</lang>
          </wakeupNote>
            <inclusionNote>
            <lang xml:lang="en">Triple press on service button</lang>
            <lang xml:lang="ru">Тройное наджание на сервисную кнопку</lang>
          </inclusionNote>
            <productName>QEES Ring</productName>
            <brandName>QEES</brandName>
            <productLine>QEES Home Automation</productLine>
                    <batteryType>CR2032</batteryType>
            <batteryCount>1</batteryCount>
            </deviceDescription>

    <commandClasses>
        <commandClass id="0020" controlled="true" inNIF="false"/>
        <commandClass id="0080"/>
        <commandClass id="0084"/>
        <commandClass id="0085" controlled="true"/>
        <commandClass id="0086"/>
        <commandClass id="002d"/>
        <commandClass id="0070"/>
        <commandClass id="0072"/>
        <commandClass id="0073" version="2"/>
        <commandClass id="002b" controlled="true" inNIF="false"/>
        <commandClass id="0082" controlled="true" inNIF="false"/>
      </commandClasses>
  
    <assocGroups>
        <assocGroup number="1" maxNodes="30">
            <description>
                <lang xml:lang="en">Button 1 (top part of Q)</lang>
                <lang xml:lang="ru">Кнопка №1 (верхняя часть буквы Q)</lang>
              </description>
          </assocGroup>
        <assocGroup number="2" maxNodes="30">
            <description>
                <lang xml:lang="en">Button 2 (right part of Q)</lang>
                <lang xml:lang="ru">Кнопка №2 (правая часть буквы Q)</lang>
              </description>
          </assocGroup>
        <assocGroup number="3" maxNodes="30">
            <description>
                <lang xml:lang="en">Button 3 (bottom part of Q)</lang>
                <lang xml:lang="ru">Кнопка №3 (нижняя часть буквы Q)</lang>
              </description>
          </assocGroup>
        <assocGroup number="4" maxNodes="30">
            <description>
                <lang xml:lang="en">Button 4 (left part of Q)</lang>
                <lang xml:lang="ru">Кнопка №4 (левая часть буквы Q)</lang>
              </description>
          </assocGroup>
      </assocGroups>
  
  
    
  
    <resourceLinks>
     
    <deviceImage url="http://www.pepper1.net/zwavedb/uploads/resources/50d6d40b24b25773a640aee9edbfb6da88e96601.gif" />
      </resourceLinks>
    
  </ZWaveDevice>


