<?xml version="1.0" encoding="utf-8"?>
<ZWaveDevice xmlns="http://www.pepper1.net/zwavedb/xml-schemata/z-wave" schemaVersion="2">

  <descriptorVersion>1</descriptorVersion>

  <deviceData>
            <manufacturerId value="0109"/>
        <productType value="0002"/>
    <productId value="ffff"/>
    <libType value="03"/>
    <protoVersion value="03"/>
    <protoSubVersion value="14"/>
    <appVersion value="13"/>
    <appSubVersion value="12"/>
        <basicClass value="04"/>
            <genericClass value="40"/>
            <specificClass value="03"/>
        <optional value="true"/>
    <listening value="false"/>
    <routing value="true"/>
        <beamSensor>1000</beamSensor>
                    
      </deviceData>

  <deviceDescription>
                <description>
            <lang xml:lang="en">Yale cool Door lock</lang>
          </description>
            <wakeupNote>
            <lang xml:lang="en"></lang>
          </wakeupNote>
            <inclusionNote>
            <lang xml:lang="en">Push Button</lang>
          </inclusionNote>
            <productName>Yale cool Door lock</productName>
                        <productVersion>0</productVersion>
                    </deviceDescription>

    <commandClasses>
        <commandClass id="0020" inNIF="false"/>
        <commandClass id="0098"/>
        <commandClass id="0072"/>
        <commandClass id="0062" inNIF="false"/>
        <commandClass id="0086"/>
      </commandClasses>
  
  
  
    
  
    
  </ZWaveDevice>


