<?xml version="1.0" encoding="utf-8"?>
<ZWaveDevice xmlns="http://www.pepper1.net/zwavedb/xml-schemata/z-wave" schemaVersion="2">

  <descriptorVersion>1</descriptorVersion>

  <deviceData>
            <manufacturerId value="5254"/>
        <productType value="0200"/>
    <productId value="8030"/>
    <libType value="00"/>
    <protoVersion value="03"/>
    <protoSubVersion value="22"/>
    <appVersion value="00"/>
    <appSubVersion value="00"/>
        <basicClass value="04"/>
            <genericClass value="08"/>
            <specificClass value="06"/>
        <optional value="false"/>
    <listening value="false"/>
    <routing value="false"/>
            <rfFrequency>US</rfFrequency>
            <certId>14716</certId>
            <certNumber>ZC08-12040004</certNumber>
        
      </deviceData>

  <deviceDescription>
                <description>
            <lang xml:lang="en">Z-Thermostat</lang>
          </description>
            <wakeupNote>
            <lang xml:lang="en"></lang>
          </wakeupNote>
            <inclusionNote>
            <lang xml:lang="en">Press and hold “Home” key for 2
seconds to entry the Add
(Inclusion) / Delete (Exclusion)
Mode. Press “Prog＂ key once, it will
search the network. If the ZTS-100 is added into the
network, the signal of “done” will
be shown.
Inclusion is completed.</lang>
          </inclusionNote>
            <productName>ZTS-100US</productName>
            <brandName>Remotec</brandName>
            <productLine>ZTS-100</productLine>
            <productCode>BW8030US</productCode>
            <productVersion>0.0</productVersion>
            <batteryType>AA</batteryType>
            <batteryCount>4</batteryCount>
            </deviceDescription>

    <commandClasses>
        <commandClass id="0020"/>
        <commandClass id="0080"/>
        <commandClass id="0081"/>
        <commandClass id="0072"/>
        <commandClass id="0031"/>
        <commandClass id="0044"/>
        <commandClass id="0045"/>
        <commandClass id="0040"/>
        <commandClass id="0042"/>
        <commandClass id="0047"/>
        <commandClass id="0043"/>
        <commandClass id="0086"/>
      </commandClasses>
  
  
  
    
  
    <resourceLinks>
     
    <deviceImage url="http://www.pepper1.net/zwavedb/uploads/resources/3e243f1333133bc8b1c90043f513bc64f7c17fdf.jpg" />
      </resourceLinks>
    
  </ZWaveDevice>


