<?xml version="1.0" encoding="utf-8"?>
<ZWaveDevice xmlns="http://www.pepper1.net/zwavedb/xml-schemata/z-wave" schemaVersion="2">

  <descriptorVersion>1</descriptorVersion>

  <deviceData>
            <manufacturerId value="001d"/>
        <productType value="0702"/>
    <productId value="0261"/>
    <libType value="01"/>
    <protoVersion value="02"/>
    <protoSubVersion value="61"/>
    <appVersion value="00"/>
    <appSubVersion value="02"/>
        <basicClass value="02"/>
            <genericClass value="01"/>
            <specificClass value="00"/>
        <optional value="true"/>
    <listening value="true"/>
    <routing value="true"/>
        <beamSensor>0</beamSensor>
                    
      </deviceData>

  <deviceDescription>
                <description>
            <lang xml:lang="en">Wall Insert Scene Controller</lang>
          </description>
            <wakeupNote>
            <lang xml:lang="en"></lang>
          </wakeupNote>
            <inclusionNote>
            <lang xml:lang="en">Push Button</lang>
          </inclusionNote>
            <productName>4-Zone Controller</productName>
            <brandName>Leviton</brandName>
            <productLine>vizia rf+ decora</productLine>
            <productCode>VRCZ4-M0Z</productCode>
                        </deviceDescription>

    <commandClasses>
        <commandClass id="0082"/>
        <commandClass id="0085"/>
        <commandClass id="0086"/>
        <commandClass id="002d"/>
        <commandClass id="0091"/>
        <commandClass id="0072"/>
        <commandClass id="0073"/>
        <commandClass id="0077"/>
        <commandClass id="007c"/>
      </commandClasses>
  
    <assocGroups>
        <assocGroup number="4" maxNodes="232">
            <description>
                <lang xml:lang="en"></lang>
              </description>
          </assocGroup>
        <assocGroup number="3" maxNodes="232">
            <description>
                <lang xml:lang="en"></lang>
              </description>
          </assocGroup>
        <assocGroup number="2" maxNodes="232">
            <description>
                <lang xml:lang="en"></lang>
              </description>
          </assocGroup>
        <assocGroup number="1" maxNodes="232">
            <description>
                <lang xml:lang="en"></lang>
              </description>
          </assocGroup>
      </assocGroups>
  
  
    
  
    <resourceLinks>
     
    <deviceImage url="http://www.pepper1.net/zwavedb/uploads/resources/cce449428266063d5bed644be900cb93e6fa081a.jpg" />
      </resourceLinks>
    
  </ZWaveDevice>


