<?xml version="1.0" encoding="utf-8"?>
<ZWaveDevice xmlns="http://www.pepper1.net/zwavedb/xml-schemata/z-wave" schemaVersion="2">

  <descriptorVersion>1</descriptorVersion>

  <deviceData>
            <manufacturerId value="001d"/>
        <productType value="0401"/>
    <productId value="0209"/>
    <libType value="03"/>
    <protoVersion value="02"/>
    <protoSubVersion value="09"/>
    <appVersion value="00"/>
    <appSubVersion value="04"/>
        <basicClass value="04"/>
            <genericClass value="11"/>
            <specificClass value="04"/>
        <optional value="false"/>
    <listening value="true"/>
    <routing value="true"/>
        <beamSensor>0</beamSensor>
            <rfFrequency>US</rfFrequency>
                
      </deviceData>

  <deviceDescription>
                <description>
            <lang xml:lang="en">Dimming Wall Insert</lang>
          </description>
            <wakeupNote>
            <lang xml:lang="en"></lang>
          </wakeupNote>
            <inclusionNote>
            <lang xml:lang="en">Push Button</lang>
          </inclusionNote>
            <productName>Scene Capable Push On/Off Dimmer</productName>
            <brandName>Leviton</brandName>
            <productLine>vizia rf+ decora</productLine>
            <productCode>VRI06-1LZ</productCode>
                        </deviceDescription>

    <commandClasses>
        <commandClass id="0020" inNIF="false"/>
        <commandClass id="0085"/>
        <commandClass id="0026"/>
        <commandClass id="0027"/>
        <commandClass id="002b"/>
        <commandClass id="002c"/>
        <commandClass id="0091"/>
        <commandClass id="0072"/>
        <commandClass id="0073"/>
        <commandClass id="0077"/>
        <commandClass id="0086"/>
      </commandClasses>
  
    <assocGroups>
        <assocGroup number="1" maxNodes="232">
            <description>
                <lang xml:lang="en"></lang>
              </description>
          </assocGroup>
      </assocGroups>
  
  
    
  
    <resourceLinks>
     
    <deviceImage url="http://www.pepper1.net/zwavedb/uploads/resources/90d74a8ff558b979dffed40313d1e9a7cb92254b.jpg" />
      </resourceLinks>
    
  </ZWaveDevice>


