<?xml version="1.0" encoding="utf-8"?>
<ZWaveDevice xmlns="http://www.pepper1.net/zwavedb/xml-schemata/z-wave" schemaVersion="2">

  <descriptorVersion>1</descriptorVersion>

  <deviceData>
            <manufacturerId value="0109"/>
        <productType value="0002"/>
    <productId value="ffff"/>
    <libType value="03"/>
    <protoVersion value="03"/>
    <protoSubVersion value="14"/>
    <appVersion value="13"/>
    <appSubVersion value="12"/>
        <basicClass value="04"/>
            <genericClass value="40"/>
            <specificClass value="03"/>
        <optional value="true"/>
    <listening value="false"/>
    <routing value="true"/>
        <beamSensor>1000</beamSensor>
            <rfFrequency>US</rfFrequency>
                
      </deviceData>

  <deviceDescription>
                <description>
            <lang xml:lang="en">Yale Cool Door Lock</lang>
          </description>
            <wakeupNote>
            <lang xml:lang="en"></lang>
          </wakeupNote>
            <inclusionNote>
            <lang xml:lang="en">Push Button</lang>
          </inclusionNote>
            <productName>Push Button Deadbolt</productName>
            <brandName>Yale real Living</brandName>
            <productLine>Keyless Entry</productLine>
                            </deviceDescription>

    <commandClasses>
        <commandClass id="0020" inNIF="false"/>
        <commandClass id="0098"/>
        <commandClass id="0072"/>
        <commandClass id="0062" inNIF="false"/>
        <commandClass id="0086"/>
      </commandClasses>
  
  
  
    
  
    <resourceLinks>
     
    <deviceImage url="http://www.pepper1.net/zwavedb/uploads/resources/2367d140ece2fce9c5947d81e20d2ae7a941af4b.jpg" />
      </resourceLinks>
    
  </ZWaveDevice>


