<?xml version="1.0" encoding="utf-8"?>
<ZWaveDevice xmlns="http://www.pepper1.net/zwavedb/xml-schemata/z-wave" schemaVersion="2">

  <descriptorVersion>1</descriptorVersion>

  <deviceData>
            <manufacturerId value="0098"/>
        <productType value="5002"/>
    <productId value="0100"/>
    <libType value="03"/>
    <protoVersion value="02"/>
    <protoSubVersion value="4e"/>
    <appVersion value="07"/>
    <appSubVersion value="04"/>
        <basicClass value="04"/>
            <genericClass value="08"/>
            <specificClass value="06"/>
        <optional value="true"/>
    <listening value="true"/>
    <routing value="true"/>
        <beamSensor>0</beamSensor>
            <rfFrequency>US</rfFrequency>
                
      </deviceData>

  <deviceDescription>
                <description>
            <lang xml:lang="en">Programmable Communicating Thermostat</lang>
          </description>
            <wakeupNote>
            <lang xml:lang="en"></lang>
          </wakeupNote>
            <inclusionNote>
            <lang xml:lang="en">Push Menu button, choose network, choose Z-Wave Radio, push &quot;Mate&quot; (only usable with Z-Wave Module)</lang>
          </inclusionNote>
            <productName>CT 80 - 7 Day Programmable</productName>
            <brandName>Radio Thermostat</brandName>
                                </deviceDescription>

    <commandClasses>
        <commandClass id="0040" version="2"/>
        <commandClass id="0020"/>
        <commandClass id="0042"/>
        <commandClass id="0043" version="2"/>
        <commandClass id="0044"/>
        <commandClass id="0086"/>
        <commandClass id="0081"/>
        <commandClass id="0088"/>
        <commandClass id="0080"/>
        <commandClass id="0087"/>
        <commandClass id="0072"/>
        <commandClass id="0070"/>
        <commandClass id="0031" version="2"/>
        <commandClass id="0092"/>
        <commandClass id="0093"/>
      </commandClasses>
  
  
  
    
  
    <resourceLinks>
     
    <deviceImage url="http://www.pepper1.net/zwavedb/uploads/resources/5c69e6b3821de8ad42da07e920f66a70e2dc0bd9.jpg" />
      </resourceLinks>
    
  </ZWaveDevice>


