<?xml version="1.0" encoding="utf-8"?>
<ZWaveDevice xmlns="http://www.pepper1.net/zwavedb/xml-schemata/z-wave" schemaVersion="2">

  <descriptorVersion>1</descriptorVersion>

  <deviceData>
            <manufacturerId value="001a"/>
        <productType value="574d"/>
    <productId value="0000"/>
    <libType value="01"/>
    <protoVersion value="02"/>
    <protoSubVersion value="33"/>
    <appVersion value="01"/>
    <appSubVersion value="08"/>
        <basicClass value="02"/>
            <genericClass value="02"/>
            <specificClass value="02"/>
        <optional value="true"/>
    <listening value="true"/>
    <routing value="false"/>
        <beamSensor>0</beamSensor>
            <rfFrequency>US</rfFrequency>
                
      </deviceData>

  <deviceDescription>
                <description>
            <lang xml:lang="en">ASPIRE RF 5-Button Scene Control Keypad</lang>
          </description>
            <wakeupNote>
            <lang xml:lang="en"></lang>
          </wakeupNote>
            <inclusionNote>
            <lang xml:lang="en">Hit the all off button (Exclusion: press 1,3,5 for 5 sec, push all off button afterwards)</lang>
          </inclusionNote>
            <productName>RF 5-Scene Controller</productName>
            <brandName>Aspire RF</brandName>
            <productLine>Wireless Control System</productLine>
            <productCode>RFWC5SG</productCode>
                        </deviceDescription>

    <commandClasses>
        <commandClass id="0020" inNIF="false"/>
        <commandClass id="0021"/>
        <commandClass id="0022"/>
        <commandClass id="0085"/>
        <commandClass id="0086"/>
        <commandClass id="0087"/>
        <commandClass id="002d"/>
        <commandClass id="0070"/>
        <commandClass id="0072"/>
        <commandClass id="0077"/>
      </commandClasses>
  
    <assocGroups>
        <assocGroup number="1" maxNodes="232">
            <description>
                <lang xml:lang="en"></lang>
              </description>
          </assocGroup>
      </assocGroups>
  
  
    
  
    <resourceLinks>
     
    <deviceImage url="http://www.pepper1.net/zwavedb/uploads/resources/2fd599a32c14bb7da7a5a8ba86b4518a17573c7d.jpg" />
      </resourceLinks>
    
  </ZWaveDevice>


