<?xml version="1.0" encoding="utf-8"?>
<ZWaveDevice xmlns="http://www.pepper1.net/zwavedb/xml-schemata/z-wave" schemaVersion="2">

  <descriptorVersion>1</descriptorVersion>

  <deviceData>
            <manufacturerId value="001a"/>
        <productType value="5244"/>
    <productId value="0000"/>
    <libType value="03"/>
    <protoVersion value="02"/>
    <protoSubVersion value="09"/>
    <appVersion value="01"/>
    <appSubVersion value="0a"/>
        <basicClass value="04"/>
            <genericClass value="10"/>
            <specificClass value="01"/>
        <optional value="true"/>
    <listening value="true"/>
    <routing value="true"/>
        <beamSensor>0</beamSensor>
            <rfFrequency>US</rfFrequency>
                
      </deviceData>

  <deviceDescription>
                <description>
            <lang xml:lang="en">Switched Wall Outlet</lang>
          </description>
            <wakeupNote>
            <lang xml:lang="en"></lang>
          </wakeupNote>
            <inclusionNote>
            <lang xml:lang="en">Push Button</lang>
          </inclusionNote>
            <productName>RF Split Control Duplex Receptacle</productName>
            <brandName>Aspire RF</brandName>
            <productLine>Wireless Control System</productLine>
            <productCode>RFTR9505-TSG</productCode>
                        </deviceDescription>

    <commandClasses>
        <commandClass id="0020" inNIF="false"/>
        <commandClass id="0082"/>
        <commandClass id="0025"/>
        <commandClass id="0086"/>
        <commandClass id="0027"/>
        <commandClass id="002b"/>
        <commandClass id="002c"/>
        <commandClass id="0070"/>
        <commandClass id="0071"/>
        <commandClass id="0072"/>
        <commandClass id="0073"/>
        <commandClass id="0075"/>
        <commandClass id="0077"/>
        <commandClass id="0087"/>
        <commandClass id="0085"/>
      </commandClasses>
  
    <assocGroups>
        <assocGroup number="1" maxNodes="0">
            <description>
                <lang xml:lang="en"></lang>
              </description>
          </assocGroup>
      </assocGroups>
  
  
    
  
    <resourceLinks>
     
    <deviceImage url="http://www.pepper1.net/zwavedb/uploads/resources/df38d6e14e0e404fd3ae07c51aec43079c532fad.jpg" />
      </resourceLinks>
    
  </ZWaveDevice>


