<?xml version="1.0" encoding="utf-8"?>
<ZWaveDevice xmlns="http://www.pepper1.net/zwavedb/xml-schemata/z-wave" schemaVersion="2">

  <descriptorVersion>1</descriptorVersion>

  <deviceData>
            <manufacturerId value="0060"/>
        <productType value="0002"/>
    <productId value="0001"/>
    <libType value="06"/>
    <protoVersion value="02"/>
    <protoSubVersion value="40"/>
    <appVersion value="01"/>
    <appSubVersion value="03"/>
        <basicClass value="04"/>
            <genericClass value="20"/>
            <specificClass value="01"/>
        <optional value="true"/>
    <listening value="false"/>
    <routing value="true"/>
        <beamSensor>0</beamSensor>
                    
      </deviceData>

  <deviceDescription>
                <description>
            <lang xml:lang="de">Tür/Fenster Sensor</lang>
            <lang xml:lang="en">Door/Window Sensor</lang>
          </description>
            <wakeupNote>
            <lang xml:lang="de">Manipulationschutzschalter drücken</lang>
            <lang xml:lang="en">Push Tampering Switch. Attention: may not work when already included.</lang>
          </wakeupNote>
            <inclusionNote>
            <lang xml:lang="de">Manipulationschutzschalter drücken</lang>
            <lang xml:lang="en">Push Tampering Switch.</lang>
          </inclusionNote>
            <productName>SM103</productName>
            <brandName>Everspring</brandName>
            <productLine>Sensors</productLine>
                    <batteryType>AAA</batteryType>
            <batteryCount>3</batteryCount>
            </deviceDescription>

    <commandClasses>
        <commandClass id="0020"/>
        <commandClass id="0080"/>
        <commandClass id="0084" version="2"/>
        <commandClass id="0085"/>
        <commandClass id="0086"/>
        <commandClass id="0030"/>
        <commandClass id="0070"/>
        <commandClass id="0072"/>
      </commandClasses>
  
    <assocGroups>
        <assocGroup number="1" maxNodes="5">
            <description>
                <lang xml:lang="de">Sensor löst aus</lang>
                <lang xml:lang="en">Triggered</lang>
              </description>
          </assocGroup>
      </assocGroups>
  
    <configParams>
        <configParam number="1" type="range" size="1" default="63">
            <name>
                <lang xml:lang="de">Phasenlage des Schaltkommandos</lang>
                <lang xml:lang="en">Level sent on open event</lang>
              </name>
                  <description>
                <lang xml:lang="de">Definiert das Kommando, das beim Ausloesen des Sensors an ein assoziiertes Gerät gesendet wird</lang>
                <lang xml:lang="en">Defines which level to send when sensor triggers</lang>
              </description>
      
                  <value from="01" to="63">
                <description>
                    <lang xml:lang="de"></lang>
                    <lang xml:lang="en">Level</lang>
                  </description>
              </value>
            <value from="63" to="63">
                <description>
                    <lang xml:lang="de"></lang>
                    <lang xml:lang="en">100%</lang>
                  </description>
              </value>
            <value from="ff" to="ff">
                <description>
                    <lang xml:lang="de"></lang>
                    <lang xml:lang="en">On</lang>
                  </description>
              </value>
                </configParam>
        <configParam number="2" type="range" size="1" default="01">
            <name>
                <lang xml:lang="de">Ausschaltverzögerung</lang>
                <lang xml:lang="en">OFF Delay</lang>
              </name>
                  <description>
                <lang xml:lang="de">Definiert die Zeit, nach der ein assoziiertes Gerät wieder ausgeschaltet wird</lang>
                <lang xml:lang="en">Defines the time to wait before the sensor will send OFF command</lang>
              </description>
      
                  <value from="00" to="00">
                <description>
                    <lang xml:lang="de"></lang>
                    <lang xml:lang="en">Immediately</lang>
                  </description>
              </value>
            <value from="01" to="7f" unit="sec">
                <description>
                    <lang xml:lang="de"></lang>
                    <lang xml:lang="en">Seconds</lang>
                  </description>
              </value>
                </configParam>
      </configParams>
  
    
  
    <resourceLinks>
     
    <deviceImage url="http://www.pepper1.net/zwavedb/uploads/resources/b517c85093488a83758a9c510231e8641761768a.gif" />
      </resourceLinks>
    
  </ZWaveDevice>


