<?xml version="1.0" encoding="utf-8"?>
<ZWaveDevice xmlns="http://www.pepper1.net/zwavedb/xml-schemata/z-wave" schemaVersion="2">

  <descriptorVersion>1</descriptorVersion>

  <deviceData>
            <manufacturerId value="001a"/>
        <productType value="4449"/>
    <productId value="0000"/>
    <libType value="03"/>
    <protoVersion value="02"/>
    <protoSubVersion value="28"/>
    <appVersion value="01"/>
    <appSubVersion value="10"/>
        <basicClass value="04"/>
            <genericClass value="11"/>
            <specificClass value="01"/>
        <optional value="true"/>
    <listening value="true"/>
    <routing value="true"/>
        <beamSensor>0</beamSensor>
            <rfFrequency>US</rfFrequency>
                
      </deviceData>

  <deviceDescription>
                <description>
            <lang xml:lang="en">Smart Dimmer System Master</lang>
          </description>
            <wakeupNote>
            <lang xml:lang="en"></lang>
          </wakeupNote>
            <inclusionNote>
            <lang xml:lang="en">Push the button.</lang>
          </inclusionNote>
            <productName>RF Smart Dimmer System Master</productName>
            <brandName>Aspire RF</brandName>
            <productLine>Wireless Control System</productLine>
            <productCode>RF9534-NSG</productCode>
                        </deviceDescription>

    <commandClasses>
        <commandClass id="0020" inNIF="false"/>
        <commandClass id="0082"/>
        <commandClass id="0086"/>
        <commandClass id="0026" version="2"/>
        <commandClass id="0027"/>
        <commandClass id="002b"/>
        <commandClass id="002c"/>
        <commandClass id="0070"/>
        <commandClass id="0071"/>
        <commandClass id="0072"/>
        <commandClass id="0073"/>
        <commandClass id="0075" version="2"/>
        <commandClass id="0077"/>
        <commandClass id="0087"/>
        <commandClass id="0085"/>
      </commandClasses>
  
    <assocGroups>
        <assocGroup number="1" maxNodes="5">
            <description>
                <lang xml:lang="en"></lang>
              </description>
          </assocGroup>
      </assocGroups>
  
  
    
  
    <resourceLinks>
     
    <deviceImage url="http://www.pepper1.net/zwavedb/uploads/resources/b58e239f3ce17971bca7d3e0a07d74f7f2a121a3.jpg" />
      </resourceLinks>
    
  </ZWaveDevice>


