<?xml version="1.0" encoding="utf-8"?>
<ZWaveDevice xmlns="http://www.pepper1.net/zwavedb/xml-schemata/z-wave" schemaVersion="2">

  <descriptorVersion>1</descriptorVersion>

  <deviceData>
            <manufacturerId value="001a"/>
        <productType value="0000"/>
    <productId value="0000"/>
    <libType value="00"/>
    <protoVersion value="00"/>
    <protoSubVersion value="00"/>
    <appVersion value="00"/>
    <appSubVersion value="00"/>
        <basicClass value="01"/>
            <genericClass value="01"/>
            <specificClass value="01"/>
        <optional value="false"/>
    <listening value="false"/>
    <routing value="false"/>
        <beamSensor>0</beamSensor>
            <rfFrequency>US</rfFrequency>
                
      </deviceData>

  <deviceDescription>
                <description>
            <lang xml:lang="en">Handheld Controller</lang>
          </description>
            <wakeupNote>
            <lang xml:lang="en"></lang>
          </wakeupNote>
            <inclusionNote>
            <lang xml:lang="en">Choose &quot;Settings&quot; --&gt; &quot;Replicate&quot; --&gt; &quot;Recieve&quot; --&gt; &quot;From Unknown Controller&quot;</lang>
          </inclusionNote>
            <productName>Handheld Controller</productName>
            <brandName>Aspire RF</brandName>
            <productLine>Wireless Control System</productLine>
            <productCode>RFHDCSG</productCode>
                <batteryType>AA</batteryType>
            <batteryCount>2</batteryCount>
            </deviceDescription>

    <commandClasses>
        <commandClass id="0020" inNIF="false"/>
        <commandClass id="0021"/>
        <commandClass id="0071"/>
        <commandClass id="0091"/>
      </commandClasses>
  
  
  
    
  
    <resourceLinks>
     
    <deviceImage url="http://www.pepper1.net/zwavedb/uploads/resources/f09cae9b0fcab4ba127b42ad0b505ec762eb9ef4.jpg" />
      </resourceLinks>
    
  </ZWaveDevice>


