<?xml version="1.0" encoding="utf-8"?>
<ZWaveDevice xmlns="http://www.pepper1.net/zwavedb/xml-schemata/z-wave" schemaVersion="2">

  <descriptorVersion>1</descriptorVersion>

  <deviceData>
            <manufacturerId value="0001"/>
        <productType value="4450"/>
    <productId value="3030"/>
    <libType value="00"/>
    <protoVersion value="02"/>
    <protoSubVersion value="61"/>
    <appVersion value="00"/>
    <appSubVersion value="00"/>
        <basicClass value="04"/>
            <genericClass value="11"/>
            <specificClass value="04"/>
        <optional value="false"/>
    <listening value="true"/>
    <routing value="false"/>
            <rfFrequency>US</rfFrequency>
            <certId>13944</certId>
            <certNumber>ZC08-10070001</certNumber>
        
      </deviceData>

  <deviceDescription>
                <description>
            <lang xml:lang="en">Scene Capable Dimmer Module</lang>
          </description>
            <wakeupNote>
            <lang xml:lang="en"></lang>
          </wakeupNote>
            <inclusionNote>
            <lang xml:lang="en">Tap the button</lang>
          </inclusionNote>
            <productName>ZDP100,LDM-15</productName>
            <brandName>HomePro, Evolve</brandName>
            <productLine>HomePro, Evolve</productLine>
            <productCode>ZDP100, LDM-15</productCode>
            <productVersion>V5</productVersion>
                    </deviceDescription>

    <commandClasses>
        <commandClass id="0070"/>
        <commandClass id="0073"/>
        <commandClass id="0020"/>
        <commandClass id="0026"/>
        <commandClass id="002b"/>
        <commandClass id="002c"/>
        <commandClass id="0027"/>
        <commandClass id="0072"/>
        <commandClass id="0086"/>
      </commandClasses>
  
  
    <configParams>
        <configParam number="29" type="constant" size="1" default="01">
            <name>
                <lang xml:lang="en">Disable/Enable load sense</lang>
              </name>
                  <description>
                <lang xml:lang="en"></lang>
              </description>
      
                  <value from="00" to="00">
                <description>
                    <lang xml:lang="en">Disable load sense</lang>
                  </description>
              </value>
            <value from="01" to="01">
                <description>
                    <lang xml:lang="en">Enable load sense</lang>
                  </description>
              </value>
                </configParam>
      </configParams>
  
    
  
    <resourceLinks>
     
    <deviceImage url="http://www.pepper1.net/zwavedb/uploads/resources/ad1f79b8f7f136815e3c099491368f066a28000b.jpg" />
      </resourceLinks>
    
  </ZWaveDevice>


