<?xml version="1.0" encoding="utf-8"?>
<ZWaveDevice xmlns="http://www.pepper1.net/zwavedb/xml-schemata/z-wave" schemaVersion="2">

  <descriptorVersion>1</descriptorVersion>

  <deviceData>
            <manufacturerId value="0001"/>
        <productType value="5250"/>
    <productId value="3030"/>
    <libType value="00"/>
    <protoVersion value="02"/>
    <protoSubVersion value="61"/>
    <appVersion value="00"/>
    <appSubVersion value="00"/>
        <basicClass value="04"/>
            <genericClass value="10"/>
            <specificClass value="03"/>
        <optional value="false"/>
    <listening value="true"/>
    <routing value="false"/>
            <rfFrequency>US</rfFrequency>
            <certId>13947</certId>
            <certNumber>ZC08-10070003</certNumber>
        
      </deviceData>

  <deviceDescription>
                <description>
            <lang xml:lang="en">Scene Capable  Relay Module</lang>
          </description>
            <wakeupNote>
            <lang xml:lang="en"></lang>
          </wakeupNote>
            <inclusionNote>
            <lang xml:lang="en">Tab the button once</lang>
          </inclusionNote>
            <productName>ZRP100, LPM-15</productName>
            <brandName>HomePro, Evolve</brandName>
            <productLine>HomePro, Evolve</productLine>
            <productCode>ZRP100, LPM-15</productCode>
            <productVersion>V5.1</productVersion>
                    </deviceDescription>

    <commandClasses>
        <commandClass id="0020"/>
        <commandClass id="0025"/>
        <commandClass id="002b"/>
        <commandClass id="002c"/>
        <commandClass id="0086"/>
        <commandClass id="0027"/>
        <commandClass id="0070"/>
        <commandClass id="0072"/>
        <commandClass id="0073"/>
        <commandClass id="0075"/>
      </commandClasses>
  
  
    <configParams>
        <configParam number="104" type="constant" size="1" default="01">
            <name>
                <lang xml:lang="en">Operation Mode</lang>
              </name>
                  <description>
                <lang xml:lang="en"></lang>
              </description>
      
                  <value from="00" to="00">
                <description>
                    <lang xml:lang="en">Enable flash mode wich operates as follows: With Parameter 104 value set to 0, relay is closed and ZRP100 defaults to ON (relay closed).
Whenever the ZRP100 receives a Z-Wave ON command, the ZRP100 will begin cycling its output
relay on and off approximate once per second (1/2 second Off, 1/2 second On) for 20 seconds.
If at any time during that 20 seconds, the ZRP100 receives a Z-Wave OFF command, the ZRP100
will stop cycling its output relay and default to ON.
At any time during that 20 seconds, if the ZRP100 receives a Z-Wave ON command, the ZRP100
will add an additional 20 seconds on/off cycling of its output relay. At the end of the 20 seconds,
the ZRP100 will again default to ON (relay closed).
At any other time, if the ZRP100 receives an OFF command, it will have no effect and the ZRP100
remains ON.</lang>
                  </description>
              </value>
            <value from="01" to="01">
                <description>
                    <lang xml:lang="en">Normal ON/OFF operation</lang>
                  </description>
              </value>
                </configParam>
      </configParams>
  
    
  
    <resourceLinks>
     
    <deviceImage url="http://www.pepper1.net/zwavedb/uploads/resources/584f3a29dfa20653094fb2bee2880891f4f64d30.jpg" />
      </resourceLinks>
    
  </ZWaveDevice>


