<?xml version="1.0" encoding="utf-8"?>
<ZWaveDevice xmlns="http://www.pepper1.net/zwavedb/xml-schemata/z-wave" schemaVersion="2">

  <descriptorVersion>1</descriptorVersion>

  <deviceData>
            <manufacturerId value="0001"/>
        <productType value="5252"/>
    <productId value="3534"/>
    <libType value="00"/>
    <protoVersion value="02"/>
    <protoSubVersion value="61"/>
    <appVersion value="00"/>
    <appSubVersion value="00"/>
        <basicClass value="04"/>
            <genericClass value="10"/>
            <specificClass value="01"/>
        <optional value="false"/>
    <listening value="true"/>
    <routing value="false"/>
            <rfFrequency>US</rfFrequency>
            <certId>13952</certId>
            <certNumber>ZC08-10070002</certNumber>
        
      </deviceData>

  <deviceDescription>
                <description>
            <lang xml:lang="en">Scene Capable  Dual Outlet Receptacle</lang>
          </description>
            <wakeupNote>
            <lang xml:lang="en"></lang>
          </wakeupNote>
            <inclusionNote>
            <lang xml:lang="en">Tap the button.</lang>
          </inclusionNote>
            <productName>ZRR154, LOM-15D</productName>
            <brandName>HomePro, Evolve</brandName>
            <productLine>HomePro, Evolve</productLine>
            <productCode>ZRR154, LOM-15D</productCode>
            <productVersion>V5.1</productVersion>
                    </deviceDescription>

    <commandClasses>
        <commandClass id="0020"/>
        <commandClass id="0025"/>
        <commandClass id="002b"/>
        <commandClass id="002c"/>
        <commandClass id="0027"/>
        <commandClass id="0072"/>
        <commandClass id="0086"/>
        <commandClass id="0073"/>
        <commandClass id="0075"/>
        <commandClass id="0070"/>
      </commandClasses>
  
  
    <configParams>
        <configParam number="3" type="constant" size="1" default="01">
            <name>
                <lang xml:lang="en">Nightlight</lang>
              </name>
                  <description>
                <lang xml:lang="en"></lang>
              </description>
      
                  <value from="00" to="00">
                <description>
                    <lang xml:lang="en">Set this parameter to 0 to have the amber indicator LED show the state of the outlets (indicator ON = outlets ON).</lang>
                  </description>
              </value>
            <value from="01" to="01">
                <description>
                    <lang xml:lang="en">Set this parameter to 1 to have indicator show the opposite state of the controlled outlets (indicator ON = outlets
OFF). This configuration allows the ZRR154 to act as a “night light”.</lang>
                  </description>
              </value>
                </configParam>
      </configParams>
  
    
  
    <resourceLinks>
     
    <deviceImage url="http://www.pepper1.net/zwavedb/uploads/resources/0d9f122dcabb8203af664f15a8bdc6c191e7395b.jpg" />
      </resourceLinks>
    
  </ZWaveDevice>


