<?xml version="1.0" encoding="utf-8"?>
<ZWaveDevice xmlns="http://www.pepper1.net/zwavedb/xml-schemata/z-wave" schemaVersion="2">

  <descriptorVersion>1</descriptorVersion>

  <deviceData>
            <manufacturerId value="0001"/>
        <productType value="5246"/>
    <productId value="3133"/>
    <libType value="00"/>
    <protoVersion value="02"/>
    <protoSubVersion value="61"/>
    <appVersion value="00"/>
    <appSubVersion value="00"/>
        <basicClass value="04"/>
            <genericClass value="10"/>
            <specificClass value="03"/>
        <optional value="false"/>
    <listening value="true"/>
    <routing value="false"/>
            <rfFrequency>US</rfFrequency>
            <certId>13981</certId>
            <certNumber>ZC08-10090006</certNumber>
        
      </deviceData>

  <deviceDescription>
                <description>
            <lang xml:lang="en">Scene Capable  Fixture Relay </lang>
          </description>
            <wakeupNote>
            <lang xml:lang="en"></lang>
          </wakeupNote>
            <inclusionNote>
            <lang xml:lang="en"></lang>
          </inclusionNote>
            <productName>ZRF113, LFM 20</productName>
            <brandName>HomePro, Evolve</brandName>
            <productLine>HomePro, Evolve</productLine>
            <productCode>ZRF113, LFM 20</productCode>
            <productVersion>V5.1</productVersion>
                    </deviceDescription>

    <commandClasses>
        <commandClass id="0020"/>
        <commandClass id="0025"/>
        <commandClass id="002b"/>
        <commandClass id="002c"/>
        <commandClass id="0027"/>
        <commandClass id="0072"/>
        <commandClass id="0086"/>
        <commandClass id="0070"/>
        <commandClass id="0073"/>
      </commandClasses>
  
  
  
    
  
    
  </ZWaveDevice>


