<?xml version="1.0" encoding="utf-8"?>
<ZWaveDevice xmlns="http://www.pepper1.net/zwavedb/xml-schemata/z-wave" schemaVersion="2">

  <descriptorVersion>1</descriptorVersion>

  <deviceData>
            <manufacturerId value="0113"/>
        <productType value="4556"/>
    <productId value="5435"/>
    <libType value="00"/>
    <protoVersion value="03"/>
    <protoSubVersion value="14"/>
    <appVersion value="00"/>
    <appSubVersion value="00"/>
        <basicClass value="04"/>
            <genericClass value="08"/>
            <specificClass value="06"/>
        <optional value="false"/>
    <listening value="true"/>
    <routing value="false"/>
            <rfFrequency>US</rfFrequency>
            <certId>14268</certId>
            <certNumber>ZC08-11060009</certNumber>
        
      </deviceData>

  <deviceDescription>
                <description>
            <lang xml:lang="en">Hotel Z-Wave Thermostat, High Voltage</lang>
          </description>
            <wakeupNote>
            <lang xml:lang="en"></lang>
          </wakeupNote>
            <inclusionNote>
            <lang xml:lang="en">Press the leftmost keypad button when the main screen is displayed.</lang>
          </inclusionNote>
            <productName>T1000</productName>
            <brandName>T1000</brandName>
                                </deviceDescription>

    <commandClasses>
        <commandClass id="0020" controlled="true"/>
        <commandClass id="0040"/>
        <commandClass id="0043"/>
        <commandClass id="0072"/>
        <commandClass id="0031"/>
        <commandClass id="0085"/>
        <commandClass id="0070"/>
        <commandClass id="0073"/>
        <commandClass id="002b"/>
        <commandClass id="002c"/>
        <commandClass id="0044"/>
        <commandClass id="0045"/>
        <commandClass id="0042"/>
        <commandClass id="0086"/>
      </commandClasses>
  
    <assocGroups>
        <assocGroup number="1" maxNodes="5">
            <description>
                <lang xml:lang="en">Associated with alerts</lang>
              </description>
          </assocGroup>
        <assocGroup number="2" maxNodes="5">
            <description>
                <lang xml:lang="en"></lang>
              </description>
          </assocGroup>
        <assocGroup number="3" maxNodes="5">
            <description>
                <lang xml:lang="en"></lang>
              </description>
          </assocGroup>
      </assocGroups>
  
    <configParams>
        <configParam number="1" type="constant" size="1" default="00">
            <name>
                <lang xml:lang="en">System Type</lang>
              </name>
                  <description>
                <lang xml:lang="en"></lang>
              </description>
      
                  <value from="00" to="00">
                <description>
                    <lang xml:lang="en">Standard</lang>
                  </description>
              </value>
            <value from="01" to="01">
                <description>
                    <lang xml:lang="en">Heat Pump</lang>
                  </description>
              </value>
            <value from="02" to="02">
                <description>
                    <lang xml:lang="en">Fan Coil</lang>
                  </description>
              </value>
                </configParam>
        <configParam number="2" type="constant" size="1" default="03">
            <name>
                <lang xml:lang="en">Fan Type</lang>
              </name>
                  <description>
                <lang xml:lang="en"></lang>
              </description>
      
                  <value from="00" to="00">
                <description>
                    <lang xml:lang="en">Gas (no fan w/heat)</lang>
                  </description>
              </value>
            <value from="01" to="01">
                <description>
                    <lang xml:lang="en">Electric (Fan w/heat)</lang>
                  </description>
              </value>
            <value from="02" to="02">
                <description>
                    <lang xml:lang="en">Fan Coil 1 Speed</lang>
                  </description>
              </value>
            <value from="03" to="03">
                <description>
                    <lang xml:lang="en">Fan Coil 2 Speed</lang>
                  </description>
              </value>
            <value from="04" to="04">
                <description>
                    <lang xml:lang="en">Fan Coil 3 Speed</lang>
                  </description>
              </value>
                </configParam>
        <configParam number="3" type="constant" size="1" default="00">
            <name>
                <lang xml:lang="en">Change Over Type</lang>
              </name>
                  <description>
                <lang xml:lang="en"></lang>
              </description>
      
                  <value from="00" to="00">
                <description>
                    <lang xml:lang="en">CO w/cool</lang>
                  </description>
              </value>
            <value from="01" to="01">
                <description>
                    <lang xml:lang="en">CO w/heat</lang>
                  </description>
              </value>
                </configParam>
        <configParam number="4" type="constant" size="1" default="01">
            <name>
                <lang xml:lang="en">C/F Type</lang>
              </name>
                  <description>
                <lang xml:lang="en"></lang>
              </description>
      
                  <value from="00" to="00">
                <description>
                    <lang xml:lang="en">Centigrade</lang>
                  </description>
              </value>
            <value from="01" to="01">
                <description>
                    <lang xml:lang="en">Fahrenheit</lang>
                  </description>
              </value>
                </configParam>
        <configParam number="5" type="constant" size="1" default="00">
            <name>
                <lang xml:lang="en">Mechanical Status</lang>
              </name>
                  <description>
                <lang xml:lang="en"></lang>
              </description>
      
                  <value from="01" to="01">
                <description>
                    <lang xml:lang="en">MECH_H1</lang>
                  </description>
              </value>
            <value from="02" to="02">
                <description>
                    <lang xml:lang="en">MECH_H2</lang>
                  </description>
              </value>
            <value from="04" to="04">
                <description>
                    <lang xml:lang="en">MECH_H3</lang>
                  </description>
              </value>
            <value from="08" to="08">
                <description>
                    <lang xml:lang="en">MECH_C1</lang>
                  </description>
              </value>
            <value from="10" to="10">
                <description>
                    <lang xml:lang="en">MECH_C2</lang>
                  </description>
              </value>
            <value from="20" to="20">
                <description>
                    <lang xml:lang="en">PHANTOM_F</lang>
                  </description>
              </value>
            <value from="40" to="40">
                <description>
                    <lang xml:lang="en">MECH_F</lang>
                  </description>
              </value>
            <value from="80" to="80">
                <description>
                    <lang xml:lang="en">MANUAL_F</lang>
                  </description>
              </value>
                </configParam>
        <configParam number="6" type="constant" size="1" default="00">
            <name>
                <lang xml:lang="en">SCP Status</lang>
              </name>
                  <description>
                <lang xml:lang="en"></lang>
              </description>
      
                  <value from="01" to="01">
                <description>
                    <lang xml:lang="en">STATE_HEAT</lang>
                  </description>
              </value>
            <value from="02" to="02">
                <description>
                    <lang xml:lang="en">STATE_COOL</lang>
                  </description>
              </value>
            <value from="04" to="04">
                <description>
                    <lang xml:lang="en">STATE_2ND</lang>
                  </description>
              </value>
            <value from="08" to="08">
                <description>
                    <lang xml:lang="en">STATE_3RD</lang>
                  </description>
              </value>
            <value from="10" to="10">
                <description>
                    <lang xml:lang="en">STATE_FAN</lang>
                  </description>
              </value>
            <value from="20" to="20">
                <description>
                    <lang xml:lang="en">STATE_VENT</lang>
                  </description>
              </value>
            <value from="40" to="40">
                <description>
                    <lang xml:lang="en">STATE_MOT</lang>
                  </description>
              </value>
            <value from="80" to="80">
                <description>
                    <lang xml:lang="en">STATE_MRT</lang>
                  </description>
              </value>
                </configParam>
        <configParam number="7" type="constant" size="2" default="0000">
            <name>
                <lang xml:lang="en">Autosend Enable Bits</lang>
              </name>
                  <description>
                <lang xml:lang="en">When set, the corresponding report is sent out unsolicited when a changed is detected.</lang>
              </description>
      
                  <value from="0001" to="0001">
                <description>
                    <lang xml:lang="en">TEMPERATURE</lang>
                  </description>
              </value>
            <value from="0002" to="0002">
                <description>
                    <lang xml:lang="en">SETPOINTH</lang>
                  </description>
              </value>
            <value from="0004" to="0004">
                <description>
                    <lang xml:lang="en">SETPOINTC</lang>
                  </description>
              </value>
            <value from="0008" to="0008">
                <description>
                    <lang xml:lang="en">MODE</lang>
                  </description>
              </value>
            <value from="0010" to="0010">
                <description>
                    <lang xml:lang="en">FANMODE</lang>
                  </description>
              </value>
            <value from="0020" to="0020">
                <description>
                    <lang xml:lang="en">FANSTATE</lang>
                  </description>
              </value>
            <value from="0040" to="0040">
                <description>
                    <lang xml:lang="en">OPERATINGSTATE</lang>
                  </description>
              </value>
            <value from="0080" to="0080">
                <description>
                    <lang xml:lang="en">SCHEDENABLE</lang>
                  </description>
              </value>
            <value from="0108" to="0108">
                <description>
                    <lang xml:lang="en">SETBACK</lang>
                  </description>
              </value>
            <value from="0200" to="0200">
                <description>
                    <lang xml:lang="en">RUNHOLD</lang>
                  </description>
              </value>
            <value from="0400" to="0400">
                <description>
                    <lang xml:lang="en">DISPLAYLOCK</lang>
                  </description>
              </value>
            <value from="0800" to="0800">
                <description>
                    <lang xml:lang="en">FILTERALERT</lang>
                  </description>
              </value>
            <value from="1000" to="1000">
                <description>
                    <lang xml:lang="en">MAINTALERT</lang>
                  </description>
              </value>
            <value from="2000" to="2000">
                <description>
                    <lang xml:lang="en">MECHSTATUS</lang>
                  </description>
              </value>
            <value from="4000" to="4000">
                <description>
                    <lang xml:lang="en">SCPSTATUS</lang>
                  </description>
              </value>
                </configParam>
        <configParam number="9" type="constant" size="1" default="00">
            <name>
                <lang xml:lang="en">Display Lock</lang>
              </name>
                  <description>
                <lang xml:lang="en"></lang>
              </description>
      
                  <value from="00" to="00">
                <description>
                    <lang xml:lang="en">unlocked</lang>
                  </description>
              </value>
            <value from="01" to="01">
                <description>
                    <lang xml:lang="en">locked</lang>
                  </description>
              </value>
                </configParam>
        <configParam number="10" type="range" size="1" default="03">
            <name>
                <lang xml:lang="en">MOT</lang>
              </name>
                  <description>
                <lang xml:lang="en"></lang>
              </description>
      
                  <value from="00" to="09">
                <description>
                    <lang xml:lang="en"></lang>
                  </description>
              </value>
                </configParam>
        <configParam number="11" type="range" size="1" default="01">
            <name>
                <lang xml:lang="en">MRT</lang>
              </name>
                  <description>
                <lang xml:lang="en"></lang>
              </description>
      
                  <value from="00" to="09">
                <description>
                    <lang xml:lang="en"></lang>
                  </description>
              </value>
                </configParam>
        <configParam number="12" type="range" size="1" default="01">
            <name>
                <lang xml:lang="en">H Delta Stage 1 ON</lang>
              </name>
                  <description>
                <lang xml:lang="en"></lang>
              </description>
      
                  <value from="01" to="08">
                <description>
                    <lang xml:lang="en"></lang>
                  </description>
              </value>
                </configParam>
        <configParam number="13" type="range" size="1" default="00">
            <name>
                <lang xml:lang="en">H Delta Stage 1 OFF</lang>
              </name>
                  <description>
                <lang xml:lang="en"></lang>
              </description>
      
                  <value from="00" to="08">
                <description>
                    <lang xml:lang="en"></lang>
                  </description>
              </value>
                </configParam>
        <configParam number="14" type="range" size="1" default="02">
            <name>
                <lang xml:lang="en">H Delta Stage 2 ON</lang>
              </name>
                  <description>
                <lang xml:lang="en"></lang>
              </description>
      
                  <value from="01" to="08">
                <description>
                    <lang xml:lang="en"></lang>
                  </description>
              </value>
                </configParam>
        <configParam number="15" type="range" size="1" default="00">
            <name>
                <lang xml:lang="en">H Delta Stage 2 OFF</lang>
              </name>
                  <description>
                <lang xml:lang="en"></lang>
              </description>
      
                  <value from="00" to="08">
                <description>
                    <lang xml:lang="en"></lang>
                  </description>
              </value>
                </configParam>
        <configParam number="16" type="range" size="1" default="03">
            <name>
                <lang xml:lang="en">H Delta Stage 3 ON</lang>
              </name>
                  <description>
                <lang xml:lang="en"></lang>
              </description>
      
                  <value from="01" to="08">
                <description>
                    <lang xml:lang="en"></lang>
                  </description>
              </value>
                </configParam>
        <configParam number="17" type="range" size="1" default="00">
            <name>
                <lang xml:lang="en">H Delta Stage 3 OFF</lang>
              </name>
                  <description>
                <lang xml:lang="en"></lang>
              </description>
      
                  <value from="00" to="08">
                <description>
                    <lang xml:lang="en"></lang>
                  </description>
              </value>
                </configParam>
        <configParam number="18" type="range" size="1" default="01">
            <name>
                <lang xml:lang="en">C Delta Stage 1 ON</lang>
              </name>
                  <description>
                <lang xml:lang="en"></lang>
              </description>
      
                  <value from="01" to="08">
                <description>
                    <lang xml:lang="en"></lang>
                  </description>
              </value>
                </configParam>
        <configParam number="19" type="range" size="1" default="00">
            <name>
                <lang xml:lang="en">C Delta Stage 1 OFF</lang>
              </name>
                  <description>
                <lang xml:lang="en"></lang>
              </description>
      
                  <value from="00" to="08">
                <description>
                    <lang xml:lang="en"></lang>
                  </description>
              </value>
                </configParam>
        <configParam number="20" type="range" size="1" default="02">
            <name>
                <lang xml:lang="en">C Delta Stage 2 ON</lang>
              </name>
                  <description>
                <lang xml:lang="en"></lang>
              </description>
      
                  <value from="01" to="08">
                <description>
                    <lang xml:lang="en"></lang>
                  </description>
              </value>
                </configParam>
        <configParam number="21" type="range" size="1" default="00">
            <name>
                <lang xml:lang="en">C Delta Stage 2 OFF</lang>
              </name>
                  <description>
                <lang xml:lang="en"></lang>
              </description>
      
                  <value from="00" to="08">
                <description>
                    <lang xml:lang="en"></lang>
                  </description>
              </value>
                </configParam>
        <configParam number="24" type="range" size="1" default="00">
            <name>
                <lang xml:lang="en">Setpoint H/C Delta</lang>
              </name>
                  <description>
                <lang xml:lang="en"></lang>
              </description>
      
                  <value from="00" to="0f">
                <description>
                    <lang xml:lang="en"></lang>
                  </description>
              </value>
                </configParam>
        <configParam number="25" type="constant" size="1" default="00">
            <name>
                <lang xml:lang="en">Setback Mode</lang>
              </name>
                  <description>
                <lang xml:lang="en"></lang>
              </description>
      
                  <value from="00" to="00">
                <description>
                    <lang xml:lang="en">No Setback</lang>
                  </description>
              </value>
            <value from="02" to="02">
                <description>
                    <lang xml:lang="en">UnOccupied Mode</lang>
                  </description>
              </value>
            <value from="03" to="03">
                <description>
                    <lang xml:lang="en">Standby Mode</lang>
                  </description>
              </value>
                </configParam>
        <configParam number="29" type="range" size="1" default="44">
            <name>
                <lang xml:lang="en">UnOccupied HSP *</lang>
              </name>
                  <description>
                <lang xml:lang="en"></lang>
              </description>
      
                  <value from="41" to="55" unit="Fahrenheit">
                <description>
                    <lang xml:lang="en"></lang>
                  </description>
              </value>
                </configParam>
        <configParam number="30" type="range" size="1" default="48">
            <name>
                <lang xml:lang="en">UnOccupied CSP *</lang>
              </name>
                  <description>
                <lang xml:lang="en"></lang>
              </description>
      
                  <value from="41" to="55" unit="Fahrenheit">
                <description>
                    <lang xml:lang="en"></lang>
                  </description>
              </value>
                </configParam>
        <configParam number="48" type="constant" size="1" default="00">
            <name>
                <lang xml:lang="en">2nd Stage Heat Enable</lang>
              </name>
                  <description>
                <lang xml:lang="en"></lang>
              </description>
      
                  <value from="00" to="00">
                <description>
                    <lang xml:lang="en">Disable</lang>
                  </description>
              </value>
            <value from="01" to="01">
                <description>
                    <lang xml:lang="en">Enable</lang>
                  </description>
              </value>
                </configParam>
        <configParam number="49" type="constant" size="1" default="00">
            <name>
                <lang xml:lang="en">Aux Heat Enable</lang>
              </name>
                  <description>
                <lang xml:lang="en"></lang>
              </description>
      
                  <value from="00" to="00">
                <description>
                    <lang xml:lang="en">Disable</lang>
                  </description>
              </value>
            <value from="01" to="01">
                <description>
                    <lang xml:lang="en">Enable</lang>
                  </description>
              </value>
                </configParam>
        <configParam number="50" type="constant" size="1" default="00">
            <name>
                <lang xml:lang="en">2nd Stage Cool Enable</lang>
              </name>
                  <description>
                <lang xml:lang="en"></lang>
              </description>
      
                  <value from="00" to="00">
                <description>
                    <lang xml:lang="en">Disable</lang>
                  </description>
              </value>
            <value from="01" to="01">
                <description>
                    <lang xml:lang="en">Enable</lang>
                  </description>
              </value>
                </configParam>
        <configParam number="60" type="range" size="1" default="1e">
            <name>
                <lang xml:lang="en">Backlight Timer</lang>
              </name>
                  <description>
                <lang xml:lang="en"></lang>
              </description>
      
                  <value from="00" to="78">
                <description>
                    <lang xml:lang="en"></lang>
                  </description>
              </value>
                </configParam>
        <configParam number="61" type="range" size="1" default="55">
            <name>
                <lang xml:lang="en">UI Max Heat Setpoint</lang>
              </name>
                  <description>
                <lang xml:lang="en"></lang>
              </description>
      
                  <value from="32" to="55" unit="Fahrenheit">
                <description>
                    <lang xml:lang="en"></lang>
                  </description>
              </value>
                </configParam>
        <configParam number="62" type="range" size="1" default="41">
            <name>
                <lang xml:lang="en">UI Min Cool Setpoint</lang>
              </name>
                  <description>
                <lang xml:lang="en"></lang>
              </description>
      
                  <value from="37" to="63" unit="Fahrenheit">
                <description>
                    <lang xml:lang="en"></lang>
                  </description>
              </value>
                </configParam>
        <configParam number="64" type="rangemapped" size="1" default="00">
            <name>
                <lang xml:lang="en">Screen Timeout</lang>
              </name>
                  <description>
                <lang xml:lang="en"></lang>
              </description>
      
                  <value from="00" to="00">
                <description>
                    <lang xml:lang="en"></lang>
                  </description>
              </value>
            <value from="14" to="78">
                <description>
                    <lang xml:lang="en"></lang>
                  </description>
              </value>
                </configParam>
        <configParam number="90" type="range" size="2" default="0000">
            <name>
                <lang xml:lang="en">Filter Timer</lang>
              </name>
                  <description>
                <lang xml:lang="en"></lang>
              </description>
      
                  <value from="0000" to="0fa0">
                <description>
                    <lang xml:lang="en"></lang>
                  </description>
              </value>
                </configParam>
        <configParam number="92" type="rangemapped" size="2" default="0000">
            <name>
                <lang xml:lang="en">Filter Timer Max</lang>
              </name>
                  <description>
                <lang xml:lang="en"></lang>
              </description>
      
                  <value from="0000" to="0000">
                <description>
                    <lang xml:lang="en">Disable Filter Notify</lang>
                  </description>
              </value>
            <value from="0001" to="0fa0">
                <description>
                    <lang xml:lang="en"></lang>
                  </description>
              </value>
                </configParam>
        <configParam number="94" type="range" size="2" default="0000">
            <name>
                <lang xml:lang="en">Heat Timer</lang>
              </name>
                  <description>
                <lang xml:lang="en"></lang>
              </description>
      
                  <value from="0000" to="0fa0">
                <description>
                    <lang xml:lang="en"></lang>
                  </description>
              </value>
                </configParam>
        <configParam number="98" type="range" size="2" default="0000">
            <name>
                <lang xml:lang="en">Cool Timer</lang>
              </name>
                  <description>
                <lang xml:lang="en"></lang>
              </description>
      
                  <value from="0000" to="0fa0">
                <description>
                    <lang xml:lang="en"></lang>
                  </description>
              </value>
                </configParam>
        <configParam number="102" type="range" size="2" default="0000">
            <name>
                <lang xml:lang="en">Maint Timer (Sum of Heat and Cool Timers)</lang>
              </name>
                  <description>
                <lang xml:lang="en"></lang>
              </description>
      
                  <value from="0000" to="0fa0">
                <description>
                    <lang xml:lang="en"></lang>
                  </description>
              </value>
                </configParam>
        <configParam number="104" type="rangemapped" size="2" default="0000">
            <name>
                <lang xml:lang="en">Maint Timer Max</lang>
              </name>
                  <description>
                <lang xml:lang="en"></lang>
              </description>
      
                  <value from="0000" to="0000">
                <description>
                    <lang xml:lang="en">Disable Maint Notify</lang>
                  </description>
              </value>
            <value from="0001" to="0fa0">
                <description>
                    <lang xml:lang="en"></lang>
                  </description>
              </value>
                </configParam>
        <configParam number="132" type="constant" size="1" default="00">
            <name>
                <lang xml:lang="en">Filter Notify</lang>
              </name>
                  <description>
                <lang xml:lang="en"></lang>
              </description>
      
                  <value from="01" to="01">
                <description>
                    <lang xml:lang="en">Filter Timer &gt;= Filter Max</lang>
                  </description>
              </value>
            <value from="00" to="00">
                <description>
                    <lang xml:lang="en">Filter Timer &lt; Filter Max</lang>
                  </description>
              </value>
                </configParam>
        <configParam number="133" type="constant" size="1" default="00">
            <name>
                <lang xml:lang="en">Maint Notify</lang>
              </name>
                  <description>
                <lang xml:lang="en"></lang>
              </description>
      
                  <value from="01" to="01">
                <description>
                    <lang xml:lang="en">Maint Timer &gt;= Maint Max</lang>
                  </description>
              </value>
            <value from="00" to="00">
                <description>
                    <lang xml:lang="en">Maint Timer &lt; Maint Max</lang>
                  </description>
              </value>
                </configParam>
        <configParam number="183" type="range" size="1" default="46">
            <name>
                <lang xml:lang="en">Comfort Default SP</lang>
              </name>
                  <description>
                <lang xml:lang="en"></lang>
              </description>
      
                  <value from="41" to="55" unit="Fahrenheit">
                <description>
                    <lang xml:lang="en"></lang>
                  </description>
              </value>
                </configParam>
        <configParam number="184" type="range" size="1" default="03">
            <name>
                <lang xml:lang="en">Comfort Delta</lang>
              </name>
                  <description>
                <lang xml:lang="en"></lang>
              </description>
      
                  <value from="01" to="0a">
                <description>
                    <lang xml:lang="en"></lang>
                  </description>
              </value>
                </configParam>
        <configParam number="188" type="range" size="1" default="3c">
            <name>
                <lang xml:lang="en">Standby HSP</lang>
              </name>
                  <description>
                <lang xml:lang="en"></lang>
              </description>
      
                  <value from="32" to="55" unit="Fahrenheit">
                <description>
                    <lang xml:lang="en"></lang>
                  </description>
              </value>
                </configParam>
        <configParam number="189" type="range" size="1" default="00">
            <name>
                <lang xml:lang="en">Standby CSP</lang>
              </name>
                  <description>
                <lang xml:lang="en"></lang>
              </description>
      
                  <value from="41" to="5a" unit="Fahrenheit">
                <description>
                    <lang xml:lang="en"></lang>
                  </description>
              </value>
                </configParam>
        <configParam number="190" type="range" size="1" default="1e">
            <name>
                <lang xml:lang="en">Standby Delay</lang>
              </name>
                  <description>
                <lang xml:lang="en"></lang>
              </description>
      
                  <value from="00" to="f0" unit="seconds">
                <description>
                    <lang xml:lang="en"></lang>
                  </description>
              </value>
                </configParam>
        <configParam number="191" type="constant" size="1" default="00">
            <name>
                <lang xml:lang="en">CardKey Enable</lang>
              </name>
                  <description>
                <lang xml:lang="en">(When enabled, “Insert Cardkey to Enable Thermostat” will be displayed when BASIC_SET = 0x00 is received)</lang>
              </description>
      
                  <value from="00" to="00">
                <description>
                    <lang xml:lang="en">Disable</lang>
                  </description>
              </value>
            <value from="01" to="01">
                <description>
                    <lang xml:lang="en">Enable</lang>
                  </description>
              </value>
                </configParam>
        <configParam number="192" type="constant" size="1" default="00">
            <name>
                <lang xml:lang="en">Setback Disabled</lang>
              </name>
                  <description>
                <lang xml:lang="en"></lang>
              </description>
      
                  <value from="00" to="00">
                <description>
                    <lang xml:lang="en">Enable</lang>
                  </description>
              </value>
            <value from="01" to="01">
                <description>
                    <lang xml:lang="en">Disable</lang>
                  </description>
              </value>
                </configParam>
      </configParams>
  
    
  
    
  </ZWaveDevice>


