<?xml version="1.0" encoding="utf-8"?>
<ZWaveDevice xmlns="http://www.pepper1.net/zwavedb/xml-schemata/z-wave" schemaVersion="2">

  <descriptorVersion>1</descriptorVersion>

  <deviceData>
            <manufacturerId value="008a"/>
        <productType value="0006"/>
    <productId value="0100"/>
    <libType value="06"/>
    <protoVersion value="02"/>
    <protoSubVersion value="61"/>
    <appVersion value="01"/>
    <appSubVersion value="00"/>
        <basicClass value="04"/>
            <genericClass value="10"/>
            <specificClass value="01"/>
        <optional value="true"/>
    <listening value="true"/>
    <routing value="true"/>
        <beamSensor>0</beamSensor>
            <rfFrequency>EU</rfFrequency>
            <certId>14266</certId>
            <certNumber>ZC08-11050005</certNumber>
        
      </deviceData>

  <deviceDescription>
                <description>
            <lang xml:lang="en">Energy Switch</lang>
          </description>
            <wakeupNote>
            <lang xml:lang="en"></lang>
          </wakeupNote>
            <inclusionNote>
            <lang xml:lang="en">Press and hold the push button for 4 seconds and release.</lang>
          </inclusionNote>
            <productName>Energy Switch</productName>
            <brandName>Energy Switch</brandName>
            <productLine>Energy</productLine>
            <productCode>6</productCode>
            <productVersion>1.0</productVersion>
                    </deviceDescription>

    <commandClasses>
        <commandClass id="0020" inNIF="false"/>
        <commandClass id="0025"/>
        <commandClass id="0086"/>
        <commandClass id="0027"/>
        <commandClass id="0032" version="2"/>
        <commandClass id="0070"/>
        <commandClass id="0072"/>
        <commandClass id="0073"/>
        <commandClass id="0075"/>
        <commandClass id="0085"/>
      </commandClasses>
  
    <assocGroups>
        <assocGroup number="1" maxNodes="1">
            <description>
                <lang xml:lang="en">The devices that are
associated can be controlled on application level. Every time the push button is pressed a switch binary report is sent to the associated node.</lang>
              </description>
          </assocGroup>
      </assocGroups>
  
    <configParams>
        <configParam number="1" type="constant" size="1" default="00">
            <name>
                <lang xml:lang="en">Set to default</lang>
              </name>
                  <description>
                <lang xml:lang="en">Set all config values to default values (factory settings). Read more in chapter Factory Reset.</lang>
              </description>
      
                  <value from="ff" to="ff">
                <description>
                    <lang xml:lang="en">Set to default</lang>
                  </description>
              </value>
                </configParam>
        <configParam number="2" type="constant" size="1" default="00">
            <name>
                <lang xml:lang="en">Measure Decimals</lang>
              </name>
                  <description>
                <lang xml:lang="en">The number of decimals the instant energy is reported</lang>
              </description>
      
                  <value from="00" to="00">
                <description>
                    <lang xml:lang="en">0 decimals</lang>
                  </description>
              </value>
            <value from="01" to="01">
                <description>
                    <lang xml:lang="en">1 decimal</lang>
                  </description>
              </value>
            <value from="02" to="02">
                <description>
                    <lang xml:lang="en">2 decimals</lang>
                  </description>
              </value>
            <value from="03" to="03">
                <description>
                    <lang xml:lang="en">3 decimals. Every value higher then 3 will be reported as the value that is set but
handled in SW as if it was 3</lang>
                  </description>
              </value>
                </configParam>
        <configParam number="3" type="rangemapped" size="2" default="0e10">
            <name>
                <lang xml:lang="en">Power limit</lang>
              </name>
                  <description>
                <lang xml:lang="en">The relay automatically switches off when the instant measured
powered is higher then configured value</lang>
              </description>
      
                  <value from="0000" to="0000">
                <description>
                    <lang xml:lang="en">no power limit is selected</lang>
                  </description>
              </value>
            <value from="0001" to="0e10">
                <description>
                    <lang xml:lang="en">variable power limit. &gt; 3600 will be reported as the set value but will be handled in SW as
3600</lang>
                  </description>
              </value>
                </configParam>
        <configParam number="4" type="rangemapped" size="1" default="00">
            <name>
                <lang xml:lang="en">Startup with last known socket status</lang>
              </name>
                  <description>
                <lang xml:lang="en">The state in what the switch is when power is supplied</lang>
              </description>
      
                  <value from="00" to="00">
                <description>
                    <lang xml:lang="en">when power applied socket is always off</lang>
                  </description>
              </value>
            <value from="01" to="ff">
                <description>
                    <lang xml:lang="en">when power applied socket is the state bevore power was disconnected</lang>
                  </description>
              </value>
                </configParam>
        <configParam number="5" type="constant" size="2" default="0000">
            <name>
                <lang xml:lang="en">Temperature offset</lang>
              </name>
                  <description>
                <lang xml:lang="en">A offset for the temperature</lang>
              </description>
      
                  <value from="0001" to="7fff">
                <description>
                    <lang xml:lang="en">A signed integer to determine the offset off the temperature</lang>
                  </description>
              </value>
                </configParam>
      </configParams>
  
    
  
    <resourceLinks>
     
    <deviceImage url="http://www.pepper1.net/zwavedb/uploads/resources/a5f532d17fd75626912f8232897080c7a9d86386.jpg" />
      </resourceLinks>
    
  </ZWaveDevice>


