<?xml version="1.0" encoding="utf-8"?>
<ZWaveDevice xmlns="http://www.pepper1.net/zwavedb/xml-schemata/z-wave" schemaVersion="2">

  <descriptorVersion>1</descriptorVersion>

  <deviceData>
            <manufacturerId value="0086"/>
        <productType value="0000"/>
    <productId value="0000"/>
    <libType value="06"/>
    <protoVersion value="02"/>
    <protoSubVersion value="4a"/>
    <appVersion value="01"/>
    <appSubVersion value="00"/>
        <basicClass value="04"/>
            <genericClass value="10"/>
            <specificClass value="01"/>
        <optional value="true"/>
    <listening value="true"/>
    <routing value="false"/>
        <beamSensor>0</beamSensor>
                    
      </deviceData>

  <deviceDescription>
                <description>
            <lang xml:lang="de"></lang>
            <lang xml:lang="en">4 Button Remote Control</lang>
          </description>
            <wakeupNote>
            <lang xml:lang="de"></lang>
            <lang xml:lang="en">Press Learn for 3 seconds</lang>
          </wakeupNote>
            <inclusionNote>
            <lang xml:lang="de"></lang>
            <lang xml:lang="en">Learn Mode Button</lang>
          </inclusionNote>
            <productName>Minimote </productName>
            <brandName>Aeon Labs</brandName>
            <productLine>Remote Control</productLine>
            <productCode>MINIMOTE</productCode>
                <batteryType>Recharchable</batteryType>
                </deviceDescription>

    <commandClasses>
        <commandClass id="0020"/>
        <commandClass id="0085" version="2"/>
        <commandClass id="0086"/>
        <commandClass id="0027"/>
        <commandClass id="0072"/>
        <commandClass id="0070" version="0"/>
        <commandClass id="0032" version="2"/>
        <commandClass id="0025"/>
      </commandClasses>
  
    <assocGroups>
        <assocGroup number="1" maxNodes="5">
            <description>
                <lang xml:lang="de">Szene 1</lang>
                <lang xml:lang="en">Scene 1</lang>
              </description>
          </assocGroup>
        <assocGroup number="2" maxNodes="5">
            <description>
                <lang xml:lang="de">Szene 2</lang>
                <lang xml:lang="en">Scene 2</lang>
              </description>
          </assocGroup>
        <assocGroup number="3" maxNodes="5">
            <description>
                <lang xml:lang="de">Szene 3</lang>
                <lang xml:lang="en">Scene 3</lang>
              </description>
          </assocGroup>
        <assocGroup number="4" maxNodes="5">
            <description>
                <lang xml:lang="de">Szene 4</lang>
                <lang xml:lang="en">Scene 4</lang>
              </description>
          </assocGroup>
      </assocGroups>
  
    <configParams>
        <configParam number="241" type="rangemapped" size="1" default="00">
            <name>
                <lang xml:lang="de">Modus der Taste 1 (oben links)</lang>
                <lang xml:lang="en">Mode of Button 1 (upper left)</lang>
              </name>
                  <description>
                <lang xml:lang="de">Definiert den Funktionsmode des Tasters 1</lang>
                <lang xml:lang="en">Defines the switching mode of Button 1</lang>
              </description>
      
                  <value from="00" to="00">
                <description>
                    <lang xml:lang="de">Standardmode lt Hersteller</lang>
                    <lang xml:lang="en">Factory Default</lang>
                  </description>
              </value>
            <value from="01" to="01">
                <description>
                    <lang xml:lang="de">als Szenenumschalter</lang>
                    <lang xml:lang="en">Scene Mode</lang>
                  </description>
              </value>
            <value from="02" to="02">
                <description>
                    <lang xml:lang="de">Taste des Include-Modus</lang>
                    <lang xml:lang="en">Add Mode</lang>
                  </description>
              </value>
            <value from="03" to="03">
                <description>
                    <lang xml:lang="de">Taste des Exclude-Modus</lang>
                    <lang xml:lang="en">Remove Mode</lang>
                  </description>
              </value>
            <value from="04" to="04">
                <description>
                    <lang xml:lang="de">Taste des Associationsmodus</lang>
                    <lang xml:lang="en">Association Mode</lang>
                  </description>
              </value>
            <value from="05" to="05">
                <description>
                    <lang xml:lang="de">Taste des Lernmodus</lang>
                    <lang xml:lang="en">Learn Mode</lang>
                  </description>
              </value>
                </configParam>
        <configParam number="242" type="rangemapped" size="1" default="00">
            <name>
                <lang xml:lang="de">Modus der Taste 2 (oben rechts)</lang>
                <lang xml:lang="en">Mode of Button 2 (upper right)</lang>
              </name>
                  <description>
                <lang xml:lang="de">Definiert den Funktionsmode des Tasters 2</lang>
                <lang xml:lang="en">Defines the switching mode of Button 2</lang>
              </description>
      
                  <value from="00" to="00">
                <description>
                    <lang xml:lang="de">Standardmode lt Hersteller</lang>
                    <lang xml:lang="en">Factory Default</lang>
                  </description>
              </value>
            <value from="01" to="01">
                <description>
                    <lang xml:lang="de">als Szenenumschalter</lang>
                    <lang xml:lang="en">Scene Mode</lang>
                  </description>
              </value>
            <value from="02" to="02">
                <description>
                    <lang xml:lang="de">Taste des Include-Modus</lang>
                    <lang xml:lang="en">Add Mode</lang>
                  </description>
              </value>
            <value from="03" to="03">
                <description>
                    <lang xml:lang="de">Taste des Exclude-Modus</lang>
                    <lang xml:lang="en">Remove Mode</lang>
                  </description>
              </value>
            <value from="04" to="04">
                <description>
                    <lang xml:lang="de">Taste des Associationsmodus</lang>
                    <lang xml:lang="en">Association Mode</lang>
                  </description>
              </value>
            <value from="05" to="05">
                <description>
                    <lang xml:lang="de">Taste des Lernmodus</lang>
                    <lang xml:lang="en">Learn Mode</lang>
                  </description>
              </value>
                </configParam>
        <configParam number="243" type="rangemapped" size="1" default="00">
            <name>
                <lang xml:lang="de">Modus der Taste 3 (unten links)</lang>
                <lang xml:lang="en">Mode of Button 3 (lower left)</lang>
              </name>
                  <description>
                <lang xml:lang="de">Definiert den Funktionsmode des Tasters 3</lang>
                <lang xml:lang="en">Defines the switching mode of Button 3</lang>
              </description>
      
                  <value from="00" to="00">
                <description>
                    <lang xml:lang="de">Standardmode lt Hersteller</lang>
                    <lang xml:lang="en">Factory Default</lang>
                  </description>
              </value>
            <value from="01" to="01">
                <description>
                    <lang xml:lang="de">als Szenenumschalter</lang>
                    <lang xml:lang="en">Scene Mode</lang>
                  </description>
              </value>
            <value from="02" to="02">
                <description>
                    <lang xml:lang="de">Taste des Include-Modus</lang>
                    <lang xml:lang="en">Add Mode</lang>
                  </description>
              </value>
            <value from="03" to="03">
                <description>
                    <lang xml:lang="de">Taste des Exclude-Modus</lang>
                    <lang xml:lang="en">Remove Mode</lang>
                  </description>
              </value>
            <value from="04" to="04">
                <description>
                    <lang xml:lang="de">Taste des Associationsmodus</lang>
                    <lang xml:lang="en">Association Mode</lang>
                  </description>
              </value>
            <value from="05" to="05">
                <description>
                    <lang xml:lang="de">Taste des Lernmodus</lang>
                    <lang xml:lang="en">Learn Mode</lang>
                  </description>
              </value>
                </configParam>
        <configParam number="244" type="rangemapped" size="1" default="00">
            <name>
                <lang xml:lang="de">Modus der Taste 4 (unten rechts)</lang>
                <lang xml:lang="en">Mode of Button 4 (lower right)</lang>
              </name>
                  <description>
                <lang xml:lang="de">Definiert den Funktionsmode des Tasters 4</lang>
                <lang xml:lang="en">Defines the switching mode of Button 4</lang>
              </description>
      
                  <value from="00" to="00">
                <description>
                    <lang xml:lang="de">Standardmode lt Hersteller</lang>
                    <lang xml:lang="en">Factory Default</lang>
                  </description>
              </value>
            <value from="01" to="01">
                <description>
                    <lang xml:lang="de">als Szenenumschalter</lang>
                    <lang xml:lang="en">Scene Mode</lang>
                  </description>
              </value>
            <value from="02" to="02">
                <description>
                    <lang xml:lang="de">Taste des Include-Modus</lang>
                    <lang xml:lang="en">Add Mode</lang>
                  </description>
              </value>
            <value from="03" to="03">
                <description>
                    <lang xml:lang="de">Taste des Exclude-Modus</lang>
                    <lang xml:lang="en">Remove Mode</lang>
                  </description>
              </value>
            <value from="04" to="04">
                <description>
                    <lang xml:lang="de">Taste des Associationsmodus</lang>
                    <lang xml:lang="en">Association Mode</lang>
                  </description>
              </value>
            <value from="05" to="05">
                <description>
                    <lang xml:lang="de">Taste des Lernmodus</lang>
                    <lang xml:lang="en">Learn Mode</lang>
                  </description>
              </value>
                </configParam>
        <configParam number="245" type="rangemapped" size="1" default="00">
            <name>
                <lang xml:lang="de">Modus der Taste 5 (Include)</lang>
                <lang xml:lang="en">Mode of Button 5 (marked as Include)</lang>
              </name>
                  <description>
                <lang xml:lang="de">Definiert den Funktionsmode des Tasters 5</lang>
                <lang xml:lang="en">Defines the switching mode of Button 5</lang>
              </description>
      
                  <value from="00" to="00">
                <description>
                    <lang xml:lang="de">Standardmode lt Hersteller</lang>
                    <lang xml:lang="en">Factory Default</lang>
                  </description>
              </value>
            <value from="01" to="01">
                <description>
                    <lang xml:lang="de">als Szenenumschalter</lang>
                    <lang xml:lang="en">Scene Mode</lang>
                  </description>
              </value>
            <value from="02" to="02">
                <description>
                    <lang xml:lang="de">Taste des Include-Modus</lang>
                    <lang xml:lang="en">Add Mode</lang>
                  </description>
              </value>
            <value from="03" to="03">
                <description>
                    <lang xml:lang="de">Taste des Exclude-Modus</lang>
                    <lang xml:lang="en">Remove Mode</lang>
                  </description>
              </value>
            <value from="04" to="04">
                <description>
                    <lang xml:lang="de">Taste des Associationsmodus</lang>
                    <lang xml:lang="en">Association Mode</lang>
                  </description>
              </value>
            <value from="05" to="05">
                <description>
                    <lang xml:lang="de">Taste des Lernmodus</lang>
                    <lang xml:lang="en">Learn Mode</lang>
                  </description>
              </value>
                </configParam>
        <configParam number="246" type="rangemapped" size="1" default="00">
            <name>
                <lang xml:lang="de">Modus der Taste 6 (Exclude)</lang>
                <lang xml:lang="en">Mode of Button 6 (marked as Exclude)</lang>
              </name>
                  <description>
                <lang xml:lang="de">Definiert den Funktionsmode des Tasters 6</lang>
                <lang xml:lang="en">Defines the switching mode of Button 6</lang>
              </description>
      
                  <value from="00" to="00">
                <description>
                    <lang xml:lang="de">Standardmode lt Hersteller</lang>
                    <lang xml:lang="en">Factory Default</lang>
                  </description>
              </value>
            <value from="01" to="01">
                <description>
                    <lang xml:lang="de">als Szenenumschalter</lang>
                    <lang xml:lang="en">Scene Mode</lang>
                  </description>
              </value>
            <value from="02" to="02">
                <description>
                    <lang xml:lang="de">Taste des Include-Modus</lang>
                    <lang xml:lang="en">Add Mode</lang>
                  </description>
              </value>
            <value from="03" to="03">
                <description>
                    <lang xml:lang="de">Taste des Exclude-Modus</lang>
                    <lang xml:lang="en">Remove Mode</lang>
                  </description>
              </value>
            <value from="04" to="04">
                <description>
                    <lang xml:lang="de">Taste des Associationsmodus</lang>
                    <lang xml:lang="en">Association Mode</lang>
                  </description>
              </value>
            <value from="05" to="05">
                <description>
                    <lang xml:lang="de">Taste des Lernmodus</lang>
                    <lang xml:lang="en">Learn Mode</lang>
                  </description>
              </value>
                </configParam>
        <configParam number="247" type="rangemapped" size="1" default="00">
            <name>
                <lang xml:lang="de">Modus der Taste 7 (Association)</lang>
                <lang xml:lang="en">Mode of Button 7 (marked as Association)</lang>
              </name>
                  <description>
                <lang xml:lang="de">Definiert den Funktionsmode des Tasters 7</lang>
                <lang xml:lang="en">Defines the switching mode of Button 7</lang>
              </description>
      
                  <value from="00" to="00">
                <description>
                    <lang xml:lang="de">Standardmode lt Hersteller</lang>
                    <lang xml:lang="en">Factory Default</lang>
                  </description>
              </value>
            <value from="01" to="01">
                <description>
                    <lang xml:lang="de">als Szenenumschalter</lang>
                    <lang xml:lang="en">Scene Mode</lang>
                  </description>
              </value>
            <value from="02" to="02">
                <description>
                    <lang xml:lang="de">Taste des Include-Modus</lang>
                    <lang xml:lang="en">Add Mode</lang>
                  </description>
              </value>
            <value from="03" to="03">
                <description>
                    <lang xml:lang="de">Taste des Exclude-Modus</lang>
                    <lang xml:lang="en">Remove Mode</lang>
                  </description>
              </value>
            <value from="04" to="04">
                <description>
                    <lang xml:lang="de">Taste des Associationsmodus</lang>
                    <lang xml:lang="en">Association Mode</lang>
                  </description>
              </value>
            <value from="05" to="05">
                <description>
                    <lang xml:lang="de">Taste des Lernmodus</lang>
                    <lang xml:lang="en">Learn Mode</lang>
                  </description>
              </value>
                </configParam>
        <configParam number="248" type="rangemapped" size="1" default="00">
            <name>
                <lang xml:lang="de">Modus der Taste 8 (Learn)</lang>
                <lang xml:lang="en">Mode of Button 8 (marked as LEARN)</lang>
              </name>
                  <description>
                <lang xml:lang="de">Definiert den Funktionsmode des Tasters 8</lang>
                <lang xml:lang="en">Defines the switching mode of Button 8</lang>
              </description>
      
                  <value from="00" to="00">
                <description>
                    <lang xml:lang="de">Standardmode lt Hersteller</lang>
                    <lang xml:lang="en">Factory Default</lang>
                  </description>
              </value>
            <value from="02" to="02">
                <description>
                    <lang xml:lang="de">Taste des Include-Modus</lang>
                    <lang xml:lang="en">Add Mode</lang>
                  </description>
              </value>
            <value from="03" to="03">
                <description>
                    <lang xml:lang="de">Taste des Exclude-Modus</lang>
                    <lang xml:lang="en">Remove Mode</lang>
                  </description>
              </value>
            <value from="04" to="04">
                <description>
                    <lang xml:lang="de">Taste des Associationsmodus</lang>
                    <lang xml:lang="en">Association Mode</lang>
                  </description>
              </value>
            <value from="05" to="05">
                <description>
                    <lang xml:lang="de">Taste des Lernmodus</lang>
                    <lang xml:lang="en">Learn Mode</lang>
                  </description>
              </value>
                </configParam>
      </configParams>
  
    
  
    <resourceLinks>
     
    <deviceImage url="http://www.pepper1.net/zwavedb/uploads/resources/cc7406e88bfb5c544ad0791e59dfae0bd2adbe25.gif" />
      </resourceLinks>
    
  </ZWaveDevice>


