<?xml version="1.0" encoding="utf-8"?>
<ZWaveDevice xmlns="http://www.pepper1.net/zwavedb/xml-schemata/z-wave" schemaVersion="2">

  <descriptorVersion>1</descriptorVersion>

  <deviceData>
            <manufacturerId value="0005"/>
        <productType value="5045"/>
    <productId value="0653"/>
    <libType value="00"/>
    <protoVersion value="02"/>
    <protoSubVersion value="4e"/>
    <appVersion value="00"/>
    <appSubVersion value="00"/>
        <basicClass value="04"/>
            <genericClass value="10"/>
            <specificClass value="01"/>
        <optional value="false"/>
    <listening value="true"/>
    <routing value="false"/>
            <rfFrequency>US</rfFrequency>
            <certId>14104</certId>
            <certNumber>ZC08-11030009</certNumber>
        
      </deviceData>

  <deviceDescription>
                <description>
            <lang xml:lang="en">Five-Channel Remote Receiver</lang>
          </description>
            <wakeupNote>
            <lang xml:lang="en"></lang>
          </wakeupNote>
            <inclusionNote>
            <lang xml:lang="en">Tap the &quot;Include&quot; button at the back of the device.</lang>
          </inclusionNote>
            <productName>Five-Channel Wireless Remote Receiver</productName>
            <brandName>MultiWave</brandName>
            <productLine>Pool and Spa Controls</productLine>
            <productCode>PE653</productCode>
            <productVersion>V3.1</productVersion>
                    </deviceDescription>

    <commandClasses>
        <commandClass id="0020" controlled="true"/>
        <commandClass id="0025"/>
        <commandClass id="0027"/>
        <commandClass id="0072"/>
        <commandClass id="0086"/>
        <commandClass id="0081"/>
        <commandClass id="0085"/>
        <commandClass id="0070"/>
        <commandClass id="0091"/>
        <commandClass id="0060"/>
        <commandClass id="0031"/>
        <commandClass id="0073"/>
        <commandClass id="0043"/>
      </commandClasses>
  
    <assocGroups>
        <assocGroup number="1" maxNodes="5">
            <description>
                <lang xml:lang="en">Association Group 1</lang>
              </description>
          </assocGroup>
      </assocGroups>
  
    <configParams>
        <configParam number="1" type="bitrange" size="2" default="0000">
            <name>
                <lang xml:lang="en">PE653 OPERATION MODE                    </lang>
              </name>
                  <description>
                <lang xml:lang="en">The PE653 has several settings that modify the PE653 circuit behaviors and inter-dependencies.  These settings and modes are defined in detail in the User manual.  You may use this Configuration parameter to set these modes.  </lang>
              </description>
      
                  <value from="0000" to="0007">
                <description>
                    <lang xml:lang="en">This byte set to the circuit or variable speed pump speed to activate when the Cleaner/Booster pump needs to be active. The valid settings for this field are one of the following: Booster/Cleaner Functionality not supported	= 0x01, Circuit-1 used for Booster/Cleaner = 0x02, Variable Speed pump Speed-1 used for Booster/Cleaner = 	0x03, Variable Speed pump Speed-2 used for Booster/Cleaner = 0x04, Variable Speed pump Speed-3 used for Booster/Cleaner = 	0x05, Variable Speed pump Speed-4 used for Booster/Cleaner = 0x06</lang>
                  </description>
              </value>
            <value from="0008" to="000f">
                <description>
                    <lang xml:lang="en">This byte is used to indicate the following two pieces of information.
o	Whether the installed pump is a one or two speed pump
o	Whether the Booster/Cleaner is installed or not
The valid setting for this field is the combination (logical ORing) of these two pieces of information.  This field can have the following values applied to it: One Speed/NO = 0x00, One Speed/YES = 0x01, Two Speed/NO	= 0x02, Two Speed/YES = 0x03
</lang>
                  </description>
              </value>
                </configParam>
        <configParam number="2" type="constant" size="1" default="00">
            <name>
                <lang xml:lang="en">FIREMAN_TIMEOUT         </lang>
              </name>
                  <description>
                <lang xml:lang="en">Used to Disable, enable and set fireman cool down durations for preventing heater over heating. The PE653 allows the user to configure whether there is a fireman cool down period associated with an attached heater (circuit 5) and if there is, how long the cool down period will be.  You may use this Configuration parameter to set these modes.</lang>
              </description>
      
                  <value from="ff" to="ff">
                <description>
                    <lang xml:lang="en">Fireman Disabled (no heater installed)</lang>
                  </description>
              </value>
            <value from="00" to="00">
                <description>
                    <lang xml:lang="en">Fireman Enabled (heater installed) with no cool down period</lang>
                  </description>
              </value>
            <value from="01" to="01">
                <description>
                    <lang xml:lang="en">Fireman Enabled (heater installed) with cool down period = 1 minute</lang>
                  </description>
              </value>
            <value from="02" to="02">
                <description>
                    <lang xml:lang="en">Fireman Enabled (heater installed) with cool down period = 2 minute</lang>
                  </description>
              </value>
            <value from="03" to="03">
                <description>
                    <lang xml:lang="en">Fireman Enabled (heater installed) with cool down period = 3 minute</lang>
                  </description>
              </value>
            <value from="04" to="04">
                <description>
                    <lang xml:lang="en">Fireman Enabled (heater installed) with cool down period = 4 minute</lang>
                  </description>
              </value>
            <value from="05" to="05">
                <description>
                    <lang xml:lang="en">Fireman Enabled (heater installed) with cool down period = 5 minute</lang>
                  </description>
              </value>
            <value from="06" to="06">
                <description>
                    <lang xml:lang="en">Fireman Enabled (heater installed) with cool down period = 6 minute</lang>
                  </description>
              </value>
            <value from="07" to="07">
                <description>
                    <lang xml:lang="en">Fireman Enabled (heater installed) with cool down period = 7 minute</lang>
                  </description>
              </value>
            <value from="08" to="08">
                <description>
                    <lang xml:lang="en">Fireman Enabled (heater installed) with cool down period = 8 minute</lang>
                  </description>
              </value>
            <value from="09" to="09">
                <description>
                    <lang xml:lang="en">Fireman Enabled (heater installed) with cool down period = 9 minute</lang>
                  </description>
              </value>
            <value from="0a" to="0a">
                <description>
                    <lang xml:lang="en">Fireman Enabled (heater installed) with cool down period = 10 minute</lang>
                  </description>
              </value>
            <value from="0b" to="0b">
                <description>
                    <lang xml:lang="en">Fireman Enabled (heater installed) with cool down period = 11 minute</lang>
                  </description>
              </value>
            <value from="0c" to="0c">
                <description>
                    <lang xml:lang="en">Fireman Enabled (heater installed) with cool down period = 12 minute</lang>
                  </description>
              </value>
            <value from="0d" to="0d">
                <description>
                    <lang xml:lang="en">Fireman Enabled (heater installed) with cool down period = 13 minute</lang>
                  </description>
              </value>
            <value from="0e" to="0e">
                <description>
                    <lang xml:lang="en">Fireman Enabled (heater installed) with cool down period = 14 minute</lang>
                  </description>
              </value>
            <value from="0f" to="0f">
                <description>
                    <lang xml:lang="en">Fireman Enabled (heater installed) with cool down period = 15 minute</lang>
                  </description>
              </value>
                </configParam>
        <configParam number="3" type="bitrange" size="4" default="00000000">
            <name>
                <lang xml:lang="en">TEMP_CALIBRATION_OFFSETS</lang>
              </name>
                  <description>
                <lang xml:lang="en">Sets temperature offsets which will then be applied to the actual pool and/or spa temperature measured by the PE653.</lang>
              </description>
      
                  <value from="00000000" to="00000007">
                <description>
                    <lang xml:lang="en">This byte sets the amount of compensation you wish to apply to the actual water (pool/spa) reading taken by the PE653.  This value is an offset in degrees Fahrenheit and may have the value of -20F to +20F (in 1 degree increments), inclusive.  Only whole number offsets are allowed.  A setting of zero results in NO offset being applied.</lang>
                  </description>
              </value>
            <value from="00000008" to="0000000f">
                <description>
                    <lang xml:lang="en">This byte sets the amount of compensation you wish to apply to the actual Air (freeze protection) reading taken by the PE653.  This value is an offset in degrees Fahrenheit and may have the value of -20F to +20F (in 1 degree increments), inclusive.  Only whole number offsets are allowed.  A setting of zero results in NO offset being applied.</lang>
                  </description>
              </value>
            <value from="00000010" to="00000017">
                <description>
                    <lang xml:lang="en">This byte shall always be set to zero.</lang>
                  </description>
              </value>
            <value from="00000018" to="0000001f">
                <description>
                    <lang xml:lang="en">This byte shall always be set to zero.</lang>
                  </description>
              </value>
                </configParam>
        <configParam number="4" type="bitrange" size="4" default="00000000">
            <name>
                <lang xml:lang="en">CIR_1_EV_SCHED_1        </lang>
              </name>
                  <description>
                <lang xml:lang="en">Used to set or clear the 1st of three possible ON/OFF activation schedules for Circuit-1. The PE653 allows the user to configure whether or not there will be scheduled ON and OFF times created to turn a circuit ON/OFF during a 24-hour period.  Each circuit can have up to 3 scheduled activation times applied to it. Each scheduled ON/OFF activation time MUST have a valid ON and OFF time assigned.  The ON and OFF times are 16-bit values and minutes from midnight (where midnight equals 0).</lang>
              </description>
      
                  <value from="00000000" to="00000007">
                <description>
                    <lang xml:lang="en">This byte set to the high 8-bits of the 16-bit schedule ON time</lang>
                  </description>
              </value>
            <value from="00000008" to="0000000f">
                <description>
                    <lang xml:lang="en">This byte set to the low 8-bits of the 16-bit schedule ON time</lang>
                  </description>
              </value>
            <value from="00000010" to="00000017">
                <description>
                    <lang xml:lang="en">This byte set to the high 8-bits of the 16-bit schedule OFF time</lang>
                  </description>
              </value>
            <value from="00000018" to="0000001f">
                <description>
                    <lang xml:lang="en">This byte set to the low 8-bits of the 16-bit schedule OFF time</lang>
                  </description>
              </value>
                </configParam>
        <configParam number="5" type="bitrange" size="4" default="00000000">
            <name>
                <lang xml:lang="en">CIR_1_EV_SCHED_2        </lang>
              </name>
                  <description>
                <lang xml:lang="en">Used to set or clear the 2nd of three possible ON/OFF activation schedules for Circuit-1. The PE653 allows the user to configure whether or not there will be scheduled ON and OFF times created to turn a circuit ON/OFF during a 24-hour period.  Each circuit can have up to 3 scheduled activation times applied to it. Each scheduled ON/OFF activation time MUST have a valid ON and OFF time assigned.  The ON and OFF times are 16-bit values and minutes from midnight (where midnight equals 0).</lang>
              </description>
      
                  <value from="00000000" to="00000007">
                <description>
                    <lang xml:lang="en">This byte set to the high 8-bits of the 16-bit schedule ON time</lang>
                  </description>
              </value>
            <value from="00000008" to="0000000f">
                <description>
                    <lang xml:lang="en">This byte set to the low 8-bits of the 16-bit schedule ON time</lang>
                  </description>
              </value>
            <value from="00000010" to="00000017">
                <description>
                    <lang xml:lang="en">This byte set to the high 8-bits of the 16-bit schedule OFF time</lang>
                  </description>
              </value>
            <value from="00000018" to="0000001f">
                <description>
                    <lang xml:lang="en">This byte set to the low 8-bits of the 16-bit schedule OFF time</lang>
                  </description>
              </value>
                </configParam>
        <configParam number="6" type="bitrange" size="4" default="00000000">
            <name>
                <lang xml:lang="en">CIR_1_EV_SCHED_3        </lang>
              </name>
                  <description>
                <lang xml:lang="en">Used to set or clear the 3rdt of three possible ON/OFF activation schedules for Circuit-1. The PE653 allows the user to configure whether or not there will be scheduled ON and OFF times created to turn a circuit ON/OFF during a 24-hour period.  Each circuit can have up to 3 scheduled activation times applied to it. Each scheduled ON/OFF activation time MUST have a valid ON and OFF time assigned.  The ON and OFF times are 16-bit values and minutes from midnight (where midnight equals 0).</lang>
              </description>
      
                  <value from="00000000" to="00000007">
                <description>
                    <lang xml:lang="en">This byte set to the high 8-bits of the 16-bit schedule ON time</lang>
                  </description>
              </value>
            <value from="00000008" to="0000000f">
                <description>
                    <lang xml:lang="en">This byte set to the low 8-bits of the 16-bit schedule ON time</lang>
                  </description>
              </value>
            <value from="00000010" to="00000017">
                <description>
                    <lang xml:lang="en">This byte set to the high 8-bits of the 16-bit schedule OFF time</lang>
                  </description>
              </value>
            <value from="00000018" to="0000001f">
                <description>
                    <lang xml:lang="en">This byte set to the low 8-bits of the 16-bit schedule OFF time</lang>
                  </description>
              </value>
                </configParam>
        <configParam number="7" type="bitrange" size="4" default="00000000">
            <name>
                <lang xml:lang="en">CIR_2_EV_SCHED_1        </lang>
              </name>
                  <description>
                <lang xml:lang="en">Used to set or clear the 1st of three possible ON/OFF activation schedules for Circuit-2. The PE653 allows the user to configure whether or not there will be scheduled ON and OFF times created to turn a circuit ON/OFF during a 24-hour period.  Each circuit can have up to 3 scheduled activation times applied to it. Each scheduled ON/OFF activation time MUST have a valid ON and OFF time assigned.  The ON and OFF times are 16-bit values and minutes from midnight (where midnight equals 0).</lang>
              </description>
      
                  <value from="00000000" to="00000007">
                <description>
                    <lang xml:lang="en">This byte set to the high 8-bits of the 16-bit schedule ON time</lang>
                  </description>
              </value>
            <value from="00000008" to="0000000f">
                <description>
                    <lang xml:lang="en">This byte set to the low 8-bits of the 16-bit schedule ON time</lang>
                  </description>
              </value>
            <value from="00000010" to="00000017">
                <description>
                    <lang xml:lang="en">This byte set to the high 8-bits of the 16-bit schedule OFF time</lang>
                  </description>
              </value>
            <value from="00000018" to="0000001f">
                <description>
                    <lang xml:lang="en">This byte set to the low 8-bits of the 16-bit schedule OFF time</lang>
                  </description>
              </value>
                </configParam>
        <configParam number="8" type="bitrange" size="4" default="00000000">
            <name>
                <lang xml:lang="en">CIR_2_EV_SCHED_2        </lang>
              </name>
                  <description>
                <lang xml:lang="en">Used to set or clear the 2nd of three possible ON/OFF activation schedules for Circuit-2. The PE653 allows the user to configure whether or not there will be scheduled ON and OFF times created to turn a circuit ON/OFF during a 24-hour period.  Each circuit can have up to 3 scheduled activation times applied to it. Each scheduled ON/OFF activation time MUST have a valid ON and OFF time assigned.  The ON and OFF times are 16-bit values and minutes from midnight (where midnight equals 0).</lang>
              </description>
      
                  <value from="00000000" to="00000007">
                <description>
                    <lang xml:lang="en">This byte set to the high 8-bits of the 16-bit schedule ON time</lang>
                  </description>
              </value>
            <value from="00000008" to="0000000f">
                <description>
                    <lang xml:lang="en">This byte set to the low 8-bits of the 16-bit schedule ON time</lang>
                  </description>
              </value>
            <value from="00000010" to="00000017">
                <description>
                    <lang xml:lang="en">This byte set to the high 8-bits of the 16-bit schedule OFF time</lang>
                  </description>
              </value>
            <value from="00000018" to="0000001f">
                <description>
                    <lang xml:lang="en">This byte set to the low 8-bits of the 16-bit schedule OFF time</lang>
                  </description>
              </value>
                </configParam>
        <configParam number="9" type="bitrange" size="4" default="00000000">
            <name>
                <lang xml:lang="en">CIR_2_EV_SCHED_3        </lang>
              </name>
                  <description>
                <lang xml:lang="en">Used to set or clear the 3rdt of three possible ON/OFF activation schedules for Circuit-2. The PE653 allows the user to configure whether or not there will be scheduled ON and OFF times created to turn a circuit ON/OFF during a 24-hour period.  Each circuit can have up to 3 scheduled activation times applied to it. Each scheduled ON/OFF activation time MUST have a valid ON and OFF time assigned.  The ON and OFF times are 16-bit values and minutes from midnight (where midnight equals 0).</lang>
              </description>
      
                  <value from="00000000" to="00000007">
                <description>
                    <lang xml:lang="en">This byte set to the high 8-bits of the 16-bit schedule ON time</lang>
                  </description>
              </value>
            <value from="00000008" to="0000000f">
                <description>
                    <lang xml:lang="en">This byte set to the low 8-bits of the 16-bit schedule ON time</lang>
                  </description>
              </value>
            <value from="00000010" to="00000017">
                <description>
                    <lang xml:lang="en">This byte set to the high 8-bits of the 16-bit schedule OFF time</lang>
                  </description>
              </value>
            <value from="00000018" to="0000001f">
                <description>
                    <lang xml:lang="en">This byte set to the low 8-bits of the 16-bit schedule OFF time</lang>
                  </description>
              </value>
                </configParam>
        <configParam number="10" type="bitrange" size="4" default="00000000">
            <name>
                <lang xml:lang="en">CIR_3_EV_SCHED_1        </lang>
              </name>
                  <description>
                <lang xml:lang="en">Used to set or clear the 1st of three possible ON/OFF activation schedules for Circuit-3. The PE653 allows the user to configure whether or not there will be scheduled ON and OFF times created to turn a circuit ON/OFF during a 24-hour period.  Each circuit can have up to 3 scheduled activation times applied to it. Each scheduled ON/OFF activation time MUST have a valid ON and OFF time assigned.  The ON and OFF times are 16-bit values and minutes from midnight (where midnight equals 0).</lang>
              </description>
      
                  <value from="00000000" to="00000007">
                <description>
                    <lang xml:lang="en">This byte set to the high 8-bits of the 16-bit schedule ON time</lang>
                  </description>
              </value>
            <value from="00000008" to="0000000f">
                <description>
                    <lang xml:lang="en">This byte set to the low 8-bits of the 16-bit schedule ON time</lang>
                  </description>
              </value>
            <value from="00000010" to="00000017">
                <description>
                    <lang xml:lang="en">This byte set to the high 8-bits of the 16-bit schedule OFF time</lang>
                  </description>
              </value>
            <value from="00000018" to="0000001f">
                <description>
                    <lang xml:lang="en">This byte set to the low 8-bits of the 16-bit schedule OFF time </lang>
                  </description>
              </value>
                </configParam>
        <configParam number="11" type="bitrange" size="4" default="00000000">
            <name>
                <lang xml:lang="en">CIR_3_EV_SCHED_2        </lang>
              </name>
                  <description>
                <lang xml:lang="en">Used to set or clear the 2nd of three possible ON/OFF activation schedules for Circuit-3. The PE653 allows the user to configure whether or not there will be scheduled ON and OFF times created to turn a circuit ON/OFF during a 24-hour period.  Each circuit can have up to 3 scheduled activation times applied to it. Each scheduled ON/OFF activation time MUST have a valid ON and OFF time assigned.  The ON and OFF times are 16-bit values and minutes from midnight (where midnight equals 0).</lang>
              </description>
      
                  <value from="00000000" to="00000007">
                <description>
                    <lang xml:lang="en">This byte set to the high 8-bits of the 16-bit schedule ON time</lang>
                  </description>
              </value>
            <value from="00000008" to="0000000f">
                <description>
                    <lang xml:lang="en">This byte set to the low 8-bits of the 16-bit schedule ON time</lang>
                  </description>
              </value>
            <value from="00000010" to="00000017">
                <description>
                    <lang xml:lang="en">This byte set to the high 8-bits of the 16-bit schedule OFF time</lang>
                  </description>
              </value>
            <value from="00000018" to="0000001f">
                <description>
                    <lang xml:lang="en">This byte set to the low 8-bits of the 16-bit schedule OFF time</lang>
                  </description>
              </value>
                </configParam>
        <configParam number="12" type="bitrange" size="4" default="00000000">
            <name>
                <lang xml:lang="en">CIR_3_EV_SCHED_3        </lang>
              </name>
                  <description>
                <lang xml:lang="en">Used to set or clear the 3rdt of three possible ON/OFF activation schedules for Circuit-3. The PE653 allows the user to configure whether or not there will be scheduled ON and OFF times created to turn a circuit ON/OFF during a 24-hour period.  Each circuit can have up to 3 scheduled activation times applied to it. Each scheduled ON/OFF activation time MUST have a valid ON and OFF time assigned.  The ON and OFF times are 16-bit values and minutes from midnight (where midnight equals 0).</lang>
              </description>
      
                  <value from="00000000" to="00000007">
                <description>
                    <lang xml:lang="en">This byte set to the high 8-bits of the 16-bit schedule ON time</lang>
                  </description>
              </value>
            <value from="00000008" to="0000000f">
                <description>
                    <lang xml:lang="en">This byte set to the low 8-bits of the 16-bit schedule ON time</lang>
                  </description>
              </value>
            <value from="00000010" to="00000017">
                <description>
                    <lang xml:lang="en">This byte set to the high 8-bits of the 16-bit schedule OFF time</lang>
                  </description>
              </value>
            <value from="00000018" to="0000001f">
                <description>
                    <lang xml:lang="en">This byte set to the low 8-bits of the 16-bit schedule OFF time</lang>
                  </description>
              </value>
                </configParam>
        <configParam number="13" type="bitrange" size="4" default="00000000">
            <name>
                <lang xml:lang="en">CIR_4_EV_SCHED_1        </lang>
              </name>
                  <description>
                <lang xml:lang="en">Used to set or clear the 1st of three possible ON/OFF activation schedules for Circuit-4. The PE653 allows the user to configure whether or not there will be scheduled ON and OFF times created to turn a circuit ON/OFF during a 24-hour period.  Each circuit can have up to 3 scheduled activation times applied to it. Each scheduled ON/OFF activation time MUST have a valid ON and OFF time assigned.  The ON and OFF times are 16-bit values and minutes from midnight (where midnight equals 0).</lang>
              </description>
      
                  <value from="00000000" to="00000007">
                <description>
                    <lang xml:lang="en">This byte set to the high 8-bits of the 16-bit schedule ON time</lang>
                  </description>
              </value>
            <value from="00000008" to="0000000f">
                <description>
                    <lang xml:lang="en">This byte set to the low 8-bits of the 16-bit schedule ON time</lang>
                  </description>
              </value>
            <value from="00000010" to="00000017">
                <description>
                    <lang xml:lang="en">This byte set to the high 8-bits of the 16-bit schedule OFF time</lang>
                  </description>
              </value>
            <value from="00000018" to="0000001f">
                <description>
                    <lang xml:lang="en">This byte set to the low 8-bits of the 16-bit schedule OFF time</lang>
                  </description>
              </value>
                </configParam>
        <configParam number="14" type="bitrange" size="4" default="00000000">
            <name>
                <lang xml:lang="en">CIR_4_EV_SCHED_2        </lang>
              </name>
                  <description>
                <lang xml:lang="en">Used to set or clear the 2nd of three possible ON/OFF activation schedules for Circuit-4. The PE653 allows the user to configure whether or not there will be scheduled ON and OFF times created to turn a circuit ON/OFF during a 24-hour period.  Each circuit can have up to 3 scheduled activation times applied to it. Each scheduled ON/OFF activation time MUST have a valid ON and OFF time assigned.  The ON and OFF times are 16-bit values and minutes from midnight (where midnight equals 0).</lang>
              </description>
      
                  <value from="00000000" to="00000007">
                <description>
                    <lang xml:lang="en">This byte set to the high 8-bits of the 16-bit schedule ON time</lang>
                  </description>
              </value>
            <value from="00000008" to="0000000f">
                <description>
                    <lang xml:lang="en">This byte set to the low 8-bits of the 16-bit schedule ON time</lang>
                  </description>
              </value>
            <value from="00000010" to="00000017">
                <description>
                    <lang xml:lang="en">This byte set to the high 8-bits of the 16-bit schedule OFF time</lang>
                  </description>
              </value>
            <value from="00000018" to="0000001f">
                <description>
                    <lang xml:lang="en">This byte set to the low 8-bits of the 16-bit schedule OFF time</lang>
                  </description>
              </value>
                </configParam>
        <configParam number="15" type="bitrange" size="4" default="00000000">
            <name>
                <lang xml:lang="en">CIR_4_EV_SCHED_3        </lang>
              </name>
                  <description>
                <lang xml:lang="en">Used to set or clear the 3rdt of three possible ON/OFF activation schedules for Circuit-4. The PE653 allows the user to configure whether or not there will be scheduled ON and OFF times created to turn a circuit ON/OFF during a 24-hour period.  Each circuit can have up to 3 scheduled activation times applied to it. Each scheduled ON/OFF activation time MUST have a valid ON and OFF time assigned.  The ON and OFF times are 16-bit values and minutes from midnight (where midnight equals 0).</lang>
              </description>
      
                  <value from="00000000" to="00000007">
                <description>
                    <lang xml:lang="en">This byte set to the high 8-bits of the 16-bit schedule ON time</lang>
                  </description>
              </value>
            <value from="00000008" to="0000000f">
                <description>
                    <lang xml:lang="en">This byte set to the low 8-bits of the 16-bit schedule ON time</lang>
                  </description>
              </value>
            <value from="00000010" to="00000017">
                <description>
                    <lang xml:lang="en">This byte set to the high 8-bits of the 16-bit schedule OFF time</lang>
                  </description>
              </value>
            <value from="00000018" to="0000001f">
                <description>
                    <lang xml:lang="en">This byte set to the low 8-bits of the 16-bit schedule OFF time</lang>
                  </description>
              </value>
                </configParam>
        <configParam number="16" type="bitrange" size="4" default="00000000">
            <name>
                <lang xml:lang="en">CIR_5_EV_SCHED_1        </lang>
              </name>
                  <description>
                <lang xml:lang="en">Used to set or clear the 1st of three possible ON/OFF activation schedules for Circuit-5. The PE653 allows the user to configure whether or not there will be scheduled ON and OFF times created to turn a circuit ON/OFF during a 24-hour period.  Each circuit can have up to 3 scheduled activation times applied to it. Each scheduled ON/OFF activation time MUST have a valid ON and OFF time assigned.  The ON and OFF times are 16-bit values and minutes from midnight (where midnight equals 0).</lang>
              </description>
      
                  <value from="00000000" to="00000007">
                <description>
                    <lang xml:lang="en">This byte set to the high 8-bits of the 16-bit schedule ON time</lang>
                  </description>
              </value>
            <value from="00000008" to="0000000f">
                <description>
                    <lang xml:lang="en">This byte set to the low 8-bits of the 16-bit schedule ON time</lang>
                  </description>
              </value>
            <value from="00000010" to="00000017">
                <description>
                    <lang xml:lang="en">This byte set to the high 8-bits of the 16-bit schedule OFF time</lang>
                  </description>
              </value>
            <value from="00000018" to="0000001f">
                <description>
                    <lang xml:lang="en">This byte set to the low 8-bits of the 16-bit schedule OFF time</lang>
                  </description>
              </value>
                </configParam>
        <configParam number="17" type="bitrange" size="4" default="00000000">
            <name>
                <lang xml:lang="en">CIR_5_EV_SCHED_2        </lang>
              </name>
                  <description>
                <lang xml:lang="en">Used to set or clear the 2nd of three possible ON/OFF activation schedules for Circuit-5. The PE653 allows the user to configure whether or not there will be scheduled ON and OFF times created to turn a circuit ON/OFF during a 24-hour period.  Each circuit can have up to 3 scheduled activation times applied to it. Each scheduled ON/OFF activation time MUST have a valid ON and OFF time assigned.  The ON and OFF times are 16-bit values and minutes from midnight (where midnight equals 0).</lang>
              </description>
      
                  <value from="00000000" to="00000007">
                <description>
                    <lang xml:lang="en">This byte set to the high 8-bits of the 16-bit schedule ON time</lang>
                  </description>
              </value>
            <value from="00000008" to="0000000f">
                <description>
                    <lang xml:lang="en">This byte set to the low 8-bits of the 16-bit schedule ON time</lang>
                  </description>
              </value>
            <value from="00000010" to="00000017">
                <description>
                    <lang xml:lang="en">This byte set to the high 8-bits of the 16-bit schedule OFF time</lang>
                  </description>
              </value>
            <value from="00000018" to="0000001f">
                <description>
                    <lang xml:lang="en">This byte set to the low 8-bits of the 16-bit schedule OFF time</lang>
                  </description>
              </value>
                </configParam>
        <configParam number="18" type="bitrange" size="4" default="00000000">
            <name>
                <lang xml:lang="en">CIR_5_EV_SCHED_3        </lang>
              </name>
                  <description>
                <lang xml:lang="en">Used to set or clear the 3rdt of three possible ON/OFF activation schedules for Circuit-5. The PE653 allows the user to configure whether or not there will be scheduled ON and OFF times created to turn a circuit ON/OFF during a 24-hour period.  Each circuit can have up to 3 scheduled activation times applied to it. Each scheduled ON/OFF activation time MUST have a valid ON and OFF time assigned.  The ON and OFF times are 16-bit values and minutes from midnight (where midnight equals 0).</lang>
              </description>
      
                  <value from="00000000" to="00000007">
                <description>
                    <lang xml:lang="en">This byte set to the high 8-bits of the 16-bit schedule ON time</lang>
                  </description>
              </value>
            <value from="00000008" to="0000000f">
                <description>
                    <lang xml:lang="en">This byte set to the low 8-bits of the 16-bit schedule ON time</lang>
                  </description>
              </value>
            <value from="00000010" to="00000017">
                <description>
                    <lang xml:lang="en">This byte set to the high 8-bits of the 16-bit schedule OFF time</lang>
                  </description>
              </value>
            <value from="00000018" to="0000001f">
                <description>
                    <lang xml:lang="en">This byte set to the low 8-bits of the 16-bit schedule OFF time</lang>
                  </description>
              </value>
                </configParam>
        <configParam number="19" type="constant" size="1" default="00">
            <name>
                <lang xml:lang="en">POOL_SPA_SUPPORT_MODE   </lang>
              </name>
                  <description>
                <lang xml:lang="en">Used to select whether the PE653 is controlling a POOL only, SPA only or both POOL and SPA</lang>
              </description>
      
                  <value from="00" to="00">
                <description>
                    <lang xml:lang="en">A POOL ONLY installation</lang>
                  </description>
              </value>
            <value from="01" to="01">
                <description>
                    <lang xml:lang="en">A SPA ONLY installation</lang>
                  </description>
              </value>
            <value from="02" to="02">
                <description>
                    <lang xml:lang="en">Both a POOL and SPA are part of the installation</lang>
                  </description>
              </value>
                </configParam>
        <configParam number="32" type="bitrange" size="2" default="0000">
            <name>
                <lang xml:lang="en">VSP_SPD_SETTING_1   </lang>
              </name>
                  <description>
                <lang xml:lang="en">Used to set the variable speed pumps 1st activation speed (VSP Speed 1). Some installations will have a Variable Speed Pump installed instead of a one or two speed pump.  In these installations the PE653 allows the user to configure what the activation speeds for the four variable speed pump speed settings will be set to.  The range for these settings is a 400 to 3450 RPM (inclusive), in 10 RPM increments.  The high end of the speed range can be further restricted via the VSP maximum speed configuration setting (see configuration parameter 0x31 description for more details.  </lang>
              </description>
      
                  <value from="0000" to="0007">
                <description>
                    <lang xml:lang="en">This byte set to the high 8-bits of the desired 16-bit pump speed setting</lang>
                  </description>
              </value>
            <value from="0008" to="000f">
                <description>
                    <lang xml:lang="en">This byte set to the low 8-bits of the desired 16-bit pump speed setting</lang>
                  </description>
              </value>
                </configParam>
        <configParam number="33" type="bitrange" size="2" default="0000">
            <name>
                <lang xml:lang="en">VSP_SPD_SETTING_2   </lang>
              </name>
                  <description>
                <lang xml:lang="en">Used to set the variable speed pumps 2nd activation speed (VSP Speed 2). Some installations will have a Variable Speed Pump installed instead of a one or two speed pump.  In these installations the PE653 allows the user to configure what the activation speeds for the four variable speed pump speed settings will be set to.  The range for these settings is a 400 to 3450 RPM (inclusive), in 10 RPM increments.  The high end of the speed range can be further restricted via the VSP maximum speed configuration setting (see configuration parameter 0x31 description for more details.  </lang>
              </description>
      
                  <value from="0000" to="0007">
                <description>
                    <lang xml:lang="en">This byte set to the high 8-bits of the desired 16-bit pump speed setting</lang>
                  </description>
              </value>
            <value from="0008" to="000f">
                <description>
                    <lang xml:lang="en">This byte set to the low 8-bits of the desired 16-bit pump speed setting</lang>
                  </description>
              </value>
                </configParam>
        <configParam number="34" type="bitrange" size="2" default="0000">
            <name>
                <lang xml:lang="en">VSP_SPD_SETTING_3   </lang>
              </name>
                  <description>
                <lang xml:lang="en">Used to set the variable speed pumps 3rd activation speed (VSP Speed 3). Some installations will have a Variable Speed Pump installed instead of a one or two speed pump.  In these installations the PE653 allows the user to configure what the activation speeds for the four variable speed pump speed settings will be set to.  The range for these settings is a 400 to 3450 RPM (inclusive), in 10 RPM increments.  The high end of the speed range can be further restricted via the VSP maximum speed configuration setting (see configuration parameter 0x31 description for more details.  </lang>
              </description>
      
                  <value from="0000" to="0007">
                <description>
                    <lang xml:lang="en">This byte set to the high 8-bits of the desired 16-bit pump speed setting</lang>
                  </description>
              </value>
            <value from="0008" to="000f">
                <description>
                    <lang xml:lang="en">This byte set to the low 8-bits of the desired 16-bit pump speed setting</lang>
                  </description>
              </value>
                </configParam>
        <configParam number="35" type="bitrange" size="2" default="0000">
            <name>
                <lang xml:lang="en">VSP_SPD_SETTING_4   </lang>
              </name>
                  <description>
                <lang xml:lang="en">Used to set the variable speed pumps 4th activation speed (VSP Speed 4). Some installations will have a Variable Speed Pump installed instead of a one or two speed pump.  In these installations the PE653 allows the user to configure what the activation speeds for the four variable speed pump speed settings will be set to.  The range for these settings is a 400 to 3450 RPM (inclusive), in 10 RPM increments.  The high end of the speed range can be further restricted via the VSP maximum speed configuration setting (see configuration parameter 0x31 description for more details.  </lang>
              </description>
      
                  <value from="0000" to="0007">
                <description>
                    <lang xml:lang="en">This byte set to the high 8-bits of the desired 16-bit pump speed setting</lang>
                  </description>
              </value>
            <value from="0008" to="000f">
                <description>
                    <lang xml:lang="en">This byte set to the low 8-bits of the desired 16-bit pump speed setting</lang>
                  </description>
              </value>
                </configParam>
        <configParam number="36" type="bitrange" size="4" default="00000000">
            <name>
                <lang xml:lang="en">VSP_SPD_1_EV_SCHED_1</lang>
              </name>
                  <description>
                <lang xml:lang="en">Used to set or clear the 1st of three possible ON/OFF activation schedules for VSP Speed 1. The PE653 allows the user to configure whether or not there will be scheduled ON and OFF times created to turn a variable speed pump speed ON/OFF during a 24-hour period.  Each variable speed pump speed can have up to 3 scheduled activation times applied to it. Each scheduled ON/OFF activation time MUST have a valid ON and OFF time assigned.  The ON and OFF times are 16-bit values and minutes from midnight (where midnight equals 0). 
NOTE: Only one pump speed can be active at a time.
</lang>
              </description>
      
                  <value from="00000000" to="00000007">
                <description>
                    <lang xml:lang="en">This byte set to the high 8-bits of the 16-bit schedule ON time</lang>
                  </description>
              </value>
            <value from="00000008" to="0000000f">
                <description>
                    <lang xml:lang="en">This byte set to the low 8-bits of the 16-bit schedule ON time</lang>
                  </description>
              </value>
            <value from="00000010" to="00000017">
                <description>
                    <lang xml:lang="en">This byte set to the high 8-bits of the 16-bit schedule OFF time</lang>
                  </description>
              </value>
            <value from="00000018" to="0000001f">
                <description>
                    <lang xml:lang="en">This byte set to the low 8-bits of the 16-bit schedule OFF time</lang>
                  </description>
              </value>
                </configParam>
        <configParam number="37" type="bitrange" size="4" default="00000000">
            <name>
                <lang xml:lang="en">VSP_SPD_1_EV_SCHED_2</lang>
              </name>
                  <description>
                <lang xml:lang="en">Used to set or clear the 2nd of three possible ON/OFF activation schedules for VSP Speed 1. The PE653 allows the user to configure whether or not there will be scheduled ON and OFF times created to turn a variable speed pump speed ON/OFF during a 24-hour period.  Each variable speed pump speed can have up to 3 scheduled activation times applied to it. Each scheduled ON/OFF activation time MUST have a valid ON and OFF time assigned.  The ON and OFF times are 16-bit values and minutes from midnight (where midnight equals 0). 
NOTE: Only one pump speed can be active at a time.
</lang>
              </description>
      
                  <value from="00000000" to="00000007">
                <description>
                    <lang xml:lang="en">This byte set to the high 8-bits of the 16-bit schedule ON time</lang>
                  </description>
              </value>
            <value from="00000008" to="0000000f">
                <description>
                    <lang xml:lang="en">This byte set to the low 8-bits of the 16-bit schedule ON time</lang>
                  </description>
              </value>
            <value from="00000010" to="00000017">
                <description>
                    <lang xml:lang="en">This byte set to the high 8-bits of the 16-bit schedule OFF time</lang>
                  </description>
              </value>
            <value from="00000018" to="0000001f">
                <description>
                    <lang xml:lang="en">This byte set to the low 8-bits of the 16-bit schedule OFF time</lang>
                  </description>
              </value>
                </configParam>
        <configParam number="38" type="bitrange" size="4" default="00000000">
            <name>
                <lang xml:lang="en">VSP_SPD_1_EV_SCHED_3</lang>
              </name>
                  <description>
                <lang xml:lang="en">Used to set or clear the 3rd of three possible ON/OFF activation schedules for VSP Speed 1. The PE653 allows the user to configure whether or not there will be scheduled ON and OFF times created to turn a variable speed pump speed ON/OFF during a 24-hour period.  Each variable speed pump speed can have up to 3 scheduled activation times applied to it. Each scheduled ON/OFF activation time MUST have a valid ON and OFF time assigned.  The ON and OFF times are 16-bit values and minutes from midnight (where midnight equals 0). 
NOTE: Only one pump speed can be active at a time.
</lang>
              </description>
      
                  <value from="00000000" to="00000007">
                <description>
                    <lang xml:lang="en">This byte set to the high 8-bits of the 16-bit schedule ON time</lang>
                  </description>
              </value>
            <value from="00000008" to="0000000f">
                <description>
                    <lang xml:lang="en">This byte set to the low 8-bits of the 16-bit schedule ON time</lang>
                  </description>
              </value>
            <value from="00000010" to="00000017">
                <description>
                    <lang xml:lang="en">This byte set to the high 8-bits of the 16-bit schedule OFF time</lang>
                  </description>
              </value>
            <value from="00000018" to="0000001f">
                <description>
                    <lang xml:lang="en">This byte set to the low 8-bits of the 16-bit schedule OFF time</lang>
                  </description>
              </value>
                </configParam>
        <configParam number="39" type="bitrange" size="4" default="00000000">
            <name>
                <lang xml:lang="en">VSP_SPD_2_EV_SCHED_1</lang>
              </name>
                  <description>
                <lang xml:lang="en">Used to set or clear the 1st of three possible ON/OFF activation schedules for VSP Speed 2. The PE653 allows the user to configure whether or not there will be scheduled ON and OFF times created to turn a variable speed pump speed ON/OFF during a 24-hour period.  Each variable speed pump speed can have up to 3 scheduled activation times applied to it. Each scheduled ON/OFF activation time MUST have a valid ON and OFF time assigned.  The ON and OFF times are 16-bit values and minutes from midnight (where midnight equals 0). 
NOTE: Only one pump speed can be active at a time.
</lang>
              </description>
      
                  <value from="00000000" to="00000007">
                <description>
                    <lang xml:lang="en">This byte set to the high 8-bits of the 16-bit schedule ON time</lang>
                  </description>
              </value>
            <value from="00000008" to="0000000f">
                <description>
                    <lang xml:lang="en">This byte set to the low 8-bits of the 16-bit schedule ON time</lang>
                  </description>
              </value>
            <value from="00000010" to="00000017">
                <description>
                    <lang xml:lang="en">This byte set to the high 8-bits of the 16-bit schedule OFF time</lang>
                  </description>
              </value>
            <value from="00000018" to="0000001f">
                <description>
                    <lang xml:lang="en">This byte set to the low 8-bits of the 16-bit schedule OFF time</lang>
                  </description>
              </value>
                </configParam>
        <configParam number="40" type="bitrange" size="4" default="00000000">
            <name>
                <lang xml:lang="en">VSP_SPD_2_EV_SCHED_2</lang>
              </name>
                  <description>
                <lang xml:lang="en">Used to set or clear the 2nd of three possible ON/OFF activation schedules for VSP Speed 2. The PE653 allows the user to configure whether or not there will be scheduled ON and OFF times created to turn a variable speed pump speed ON/OFF during a 24-hour period.  Each variable speed pump speed can have up to 3 scheduled activation times applied to it. Each scheduled ON/OFF activation time MUST have a valid ON and OFF time assigned.  The ON and OFF times are 16-bit values and minutes from midnight (where midnight equals 0). 
NOTE: Only one pump speed can be active at a time.
</lang>
              </description>
      
                  <value from="00000000" to="00000007">
                <description>
                    <lang xml:lang="en">This byte set to the high 8-bits of the 16-bit schedule ON time</lang>
                  </description>
              </value>
            <value from="00000008" to="0000000f">
                <description>
                    <lang xml:lang="en">This byte set to the low 8-bits of the 16-bit schedule ON time</lang>
                  </description>
              </value>
            <value from="00000010" to="00000017">
                <description>
                    <lang xml:lang="en">This byte set to the high 8-bits of the 16-bit schedule OFF time</lang>
                  </description>
              </value>
            <value from="00000018" to="0000001f">
                <description>
                    <lang xml:lang="en">This byte set to the low 8-bits of the 16-bit schedule OFF time</lang>
                  </description>
              </value>
                </configParam>
        <configParam number="41" type="bitrange" size="4" default="00000000">
            <name>
                <lang xml:lang="en">VSP_SPD_2_EV_SCHED_3</lang>
              </name>
                  <description>
                <lang xml:lang="en">Used to set or clear the 3rd of three possible ON/OFF activation schedules for VSP Speed 2. The PE653 allows the user to configure whether or not there will be scheduled ON and OFF times created to turn a variable speed pump speed ON/OFF during a 24-hour period.  Each variable speed pump speed can have up to 3 scheduled activation times applied to it. Each scheduled ON/OFF activation time MUST have a valid ON and OFF time assigned.  The ON and OFF times are 16-bit values and minutes from midnight (where midnight equals 0). 
NOTE: Only one pump speed can be active at a time.
</lang>
              </description>
      
                  <value from="00000000" to="00000007">
                <description>
                    <lang xml:lang="en">This byte set to the high 8-bits of the 16-bit schedule ON time</lang>
                  </description>
              </value>
            <value from="00000008" to="0000000f">
                <description>
                    <lang xml:lang="en">This byte set to the low 8-bits of the 16-bit schedule ON time</lang>
                  </description>
              </value>
            <value from="00000010" to="00000017">
                <description>
                    <lang xml:lang="en">This byte set to the high 8-bits of the 16-bit schedule OFF time</lang>
                  </description>
              </value>
            <value from="00000018" to="0000001f">
                <description>
                    <lang xml:lang="en">This byte set to the low 8-bits of the 16-bit schedule OFF time</lang>
                  </description>
              </value>
                </configParam>
        <configParam number="42" type="bitrange" size="4" default="00000000">
            <name>
                <lang xml:lang="en">VSP_SPD_3_EV_SCHED_1</lang>
              </name>
                  <description>
                <lang xml:lang="en">Used to set or clear the 1st of three possible ON/OFF activation schedules for VSP Speed 3. The PE653 allows the user to configure whether or not there will be scheduled ON and OFF times created to turn a variable speed pump speed ON/OFF during a 24-hour period.  Each variable speed pump speed can have up to 3 scheduled activation times applied to it. Each scheduled ON/OFF activation time MUST have a valid ON and OFF time assigned.  The ON and OFF times are 16-bit values and minutes from midnight (where midnight equals 0). 
NOTE: Only one pump speed can be active at a time.
</lang>
              </description>
      
                  <value from="00000000" to="00000007">
                <description>
                    <lang xml:lang="en">This byte set to the high 8-bits of the 16-bit schedule ON time</lang>
                  </description>
              </value>
            <value from="00000008" to="0000000f">
                <description>
                    <lang xml:lang="en">This byte set to the low 8-bits of the 16-bit schedule ON time</lang>
                  </description>
              </value>
            <value from="00000010" to="00000017">
                <description>
                    <lang xml:lang="en">This byte set to the high 8-bits of the 16-bit schedule OFF time</lang>
                  </description>
              </value>
            <value from="00000018" to="0000001f">
                <description>
                    <lang xml:lang="en">This byte set to the low 8-bits of the 16-bit schedule OFF time</lang>
                  </description>
              </value>
                </configParam>
        <configParam number="43" type="bitrange" size="4" default="00000000">
            <name>
                <lang xml:lang="en">VSP_SPD_3_EV_SCHED_2</lang>
              </name>
                  <description>
                <lang xml:lang="en">Used to set or clear the 2nd of three possible ON/OFF activation schedules for VSP Speed 3. The PE653 allows the user to configure whether or not there will be scheduled ON and OFF times created to turn a variable speed pump speed ON/OFF during a 24-hour period.  Each variable speed pump speed can have up to 3 scheduled activation times applied to it. Each scheduled ON/OFF activation time MUST have a valid ON and OFF time assigned.  The ON and OFF times are 16-bit values and minutes from midnight (where midnight equals 0). 
NOTE: Only one pump speed can be active at a time.
</lang>
              </description>
      
                  <value from="00000000" to="00000007">
                <description>
                    <lang xml:lang="en">This byte set to the high 8-bits of the 16-bit schedule ON time</lang>
                  </description>
              </value>
            <value from="00000008" to="0000000f">
                <description>
                    <lang xml:lang="en">This byte set to the low 8-bits of the 16-bit schedule ON time</lang>
                  </description>
              </value>
            <value from="00000010" to="00000017">
                <description>
                    <lang xml:lang="en">This byte set to the high 8-bits of the 16-bit schedule OFF time</lang>
                  </description>
              </value>
            <value from="00000018" to="0000001f">
                <description>
                    <lang xml:lang="en">This byte set to the low 8-bits of the 16-bit schedule OFF time</lang>
                  </description>
              </value>
                </configParam>
        <configParam number="44" type="bitrange" size="4" default="00000000">
            <name>
                <lang xml:lang="en">VSP_SPD_3_EV_SCHED_3</lang>
              </name>
                  <description>
                <lang xml:lang="en">Used to set or clear the 3rd of three possible ON/OFF activation schedules for VSP Speed 3. The PE653 allows the user to configure whether or not there will be scheduled ON and OFF times created to turn a variable speed pump speed ON/OFF during a 24-hour period.  Each variable speed pump speed can have up to 3 scheduled activation times applied to it. Each scheduled ON/OFF activation time MUST have a valid ON and OFF time assigned.  The ON and OFF times are 16-bit values and minutes from midnight (where midnight equals 0). 
NOTE: Only one pump speed can be active at a time.
</lang>
              </description>
      
                  <value from="00000000" to="00000007">
                <description>
                    <lang xml:lang="en">This byte set to the high 8-bits of the 16-bit schedule ON time</lang>
                  </description>
              </value>
            <value from="00000008" to="0000000f">
                <description>
                    <lang xml:lang="en">This byte set to the low 8-bits of the 16-bit schedule ON time</lang>
                  </description>
              </value>
            <value from="00000010" to="00000017">
                <description>
                    <lang xml:lang="en">This byte set to the high 8-bits of the 16-bit schedule OFF time</lang>
                  </description>
              </value>
            <value from="00000018" to="0000001f">
                <description>
                    <lang xml:lang="en">This byte set to the low 8-bits of the 16-bit schedule OFF time</lang>
                  </description>
              </value>
                </configParam>
        <configParam number="45" type="bitrange" size="4" default="00000000">
            <name>
                <lang xml:lang="en">VSP_SPD_4_EV_SCHED_1</lang>
              </name>
                  <description>
                <lang xml:lang="en">Used to set or clear the 1st of three possible ON/OFF activation schedules for VSP Speed 4. The PE653 allows the user to configure whether or not there will be scheduled ON and OFF times created to turn a variable speed pump speed ON/OFF during a 24-hour period.  Each variable speed pump speed can have up to 3 scheduled activation times applied to it. Each scheduled ON/OFF activation time MUST have a valid ON and OFF time assigned.  The ON and OFF times are 16-bit values and minutes from midnight (where midnight equals 0). 
NOTE: Only one pump speed can be active at a time.
</lang>
              </description>
      
                  <value from="00000000" to="00000007">
                <description>
                    <lang xml:lang="en">This byte set to the high 8-bits of the 16-bit schedule ON time</lang>
                  </description>
              </value>
            <value from="00000008" to="0000000f">
                <description>
                    <lang xml:lang="en">This byte set to the low 8-bits of the 16-bit schedule ON time</lang>
                  </description>
              </value>
            <value from="00000010" to="00000017">
                <description>
                    <lang xml:lang="en">This byte set to the high 8-bits of the 16-bit schedule OFF time</lang>
                  </description>
              </value>
            <value from="00000018" to="0000001f">
                <description>
                    <lang xml:lang="en">This byte set to the low 8-bits of the 16-bit schedule OFF time</lang>
                  </description>
              </value>
                </configParam>
        <configParam number="46" type="bitrange" size="4" default="00000000">
            <name>
                <lang xml:lang="en">VSP_SPD_4_EV_SCHED_2</lang>
              </name>
                  <description>
                <lang xml:lang="en">Used to set or clear the 2nd of three possible ON/OFF activation schedules for VSP Speed 4. The PE653 allows the user to configure whether or not there will be scheduled ON and OFF times created to turn a variable speed pump speed ON/OFF during a 24-hour period.  Each variable speed pump speed can have up to 3 scheduled activation times applied to it. Each scheduled ON/OFF activation time MUST have a valid ON and OFF time assigned.  The ON and OFF times are 16-bit values and minutes from midnight (where midnight equals 0). 
NOTE: Only one pump speed can be active at a time.
</lang>
              </description>
      
                  <value from="00000000" to="00000007">
                <description>
                    <lang xml:lang="en">This byte set to the high 8-bits of the 16-bit schedule ON time</lang>
                  </description>
              </value>
            <value from="00000008" to="0000000f">
                <description>
                    <lang xml:lang="en">This byte set to the low 8-bits of the 16-bit schedule ON time</lang>
                  </description>
              </value>
            <value from="00000010" to="00000017">
                <description>
                    <lang xml:lang="en">This byte set to the high 8-bits of the 16-bit schedule OFF time</lang>
                  </description>
              </value>
            <value from="00000018" to="0000001f">
                <description>
                    <lang xml:lang="en">This byte set to the low 8-bits of the 16-bit schedule OFF time</lang>
                  </description>
              </value>
                </configParam>
        <configParam number="47" type="bitrange" size="4" default="00000000">
            <name>
                <lang xml:lang="en">VSP_SPD_4_EV_SCHED_3</lang>
              </name>
                  <description>
                <lang xml:lang="en">Used to set or clear the 3rd of three possible ON/OFF activation schedules for VSP Speed 4. The PE653 allows the user to configure whether or not there will be scheduled ON and OFF times created to turn a variable speed pump speed ON/OFF during a 24-hour period.  Each variable speed pump speed can have up to 3 scheduled activation times applied to it. Each scheduled ON/OFF activation time MUST have a valid ON and OFF time assigned.  The ON and OFF times are 16-bit values and minutes from midnight (where midnight equals 0). 
NOTE: Only one pump speed can be active at a time.
</lang>
              </description>
      
                  <value from="00000000" to="00000007">
                <description>
                    <lang xml:lang="en">This byte set to the high 8-bits of the 16-bit schedule ON time</lang>
                  </description>
              </value>
            <value from="00000008" to="0000000f">
                <description>
                    <lang xml:lang="en">This byte set to the low 8-bits of the 16-bit schedule ON time</lang>
                  </description>
              </value>
            <value from="00000010" to="00000017">
                <description>
                    <lang xml:lang="en">This byte set to the high 8-bits of the 16-bit schedule OFF time</lang>
                  </description>
              </value>
            <value from="00000018" to="0000001f">
                <description>
                    <lang xml:lang="en">This byte set to the low 8-bits of the 16-bit schedule OFF time</lang>
                  </description>
              </value>
                </configParam>
        <configParam number="49" type="bitrange" size="2" default="0000">
            <name>
                <lang xml:lang="en">VSP_MAX_PUMP_SPEED  </lang>
              </name>
                  <description>
                <lang xml:lang="en">Used to set the MAXIMUM speed the 4 VSP speeds can be set to. The PE653 allows the user to configure what the MAXIMUM allowable activation speed can be for any of the four variable speed pump speed settings.  The Maximum pump speed setting can be set to any of the valid PUMP Speed settings, which is the range 400 to 3450 RPM (inclusive), in 10 RPM increments.  If a Maximum Pump speed setting is applied, any existing set pump speeds that exceed the Maximum value will automatically be set to the new Maximum Speed setting.  </lang>
              </description>
      
                  <value from="0000" to="0007">
                <description>
                    <lang xml:lang="en">This byte set to the high 8-bits of the desired 16-bit Maximum pump speed setting</lang>
                  </description>
              </value>
            <value from="0008" to="000f">
                <description>
                    <lang xml:lang="en">This byte set to the low 8-bits of the desired 16-bit Maximum pump speed setting</lang>
                  </description>
              </value>
                </configParam>
        <configParam number="50" type="bitset" size="4" default="00000000">
            <name>
                <lang xml:lang="en">FREEZE_CONTROL      </lang>
              </name>
                  <description>
                <lang xml:lang="en">Used to enable or disable freeze control support at the PE653</lang>
              </description>
      
                  <value from="00000000" to="00000007">
                <description>
                    <lang xml:lang="en">This byte sets the temperature threshold at which a freeze condition is present.  This setting is in degrees Fahrenheit and has a valid range of 34F to 44F inclusive, in 1 degree Fahrenheit increments.</lang>
                  </description>
              </value>
            <value from="00000008" to="00000008">
                <description>
                    <lang xml:lang="en">This bit sets the PE653 circuit 1 to be activated upon detection of a freeze condition. Value 1 = Turn Circuit 1 ON, Value 0 = Turn Circuit 1 OFF</lang>
                  </description>
              </value>
            <value from="00000009" to="00000009">
                <description>
                    <lang xml:lang="en">This bit sets the PE653 circuit 2 to be activated upon detection of a freeze condition. Value 1 = Turn Circuit 2 ON, Value 0 = Turn Circuit 2 OFF</lang>
                  </description>
              </value>
            <value from="0000000a" to="0000000a">
                <description>
                    <lang xml:lang="en">This bit sets the PE653 circuit 3 to be activated upon detection of a freeze condition.Value 1 = Turn Circuit 3 ON, Value 0 = Turn Circuit 3 OFF</lang>
                  </description>
              </value>
            <value from="0000000b" to="0000000b">
                <description>
                    <lang xml:lang="en">This bit sets the PE653 circuit 4 to be activated upon detection of a freeze condition. Value 1 = Turn Circuit 4 ON, Value 0 = Turn Circuit 4 OFF</lang>
                  </description>
              </value>
            <value from="0000000c" to="0000000c">
                <description>
                    <lang xml:lang="en">This bit sets the PE653 circuit 5 to be activated upon detection of a freeze condition. Value 1 = Turn Circuit 5 ON, Value 0 = Turn Circuit 5 OFF</lang>
                  </description>
              </value>
            <value from="00000010" to="00000017">
                <description>
                    <lang xml:lang="en">This byte sets the Variable Speed Pump Speed to be activated upon detection of a freeze condition.  This can be any one of the following values: NONE = 0, Variable Pump Speed 1 = 1, Variable Pump Speed 2 = 2, Variable Pump Speed 3 = 3, Variable Pump Speed 4 = 4</lang>
                  </description>
              </value>
            <value from="00000018" to="0000001f">
                <description>
                    <lang xml:lang="en">This byte shall always be set to zero.</lang>
                  </description>
              </value>
                </configParam>
      </configParams>
  
    
  
    <resourceLinks>
     
    <deviceImage url="http://www.pepper1.net/zwavedb/uploads/resources/e043605255c3d4af15f7a059ea95215375f1cee8.png" />
      </resourceLinks>
    
  </ZWaveDevice>


