<?xml version="1.0" encoding="utf-8"?>
<ZWaveDevice xmlns="http://www.pepper1.net/zwavedb/xml-schemata/z-wave" schemaVersion="2">

  <descriptorVersion>1</descriptorVersion>

  <deviceData>
            <manufacturerId value="0099"/>
        <productType value="0003"/>
    <productId value="0004"/>
    <libType value="00"/>
    <protoVersion value="03"/>
    <protoSubVersion value="0a"/>
    <appVersion value="00"/>
    <appSubVersion value="00"/>
        <basicClass value="04"/>
            <genericClass value="10"/>
            <specificClass value="01"/>
        <optional value="false"/>
    <listening value="true"/>
    <routing value="false"/>
            <rfFrequency>Australia and New Zealand</rfFrequency>
            <certId>14259</certId>
            <certNumber>ZC08-11060017</certNumber>
        
      </deviceData>

  <deviceDescription>
                <description>
            <lang xml:lang="en">Multi-socket PowerNode (Australia) </lang>
          </description>
            <wakeupNote>
            <lang xml:lang="en"></lang>
          </wakeupNote>
            <inclusionNote>
            <lang xml:lang="en">Locate the network button on the PowerNode. It is a small round button on the side of the device, marked with the sync symbol. Press and hold the network button for one second until the PowerNode activity indicator begins to display a clockwise-rotating pattern, which shows that the PowerNode is attempting inclusion. After a few seconds, the rotating pattern should stop and all bars turn green for five seconds to indicate successful inclusion.</lang>
          </inclusionNote>
            <productName>Smart PowerNodes</productName>
            <brandName>GreenWave Reality </brandName>
            <productLine>PowerNodes </productLine>
            <productCode>NP240-I/NP242-I</productCode>
            <productVersion>1.0 </productVersion>
                    </deviceDescription>

    <commandClasses>
        <commandClass id="0020"/>
        <commandClass id="0025"/>
        <commandClass id="0027"/>
        <commandClass id="0072" version="2"/>
        <commandClass id="0086"/>
        <commandClass id="0075" version="2"/>
        <commandClass id="0071"/>
        <commandClass id="0085"/>
        <commandClass id="0070"/>
        <commandClass id="0087"/>
        <commandClass id="0032" version="2"/>
        <commandClass id="0060" version="2"/>
        <commandClass id="0056"/>
      </commandClasses>
  
  
  
    
  
    <resourceLinks>
     
    <deviceImage url="http://www.pepper1.net/zwavedb/uploads/resources/d2ffb9db03bf2222e2b9dedf97c7c9379b4976f8.png" />
      </resourceLinks>
    
  </ZWaveDevice>


