<?xml version="1.0" encoding="utf-8"?>
<ZWaveDevice xmlns="http://www.pepper1.net/zwavedb/xml-schemata/z-wave" schemaVersion="2">

  <descriptorVersion>1</descriptorVersion>

  <deviceData>
            <manufacturerId value="0099"/>
        <productType value="0006"/>
    <productId value="0001"/>
    <libType value="00"/>
    <protoVersion value="03"/>
    <protoSubVersion value="0a"/>
    <appVersion value="00"/>
    <appSubVersion value="00"/>
        <basicClass value="04"/>
            <genericClass value="04"/>
            <specificClass value="01"/>
        <optional value="false"/>
    <listening value="true"/>
    <routing value="false"/>
            <rfFrequency>US</rfFrequency>
            <certId>14313</certId>
            <certNumber>ZC08-11070002</certNumber>
        
      </deviceData>

  <deviceDescription>
                <description>
            <lang xml:lang="en">In Home Display v1.1 (US)</lang>
          </description>
            <wakeupNote>
            <lang xml:lang="en"></lang>
          </wakeupNote>
            <inclusionNote>
            <lang xml:lang="en">Press the Setup button to go to “Join Network” menu. Pressing the blinked OK-button will trigger the inclusion process. Once the inclusion succeeds, the completion screen will be shown. Otherwise, it will show the no connection error page.</lang>
          </inclusionNote>
            <productName>In Home Display</productName>
            <brandName>GreenWave Reality</brandName>
            <productLine>In Home Display</productLine>
            <productCode>DE220</productCode>
            <productVersion>1.1</productVersion>
                    </deviceDescription>

    <commandClasses>
        <commandClass id="0020"/>
        <commandClass id="0071"/>
        <commandClass id="0085"/>
        <commandClass id="0080"/>
        <commandClass id="0081"/>
        <commandClass id="0070"/>
        <commandClass id="0072"/>
        <commandClass id="0093"/>
        <commandClass id="0092"/>
        <commandClass id="0086"/>
        <commandClass id="0084"/>
      </commandClasses>
  
  
  
    
  
    <resourceLinks>
     
    <deviceImage url="http://www.pepper1.net/zwavedb/uploads/resources/0caa6267cdc70b6e545cfc521d01bcdad988ff63.jpg" />
      </resourceLinks>
    
  </ZWaveDevice>


