<?xml version="1.0" encoding="utf-8"?>
<ZWaveDevice xmlns="http://www.pepper1.net/zwavedb/xml-schemata/z-wave" schemaVersion="2">

  <descriptorVersion>1</descriptorVersion>

  <deviceData>
            <manufacturerId value="0099"/>
        <productType value="0002"/>
    <productId value="0002"/>
    <libType value="00"/>
    <protoVersion value="03"/>
    <protoSubVersion value="21"/>
    <appVersion value="00"/>
    <appSubVersion value="00"/>
        <basicClass value="04"/>
            <genericClass value="10"/>
            <specificClass value="01"/>
        <optional value="false"/>
    <listening value="true"/>
    <routing value="false"/>
            <rfFrequency>EU</rfFrequency>
            <certId>14735</certId>
            <certNumber>ZC08-12020014</certNumber>
        
      </deviceData>

  <deviceDescription>
                <description>
            <lang xml:lang="en">Single-socket PowerNode (UK)</lang>
          </description>
            <wakeupNote>
            <lang xml:lang="en"></lang>
          </wakeupNote>
            <inclusionNote>
            <lang xml:lang="en"></lang>
          </inclusionNote>
            <productName>Smart PowerNode </productName>
            <brandName>GreenWave Reality </brandName>
            <productLine>PowerNode </productLine>
            <productCode>NS210-G-EN/NP210-G-EN</productCode>
            <productVersion>1.0</productVersion>
                    </deviceDescription>

    <commandClasses>
        <commandClass id="0020"/>
        <commandClass id="0025"/>
        <commandClass id="0027"/>
        <commandClass id="0072" version="2"/>
        <commandClass id="0086"/>
        <commandClass id="0075" version="2"/>
        <commandClass id="0071"/>
        <commandClass id="0085"/>
        <commandClass id="0070"/>
        <commandClass id="0056"/>
        <commandClass id="0087"/>
        <commandClass id="0032" version="2"/>
      </commandClasses>
  
  
  
    
  
    <resourceLinks>
     
    <deviceImage url="http://www.pepper1.net/zwavedb/uploads/resources/c9706bbaa9bad3335e9cc4d678800a7b3e7da0ed.jpg" />
      </resourceLinks>
    
  </ZWaveDevice>


