<?xml version="1.0" encoding="utf-8"?>
<ZWaveDevice xmlns="http://www.pepper1.net/zwavedb/xml-schemata/z-wave" schemaVersion="2">

  <descriptorVersion>1</descriptorVersion>

  <deviceData>
            <manufacturerId value="0063"/>
        <productType value="5257"/>
    <productId value="3533"/>
    <libType value="00"/>
    <protoVersion value="02"/>
    <protoSubVersion value="61"/>
    <appVersion value="00"/>
    <appSubVersion value="00"/>
        <basicClass value="04"/>
            <genericClass value="10"/>
            <specificClass value="01"/>
        <optional value="false"/>
    <listening value="true"/>
    <routing value="false"/>
            <rfFrequency>US</rfFrequency>
            <certId>13982</certId>
            <certNumber>ZC08-10040006</certNumber>
        
      </deviceData>

  <deviceDescription>
                <description>
            <lang xml:lang="en">RF controlled, 3-way relay wall switch 3.0b</lang>
          </description>
            <wakeupNote>
            <lang xml:lang="en"></lang>
          </wakeupNote>
            <inclusionNote>
            <lang xml:lang="en">Tap the top or bottom of the rocker.</lang>
          </inclusionNote>
            <productName>In-Wall Switch</productName>
            <brandName>GE</brandName>
            <productLine>Wireless Lighting Controls</productLine>
            <productCode>ZW4001 </productCode>
            <productVersion>3.0b</productVersion>
                    </deviceDescription>

    <commandClasses>
        <commandClass id="0020"/>
        <commandClass id="0025"/>
        <commandClass id="0027"/>
        <commandClass id="0086"/>
        <commandClass id="0070"/>
        <commandClass id="0072"/>
        <commandClass id="0077"/>
        <commandClass id="0073"/>
      </commandClasses>
  
  
    <configParams>
        <configParam number="3" type="constant" size="1" default="00">
            <name>
                <lang xml:lang="en">LED Light</lang>
              </name>
                  <description>
                <lang xml:lang="en"></lang>
              </description>
      
                  <value from="00" to="00">
                <description>
                    <lang xml:lang="en">The LED is set to turn ON when the connected light is turned OFF. </lang>
                  </description>
              </value>
            <value from="01" to="01">
                <description>
                    <lang xml:lang="en">The LED is set to ON when the connected light is turned ON.</lang>
                  </description>
              </value>
                </configParam>
        <configParam number="4" type="constant" size="1" default="00">
            <name>
                <lang xml:lang="en">Invert Switch</lang>
              </name>
                  <description>
                <lang xml:lang="en"></lang>
              </description>
      
                  <value from="00" to="00">
                <description>
                    <lang xml:lang="en">Default rocker settings.</lang>
                  </description>
              </value>
            <value from="01" to="01">
                <description>
                    <lang xml:lang="en">Reverses the default On/Off rocker settings, if the switch is accidentally installed upside down with On at the bottom and Off at the top. </lang>
                  </description>
              </value>
                </configParam>
      </configParams>
  
    
  
    <resourceLinks>
     
    <deviceImage url="http://www.pepper1.net/zwavedb/uploads/resources/e545131fe872d81db6cef6c739bd69bea610cde5.jpg" />
      </resourceLinks>
    
  </ZWaveDevice>


