<?xml version="1.0" encoding="utf-8"?>
<ZWaveDevice xmlns="http://www.pepper1.net/zwavedb/xml-schemata/z-wave" schemaVersion="2">

  <descriptorVersion>1</descriptorVersion>

  <deviceData>
            <manufacturerId value="0098"/>
        <productType value="6401"/>
    <productId value="0015"/>
    <libType value="00"/>
    <protoVersion value="03"/>
    <protoSubVersion value="1c"/>
    <appVersion value="00"/>
    <appSubVersion value="00"/>
        <basicClass value="04"/>
            <genericClass value="08"/>
            <specificClass value="06"/>
        <optional value="false"/>
    <listening value="false"/>
    <routing value="false"/>
            <rfFrequency>US</rfFrequency>
            <certId>14786</certId>
            <certNumber>ZC08-12030003</certNumber>
        
      </deviceData>

  <deviceDescription>
                <description>
            <lang xml:lang="en">Z-Wave capable RTCOA thermostat</lang>
          </description>
            <wakeupNote>
            <lang xml:lang="en"></lang>
          </wakeupNote>
            <inclusionNote>
            <lang xml:lang="en">Press and release the MENU button on the thermostat. Press the MATE button - This will bring you to the network screen and a large r1 will be displayed. Press the MATE button, this will initiate the mating process. When a device has joined a network the word LINK will appear under the radio tower. Your controller will indicate the thermostat was successfully added to its network (see your specific controller’s User Manual for details).</lang>
          </inclusionNote>
            <productName>CT100 Z-Wave Thermostat</productName>
            <brandName>RTCOA</brandName>
                <productCode>1</productCode>
            <productVersion>8.4</productVersion>
            <batteryType>AA</batteryType>
            <batteryCount>4</batteryCount>
            </deviceDescription>

    <commandClasses>
        <commandClass id="0020"/>
        <commandClass id="0040" version="2"/>
        <commandClass id="0043" version="2"/>
        <commandClass id="0072" version="2"/>
        <commandClass id="0086"/>
        <commandClass id="0031"/>
        <commandClass id="0060" version="2"/>
        <commandClass id="0085"/>
        <commandClass id="0080"/>
        <commandClass id="0081"/>
        <commandClass id="0070"/>
        <commandClass id="0087"/>
        <commandClass id="0044"/>
        <commandClass id="0045"/>
        <commandClass id="0042"/>
      </commandClasses>
  
  
  
    
  
    <resourceLinks>
     
    <deviceImage url="http://www.pepper1.net/zwavedb/uploads/resources/6fbca7da09d421d175b24f15de7b41f0073c4bed.jpg" />
      </resourceLinks>
    
  </ZWaveDevice>


