<?xml version="1.0" encoding="utf-8"?>
<ZWaveDevice xmlns="http://www.pepper1.net/zwavedb/xml-schemata/z-wave" schemaVersion="2">

  <descriptorVersion>1</descriptorVersion>

  <deviceData>
            <manufacturerId value="0068"/>
        <productType value="0000"/>
    <productId value="0000"/>
    <libType value="00"/>
    <protoVersion value="02"/>
    <protoSubVersion value="4e"/>
    <appVersion value="00"/>
    <appSubVersion value="00"/>
        <basicClass value="02"/>
                <optional value="false"/>
    <listening value="true"/>
    <routing value="false"/>
            <rfFrequency>EU</rfFrequency>
            <certId>13954</certId>
            <certNumber>ZC08-10090002</certNumber>
        
      </deviceData>

  <deviceDescription>
                <description>
            <lang xml:lang="en">USB Dongle PC Controller</lang>
          </description>
            <wakeupNote>
            <lang xml:lang="en"></lang>
          </wakeupNote>
            <inclusionNote>
            <lang xml:lang="en"></lang>
          </inclusionNote>
            <productName>SerialAPI PC Controller </productName>
            <brandName>Good Way</brandName>
            <productLine>Home Automation</productLine>
            <productCode>WD6001Z1</productCode>
            <productVersion>2.78</productVersion>
                    </deviceDescription>

  
  
  
    
  
    <resourceLinks>
      </resourceLinks>
    
  </ZWaveDevice>


