<?xml version="1.0" encoding="utf-8"?>
<ZWaveDevice xmlns="http://www.pepper1.net/zwavedb/xml-schemata/z-wave" schemaVersion="2">

  <descriptorVersion>1</descriptorVersion>

  <deviceData>
            <manufacturerId value="0068"/>
        <productType value="0000"/>
    <productId value="0006"/>
    <libType value="00"/>
    <protoVersion value="02"/>
    <protoSubVersion value="43"/>
    <appVersion value="00"/>
    <appSubVersion value="00"/>
        <basicClass value="04"/>
            <genericClass value="21"/>
            <specificClass value="01"/>
        <optional value="false"/>
    <listening value="true"/>
    <routing value="false"/>
            <rfFrequency>US</rfFrequency>
            <certId>14367</certId>
            <certNumber>ZC08-11080017</certNumber>
        
      </deviceData>

  <deviceDescription>
                <description>
            <lang xml:lang="en">Power Monitor 110-120v/60HZ Max 1600W</lang>
          </description>
            <wakeupNote>
            <lang xml:lang="en"></lang>
          </wakeupNote>
            <inclusionNote>
            <lang xml:lang="en">Press the inclusion/exclusion button.</lang>
          </inclusionNote>
            <productName>Z-Wave Power Monitor</productName>
            <brandName>Good Way</brandName>
            <productLine>Home Automation</productLine>
            <productCode>TD1030Z1</productCode>
                        </deviceDescription>

    <commandClasses>
        <commandClass id="0020"/>
        <commandClass id="0031" version="3"/>
        <commandClass id="0072"/>
        <commandClass id="0086"/>
        <commandClass id="0032" version="3"/>
      </commandClasses>
  
  
  
    
  
    <resourceLinks>
     
    <deviceImage url="http://www.pepper1.net/zwavedb/uploads/resources/514dbd40be38e3ec0c849cd8575754a1286746fa.jpg" />
      </resourceLinks>
    
  </ZWaveDevice>


