<?xml version="1.0" encoding="utf-8"?>
<ZWaveDevice xmlns="http://www.pepper1.net/zwavedb/xml-schemata/z-wave" schemaVersion="2">

  <descriptorVersion>1</descriptorVersion>

  <deviceData>
            <manufacturerId value="0068"/>
        <productType value="0000"/>
    <productId value="0005"/>
    <libType value="00"/>
    <protoVersion value="02"/>
    <protoSubVersion value="43"/>
    <appVersion value="00"/>
    <appSubVersion value="00"/>
        <basicClass value="04"/>
            <genericClass value="10"/>
            <specificClass value="01"/>
        <optional value="false"/>
    <listening value="true"/>
    <routing value="false"/>
            <rfFrequency>US</rfFrequency>
            <certId>14368</certId>
            <certNumber>ZC08-11080019</certNumber>
        
      </deviceData>

  <deviceDescription>
                <description>
            <lang xml:lang="en">Power Switch 110-120v/60HZ Max 1600W</lang>
          </description>
            <wakeupNote>
            <lang xml:lang="en"></lang>
          </wakeupNote>
            <inclusionNote>
            <lang xml:lang="en">Press the inclusion/exclusion button. </lang>
          </inclusionNote>
            <productName>Z-Wave Power Switch</productName>
            <brandName>Good Way</brandName>
            <productLine>Home Automation</productLine>
            <productCode>TD1000Z2</productCode>
                        </deviceDescription>

    <commandClasses>
        <commandClass id="0020"/>
        <commandClass id="0025"/>
        <commandClass id="0027"/>
        <commandClass id="0072"/>
        <commandClass id="0086"/>
      </commandClasses>
  
  
  
    
  
    <resourceLinks>
     
    <deviceImage url="http://www.pepper1.net/zwavedb/uploads/resources/1f51db1826bb0115bcd34be713340ddd46f2daa5.jpg" />
      </resourceLinks>
    
  </ZWaveDevice>


