<?xml version="1.0" encoding="utf-8"?>
<ZWaveDevice xmlns="http://www.pepper1.net/zwavedb/xml-schemata/z-wave" schemaVersion="2">

  <descriptorVersion>1</descriptorVersion>

  <deviceData>
            <manufacturerId value="0068"/>
        <productType value="0000"/>
    <productId value="0004"/>
    <libType value="00"/>
    <protoVersion value="02"/>
    <protoSubVersion value="43"/>
    <appVersion value="00"/>
    <appSubVersion value="00"/>
        <basicClass value="04"/>
            <genericClass value="11"/>
            <specificClass value="01"/>
        <optional value="false"/>
    <listening value="true"/>
    <routing value="false"/>
            <rfFrequency>US</rfFrequency>
            <certId>14414</certId>
            <certNumber>ZC08-11110009</certNumber>
        
      </deviceData>

  <deviceDescription>
                <description>
            <lang xml:lang="en">Led Dimmer 110-120v/60HZ Max 1600W</lang>
          </description>
            <wakeupNote>
            <lang xml:lang="en"></lang>
          </wakeupNote>
            <inclusionNote>
            <lang xml:lang="en"></lang>
          </inclusionNote>
            <productName>Z-Wave Power Monitor Switch</productName>
            <brandName>Good Way</brandName>
            <productLine>Home Automation</productLine>
            <productCode>TD1010Z2</productCode>
                        </deviceDescription>

    <commandClasses>
        <commandClass id="0020" controlled="true"/>
        <commandClass id="0026" version="2"/>
        <commandClass id="0027"/>
        <commandClass id="0072"/>
        <commandClass id="0086"/>
        <commandClass id="0032"/>
      </commandClasses>
  
  
  
    
  
    <resourceLinks>
     
    <deviceImage url="http://www.pepper1.net/zwavedb/uploads/resources/e09e110ca1dc01ac66da9b5272842199fbcef6dc.jpg" />
      </resourceLinks>
    
  </ZWaveDevice>


