<?xml version="1.0" encoding="utf-8"?>
<ZWaveDevice xmlns="http://www.pepper1.net/zwavedb/xml-schemata/z-wave" schemaVersion="2">

  <descriptorVersion>1</descriptorVersion>

  <deviceData>
            <manufacturerId value="0084"/>
        <productType value="0313"/>
    <productId value="0108"/>
    <libType value="00"/>
    <protoVersion value="02"/>
    <protoSubVersion value="61"/>
    <appVersion value="00"/>
    <appSubVersion value="00"/>
        <basicClass value="04"/>
            <genericClass value="11"/>
            <specificClass value="00"/>
        <optional value="false"/>
    <listening value="true"/>
    <routing value="false"/>
            <rfFrequency>US</rfFrequency>
            <certId>13975</certId>
            <certNumber>ZC08-10100004</certNumber>
        
      </deviceData>

  <deviceDescription>
                <description>
            <lang xml:lang="en">Siren/Strobe Light Alarm</lang>
          </description>
            <wakeupNote>
            <lang xml:lang="en"></lang>
          </wakeupNote>
            <inclusionNote>
            <lang xml:lang="en">If the controller supports NWI, the SSA1 will automatically be included at power on. If the controller does not support NWI, press the SSA1 button once to exit NWI mode. Press the button again to include the unit in the network. The controller will indicate that the unit has been included in the network. Also, the Status LED will flash when the inclusion completes. Inclusion and exclusion are always done at normal transmit power mode.</lang>
          </inclusionNote>
            <productName>Siren &amp; Strobe Alarm</productName>
            <brandName>FortrezZ</brandName>
            <productLine>Annunciator (Audio/Visual) Devices</productLine>
            <productCode>SSA1 / SSA2</productCode>
            <productVersion>01</productVersion>
                    </deviceDescription>

    <commandClasses>
        <commandClass id="0020"/>
        <commandClass id="0026"/>
        <commandClass id="0022"/>
        <commandClass id="0070"/>
        <commandClass id="0072"/>
        <commandClass id="0086"/>
        <commandClass id="0071" controlled="true"/>
      </commandClasses>
  
  
    <configParams>
        <configParam number="1" type="range" size="1" default="00">
            <name>
                <lang xml:lang="en">Delay before accept of Basic Set Off</lang>
              </name>
                  <description>
                <lang xml:lang="en">Delay, from the time the siren-strobe turns on, before the Basic Set Off command is accepted. This could be used, for example, to avoid the situation where an associated window/door sensor turns the SSA1 alarm on and then immediately off when the window/door is
opened and then quickly closed.</lang>
              </description>
      
                  <value from="80" to="ff" unit="seconds">
                <description>
                    <lang xml:lang="en">Interpreted as unsigned integer for negative values sent in set command.</lang>
                  </description>
              </value>
                </configParam>
      </configParams>
  
    
  
    <resourceLinks>
     
    <deviceImage url="http://www.pepper1.net/zwavedb/uploads/resources/8b04287d164134e3953ff6a0e35ae87d8da51f38.png" />
      </resourceLinks>
    
  </ZWaveDevice>


