<?xml version="1.0" encoding="utf-8"?>
<ZWaveDevice xmlns="http://www.pepper1.net/zwavedb/xml-schemata/z-wave" schemaVersion="2">

  <descriptorVersion>1</descriptorVersion>

  <deviceData>
            <manufacturerId value="0100"/>
        <productType value="0001"/>
    <productId value="0020"/>
    <libType value="00"/>
    <protoVersion value="03"/>
    <protoSubVersion value="0a"/>
    <appVersion value="00"/>
    <appSubVersion value="00"/>
        <basicClass value="02"/>
            <genericClass value="03"/>
            <specificClass value="00"/>
        <optional value="false"/>
    <listening value="true"/>
    <routing value="false"/>
            <rfFrequency>US</rfFrequency>
            <certId>13978</certId>
            <certNumber>ZC08-10090004</certNumber>
        
      </deviceData>

  <deviceDescription>
                <description>
            <lang xml:lang="en">LEDTV /120Hz/1080P/32&quot;</lang>
          </description>
            <wakeupNote>
            <lang xml:lang="en"></lang>
          </wakeupNote>
            <inclusionNote>
            <lang xml:lang="en">To add the TV to other Z-Wave network (normally the TV acts as a Primary Controller): When the Z-Wave device is in programming
(setup) mode, press CH and CH buttons
on the TV at the same time to allow your TV to be
added to the Z-Wave network.</lang>
          </inclusionNote>
            <productName>LED TV 32&quot;</productName>
            <brandName>Insignia</brandName>
            <productLine>LCD-TV</productLine>
            <productCode>NS-32E859A11</productCode>
            <productVersion>V0.25</productVersion>
                    </deviceDescription>

    <commandClasses>
        <commandClass id="0020"/>
        <commandClass id="0080" controlled="true"/>
        <commandClass id="0072" controlled="true"/>
        <commandClass id="0088" controlled="true"/>
        <commandClass id="0094" version="4"/>
        <commandClass id="0086" controlled="true"/>
      </commandClasses>
  
  
  
    
  
    <resourceLinks>
     
    <deviceImage url="http://www.pepper1.net/zwavedb/uploads/resources/67383e4d9b609fe8c4421aaf894e97dd0166e615.jpg" />
      </resourceLinks>
    
  </ZWaveDevice>


