<?xml version="1.0" encoding="utf-8"?>
<ZWaveDevice xmlns="http://www.pepper1.net/zwavedb/xml-schemata/z-wave" schemaVersion="2">

  <descriptorVersion>1</descriptorVersion>

  <deviceData>
            <manufacturerId value="0001"/>
        <productType value="544d"/>
    <productId value="3330"/>
    <libType value="00"/>
    <protoVersion value="00"/>
    <protoSubVersion value="00"/>
    <appVersion value="00"/>
    <appSubVersion value="00"/>
        <basicClass value="04"/>
            <genericClass value="0f"/>
            <specificClass value="01"/>
        <optional value="false"/>
    <listening value="true"/>
    <routing value="false"/>
        <beamSensor>0</beamSensor>
            <rfFrequency>EU</rfFrequency>
                
      </deviceData>

  <deviceDescription>
                <description>
            <lang xml:lang="de"></lang>
            <lang xml:lang="en">RF Wall Transmitter (2-gang)</lang>
            <lang xml:lang="ru">Настенный включатель с двумя кнопками</lang>
          </description>
            <wakeupNote>
            <lang xml:lang="de"></lang>
            <lang xml:lang="en"></lang>
            <lang xml:lang="ru"></lang>
          </wakeupNote>
            <inclusionNote>
            <lang xml:lang="de"></lang>
            <lang xml:lang="en">Button press</lang>
            <lang xml:lang="ru">Нижатие левой клавиши</lang>
          </inclusionNote>
            <productName>ZTM230</productName>
            <brandName>ACT</brandName>
            <productLine>HomePro</productLine>
                            </deviceDescription>

    <commandClasses>
        <commandClass id="0020"/>
        <commandClass id="0085"/>
        <commandClass id="0026"/>
        <commandClass id="0027"/>
        <commandClass id="0087"/>
        <commandClass id="0070"/>
        <commandClass id="0072"/>
        <commandClass id="0073"/>
        <commandClass id="0086"/>
        <commandClass id="0025"/>
      </commandClasses>
  
    <assocGroups>
        <assocGroup number="1" maxNodes="5">
            <description>
                <lang xml:lang="de"></lang>
                <lang xml:lang="en">Left paddle</lang>
                <lang xml:lang="ru">Левая кнопка</lang>
              </description>
          </assocGroup>
        <assocGroup number="2" maxNodes="5">
            <description>
                <lang xml:lang="de"></lang>
                <lang xml:lang="en">Right paddle</lang>
                <lang xml:lang="ru">Правая кнопка</lang>
              </description>
          </assocGroup>
        <assocGroup number="3" maxNodes="5">
            <description>
                <lang xml:lang="de"></lang>
                <lang xml:lang="en">Right double click paddle</lang>
                <lang xml:lang="ru">Правая кнопка с двойным нажатием</lang>
              </description>
          </assocGroup>
        <assocGroup number="4" maxNodes="5">
            <description>
                <lang xml:lang="de"></lang>
                <lang xml:lang="en">Group controlled then ZTM230 is controlled via Z-Wave</lang>
                <lang xml:lang="ru">Группа, управляемая при получении команд ZTM230 по Z-Wave</lang>
              </description>
          </assocGroup>
      </assocGroups>
  
  
    
  
    <resourceLinks>
     
    <deviceImage url="http://www.pepper1.net/zwavedb/uploads/resources/eb0d6b89ca1f1a30b5208de2249c61b391e03d75.jpg" />
      </resourceLinks>
    
  </ZWaveDevice>


