<?xml version="1.0" encoding="utf-8"?>
<ZWaveDevice xmlns="http://www.pepper1.net/zwavedb/xml-schemata/z-wave" schemaVersion="2">

  <descriptorVersion>1</descriptorVersion>

  <deviceData>
            <manufacturerId value="008a"/>
        <productType value="0004"/>
    <productId value="0100"/>
    <libType value="06"/>
    <protoVersion value="02"/>
    <protoSubVersion value="61"/>
    <appVersion value="01"/>
    <appSubVersion value="00"/>
        <basicClass value="04"/>
            <genericClass value="20"/>
            <specificClass value="00"/>
        <optional value="true"/>
    <listening value="false"/>
    <routing value="true"/>
        <beamSensor>0</beamSensor>
            <rfFrequency>EU</rfFrequency>
            <certId>14190</certId>
            <certNumber>ZC08-11050003</certNumber>
        
      </deviceData>

  <deviceDescription>
                <description>
            <lang xml:lang="en">Door Sensor</lang>
          </description>
            <wakeupNote>
            <lang xml:lang="en">The always awake mode can be activated by:
CONFIGURATION_SET / Parameter: 0x05 / Size: 0x01 (can’t be different from 1) / Value: 0x03 (mode 3)</lang>
          </wakeupNote>
            <inclusionNote>
            <lang xml:lang="en">Press and hold the tamper switch for 4 seconds and release to start the inclusion. </lang>
          </inclusionNote>
            <productName>Door Sensor</productName>
            <brandName>Door Sensor</brandName>
            <productLine>Security</productLine>
            <productCode>4</productCode>
            <productVersion>1.0</productVersion>
            <batteryType>AAA</batteryType>
            <batteryCount>2</batteryCount>
            </deviceDescription>

    <commandClasses>
        <commandClass id="0080"/>
        <commandClass id="0070"/>
        <commandClass id="0084"/>
        <commandClass id="0085"/>
        <commandClass id="0086"/>
        <commandClass id="0071"/>
        <commandClass id="0030"/>
        <commandClass id="0031"/>
        <commandClass id="0072"/>
        <commandClass id="0020" controlled="true"/>
      </commandClasses>
  
    <assocGroups>
        <assocGroup number="2" maxNodes="5">
            <description>
                <lang xml:lang="en">If the external door contact is triggered it sends a Z-Wave frame to every node in this group if it is.
configured (see configuration documentation param 1).</lang>
              </description>
          </assocGroup>
        <assocGroup number="1" maxNodes="5">
            <description>
                <lang xml:lang="en">If the internal door contact (magnet) is triggered it sends a Z-Wave frame to every node in this group.</lang>
              </description>
          </assocGroup>
      </assocGroups>
  
    <configParams>
        <configParam number="1" type="range" size="1" default="00">
            <name>
                <lang xml:lang="en">Set to default</lang>
              </name>
                  <description>
                <lang xml:lang="en">Set all config values to default values (factory settings).
Read more in chapter Configuration Reset.</lang>
              </description>
      
                  <value from="80" to="7f">
                <description>
                    <lang xml:lang="en">If 0xFF then set to default</lang>
                  </description>
              </value>
                </configParam>
        <configParam number="2" type="range" size="1" default="00">
            <name>
                <lang xml:lang="en">External contact</lang>
              </name>
                  <description>
                <lang xml:lang="en">Configure what the external contact sends when trigger.</lang>
              </description>
      
                  <value from="00" to="00">
                <description>
                    <lang xml:lang="en">Send a alarm report with type 2</lang>
                  </description>
              </value>
            <value from="ff" to="01">
                <description>
                    <lang xml:lang="en">Send a Basic set frame to all nodes in association group 2.</lang>
                  </description>
              </value>
                </configParam>
        <configParam number="5" type="range" size="1" default="01">
            <name>
                <lang xml:lang="en">The mode</lang>
              </name>
                  <description>
                <lang xml:lang="en">The operating mode.</lang>
              </description>
      
                  <value from="01" to="01">
                <description>
                    <lang xml:lang="en">Normal operating mode.</lang>
                  </description>
              </value>
            <value from="03" to="03">
                <description>
                    <lang xml:lang="en">Z-Wave chip is always on to request e.g. version or
manufacturer id.</lang>
                  </description>
              </value>
            <value from="02" to="02">
                <description>
                    <lang xml:lang="en">If any mode other then 3, that value will be reported after a get but
will be handled in SW as mode 1.</lang>
                  </description>
              </value>
            <value from="04" to="7f">
                <description>
                    <lang xml:lang="en">If any mode other then 3, that value will be reported after a get but
will be handled in SW as mode 1.</lang>
                  </description>
              </value>
                </configParam>
        <configParam number="6" type="range" size="2" default="0000">
            <name>
                <lang xml:lang="en">The temperature offset</lang>
              </name>
                  <description>
                <lang xml:lang="en">A offset for the temperature.</lang>
              </description>
      
                  <value from="8000" to="7fff">
                <description>
                    <lang xml:lang="en">A signed integer to determine the offset off the temperature.</lang>
                  </description>
              </value>
                </configParam>
      </configParams>
  
    
  
    <resourceLinks>
     
    <deviceImage url="http://www.pepper1.net/zwavedb/uploads/resources/9537c4d879bdc4d45ed35fd3b5bdda020992e02b.jpg" />
      </resourceLinks>
    
  </ZWaveDevice>


