<?xml version="1.0" encoding="utf-8"?>
<ZWaveDevice xmlns="http://www.pepper1.net/zwavedb/xml-schemata/z-wave" schemaVersion="2">

  <descriptorVersion>1</descriptorVersion>

  <deviceData>
            <manufacturerId value="0097"/>
        <productType value="0000"/>
    <productId value="0000"/>
    <libType value="06"/>
    <protoVersion value="03"/>
    <protoSubVersion value="2a"/>
    <appVersion value="02"/>
    <appSubVersion value="52"/>
        <basicClass value="04"/>
            <genericClass value="11"/>
            <specificClass value="01"/>
        <optional value="true"/>
    <listening value="true"/>
    <routing value="true"/>
        <beamSensor>0</beamSensor>
                    
      </deviceData>

  <deviceDescription>
                <description>
            <lang xml:lang="en">LED bulb with Z-Wave</lang>
          </description>
            <wakeupNote>
            <lang xml:lang="en"></lang>
          </wakeupNote>
            <inclusionNote>
            <lang xml:lang="en">Single touch of magnet button</lang>
          </inclusionNote>
            <productName>iLED</productName>
            <brandName>Wintop</brandName>
            <productLine>SwitchDIY</productLine>
                            </deviceDescription>

    <commandClasses>
        <commandClass id="0020"/>
        <commandClass id="0026" version="2"/>
        <commandClass id="0086"/>
        <commandClass id="0027"/>
        <commandClass id="0070"/>
        <commandClass id="0072"/>
        <commandClass id="0077"/>
        <commandClass id="0085" version="2"/>
      </commandClasses>
  
    <assocGroups>
        <assocGroup number="1" maxNodes="5">
            <description>
                <lang xml:lang="en">Send light change reports</lang>
              </description>
          </assocGroup>
      </assocGroups>
  
    <configParams>
        <configParam number="1" type="rangemapped" size="1" default="01">
            <name>
                <lang xml:lang="en">Send NIF and start re-inclusion on</lang>
              </name>
                  <description>
                <lang xml:lang="en"></lang>
              </description>
      
                  <value from="00" to="00">
                <description>
                    <lang xml:lang="en">power on</lang>
                  </description>
              </value>
            <value from="01" to="01">
                <description>
                    <lang xml:lang="en">magnet button</lang>
                  </description>
              </value>
                </configParam>
        <configParam number="2" type="range" size="2" default="0000">
            <name>
                <lang xml:lang="en">Automatically switch off after</lang>
              </name>
                  <description>
                <lang xml:lang="en"></lang>
              </description>
      
                  <value from="0000" to="0000">
                <description>
                    <lang xml:lang="en">Disabled</lang>
                  </description>
              </value>
            <value from="0001" to="ffff">
                <description>
                    <lang xml:lang="en">in seconds</lang>
                  </description>
              </value>
                </configParam>
        <configParam number="3" type="rangemapped" size="1" default="00">
            <name>
                <lang xml:lang="en">Interpret RF Off command</lang>
              </name>
                  <description>
                <lang xml:lang="en"></lang>
              </description>
      
                  <value from="00" to="00">
                <description>
                    <lang xml:lang="en">switch off</lang>
                  </description>
              </value>
            <value from="01" to="01">
                <description>
                    <lang xml:lang="en">ignore</lang>
                  </description>
              </value>
            <value from="02" to="02">
                <description>
                    <lang xml:lang="en">switch on</lang>
                  </description>
              </value>
            <value from="03" to="03">
                <description>
                    <lang xml:lang="en">switch on if off else off</lang>
                  </description>
              </value>
                </configParam>
        <configParam number="4" type="rangemapped" size="1" default="01">
            <name>
                <lang xml:lang="en">Ignore start level</lang>
              </name>
                  <description>
                <lang xml:lang="en"></lang>
              </description>
      
                  <value from="00" to="00">
                <description>
                    <lang xml:lang="en">No</lang>
                  </description>
              </value>
            <value from="01" to="01">
                <description>
                    <lang xml:lang="en">Yes</lang>
                  </description>
              </value>
                </configParam>
        <configParam number="5" type="range" size="1" default="1e">
            <name>
                <lang xml:lang="en">Dimming speed</lang>
              </name>
                  <description>
                <lang xml:lang="en"></lang>
              </description>
      
                  <value from="00" to="00">
                <description>
                    <lang xml:lang="en">Instantly</lang>
                  </description>
              </value>
            <value from="01" to="ff">
                <description>
                    <lang xml:lang="en">in 10ms</lang>
                  </description>
              </value>
                </configParam>
        <configParam number="6" type="range" size="1" default="05">
            <name>
                <lang xml:lang="en">Dimming long speed</lang>
              </name>
                  <description>
                <lang xml:lang="en"></lang>
              </description>
      
                  <value from="01" to="ff">
                <description>
                    <lang xml:lang="en">in 1s</lang>
                  </description>
              </value>
                </configParam>
        <configParam number="7" type="rangemapped" size="1" default="00">
            <name>
                <lang xml:lang="en">Set maximum light level on On command</lang>
              </name>
                  <description>
                <lang xml:lang="en"></lang>
              </description>
      
                  <value from="00" to="00">
                <description>
                    <lang xml:lang="en">No</lang>
                  </description>
              </value>
            <value from="01" to="01">
                <description>
                    <lang xml:lang="en">If alredy on</lang>
                  </description>
              </value>
            <value from="02" to="02">
                <description>
                    <lang xml:lang="en">Always</lang>
                  </description>
              </value>
                </configParam>
        <configParam number="17" type="range" size="1" default="01">
            <name>
                <lang xml:lang="en">Dimmer calibration bottom level</lang>
              </name>
                  <description>
                <lang xml:lang="en"></lang>
              </description>
      
                  <value from="01" to="5f">
                <description>
                    <lang xml:lang="en">%</lang>
                  </description>
              </value>
                </configParam>
        <configParam number="18" type="range" size="1" default="63">
            <name>
                <lang xml:lang="en">Dimmer calibration top level</lang>
              </name>
                  <description>
                <lang xml:lang="en"></lang>
              </description>
      
                  <value from="00" to="00">
                <description>
                    <lang xml:lang="en">Work as switch: only off and maximum</lang>
                  </description>
              </value>
            <value from="0a" to="63">
                <description>
                    <lang xml:lang="en">%</lang>
                  </description>
              </value>
                </configParam>
        <configParam number="19" type="range" size="1" default="00">
            <name>
                <lang xml:lang="en">Default on level</lang>
              </name>
                  <description>
                <lang xml:lang="en"></lang>
              </description>
      
                  <value from="00" to="00">
                <description>
                    <lang xml:lang="en">Disabled (use previous)</lang>
                  </description>
              </value>
            <value from="01" to="63">
                <description>
                    <lang xml:lang="en">%</lang>
                  </description>
              </value>
                </configParam>
      </configParams>
  
    
  
    
  </ZWaveDevice>


