<?xml version="1.0" encoding="utf-8"?>
<ZWaveDevice xmlns="http://www.pepper1.net/zwavedb/xml-schemata/z-wave" schemaVersion="2">

  <descriptorVersion>1</descriptorVersion>

  <deviceData>
            <manufacturerId value="0116"/>
        <productType value="0002"/>
    <productId value="0001"/>
    <libType value="06"/>
    <protoVersion value="02"/>
    <protoSubVersion value="4e"/>
    <appVersion value="01"/>
    <appSubVersion value="01"/>
        <basicClass value="04"/>
            <genericClass value="20"/>
            <specificClass value="01"/>
        <optional value="true"/>
    <listening value="false"/>
    <routing value="true"/>
        <beamSensor>0</beamSensor>
                    
      </deviceData>

  <deviceDescription>
                <description>
            <lang xml:lang="de">Tür-Fenster-Sensor</lang>
            <lang xml:lang="en">Door Window Sensor</lang>
          </description>
            <wakeupNote>
            <lang xml:lang="de">3 * Taste unter Batterieabdeckung drücken innerhalb 1.5 sec </lang>
            <lang xml:lang="en">Kick Button under Battery cover</lang>
          </wakeupNote>
            <inclusionNote>
            <lang xml:lang="de">3 * Taste unter Batterieabdeckung drücken innerhalb 1.5 sec </lang>
            <lang xml:lang="en">Kick Button under Battery cover</lang>
          </inclusionNote>
            <productName>HSM02</productName>
            <brandName>HSM02</brandName>
            <productLine>Chromatic Sensors</productLine>
            <productCode>HSM02</productCode>
                <batteryType>CR2450</batteryType>
            <batteryCount>1</batteryCount>
            </deviceDescription>

    <commandClasses>
        <commandClass id="0080"/>
        <commandClass id="0020"/>
        <commandClass id="0084"/>
        <commandClass id="0085"/>
        <commandClass id="0086"/>
        <commandClass id="0030"/>
        <commandClass id="0070"/>
        <commandClass id="0071"/>
        <commandClass id="0072"/>
      </commandClasses>
  
    <assocGroups>
        <assocGroup number="1" maxNodes="1">
            <description>
                <lang xml:lang="de">Alarmmeldungen und Sensorstatusmeldungen</lang>
                <lang xml:lang="en">Alarms and Sensor Status Reports</lang>
              </description>
          </assocGroup>
        <assocGroup number="2" maxNodes="5">
            <description>
                <lang xml:lang="de">Steuert Geräte wenn Sensor auslöst</lang>
                <lang xml:lang="en">Controls devices when sensor triggers</lang>
              </description>
          </assocGroup>
      </assocGroups>
  
    <configParams>
        <configParam number="1" type="range" size="1" default="63">
            <name>
                <lang xml:lang="de">Schaltkommando beim Einschalten</lang>
                <lang xml:lang="en">Level sent on open event</lang>
              </name>
                  <description>
                <lang xml:lang="de">Definiert das Kommando, das beim Ausloesen des Sensors an ein assoziiertes Gerät gesendet wird</lang>
                <lang xml:lang="en">Defines which level to send when sensor triggers</lang>
              </description>
      
                  <value from="01" to="63">
                <description>
                    <lang xml:lang="de"></lang>
                    <lang xml:lang="en">Level</lang>
                  </description>
              </value>
            <value from="63" to="63">
                <description>
                    <lang xml:lang="de"></lang>
                    <lang xml:lang="en">100%</lang>
                  </description>
              </value>
            <value from="ff" to="ff">
                <description>
                    <lang xml:lang="de"></lang>
                    <lang xml:lang="en">On</lang>
                  </description>
              </value>
                </configParam>
        <configParam number="2" type="range" size="1" default="01">
            <name>
                <lang xml:lang="de">Ausschaltverzögerung</lang>
                <lang xml:lang="en">OFF Delay</lang>
              </name>
                  <description>
                <lang xml:lang="de">Definiert die Zeit, nach der ein assoziiertes Gerät wieder ausgeschaltet wird</lang>
                <lang xml:lang="en">Defines the time to wait before the sensor will send OFF command</lang>
              </description>
      
                  <value from="00" to="00">
                <description>
                    <lang xml:lang="de"></lang>
                    <lang xml:lang="en">Immediately</lang>
                  </description>
              </value>
            <value from="01" to="7f" unit="sec">
                <description>
                    <lang xml:lang="de"></lang>
                    <lang xml:lang="en">Seconds</lang>
                  </description>
              </value>
                </configParam>
      </configParams>
  
    
    <alarmMappings>
        <alarmMapping alarmTypeV1="02" alarmLevelV1="01" alarmTypeV2="08" alarmEventV2="01"/>
        <alarmMapping alarmTypeV1="01" alarmLevelV1="ff" alarmTypeV2="08" alarmEventV2="ff"/>
        <alarmMapping alarmTypeV1="01" alarmLevelV1="11" alarmTypeV2="07" alarmEventV2="03"/>
      </alarmMappings>
  
    <resourceLinks>
     
    <deviceImage url="http://www.pepper1.net/zwavedb/uploads/resources/67c7232867ce1ce1221d56d5921ac599ec649f44.jpg" />
      </resourceLinks>
    
  </ZWaveDevice>


