<?xml version="1.0" encoding="utf-8"?>
<ZWaveDevice xmlns="http://www.pepper1.net/zwavedb/xml-schemata/z-wave" schemaVersion="2">

  <descriptorVersion>1</descriptorVersion>

  <deviceData>
            <manufacturerId value="0059"/>
        <productType value="000d"/>
    <productId value="0001"/>
    <libType value="06"/>
    <protoVersion value="03"/>
    <protoSubVersion value="14"/>
    <appVersion value="00"/>
    <appSubVersion value="04"/>
        <basicClass value="04"/>
            <genericClass value="21"/>
            <specificClass value="01"/>
        <optional value="true"/>
    <listening value="false"/>
    <routing value="true"/>
        <beamSensor>0</beamSensor>
            <rfFrequency>EU</rfFrequency>
            <certId>14767</certId>
            <certNumber>ZC08-12060008</certNumber>
        
      </deviceData>

  <deviceDescription>
                <description>
            <lang xml:lang="de">Batteriegespeister Temoeratursensor</lang>
            <lang xml:lang="en">Battery Powered Temperature Sensor</lang>
          </description>
            <wakeupNote>
            <lang xml:lang="de"></lang>
            <lang xml:lang="en"></lang>
          </wakeupNote>
            <inclusionNote>
            <lang xml:lang="de">Zwei Sekunden Taste drücken</lang>
            <lang xml:lang="en">Press Button 2 secs</lang>
          </inclusionNote>
            <productName>SES301 Secure Temperature Sensor Z-Wave</productName>
            <brandName>Secure</brandName>
            <productLine>Temperature Sensor</productLine>
            <productCode>NU2010402000</productCode>
            <productVersion>1</productVersion>
            <batteryType>AAA</batteryType>
            <batteryCount>2</batteryCount>
            </deviceDescription>

    <commandClasses>
        <commandClass id="0080"/>
        <commandClass id="0020" inNIF="false"/>
        <commandClass id="0084" version="2"/>
        <commandClass id="0085"/>
        <commandClass id="0086"/>
        <commandClass id="0070"/>
        <commandClass id="0031"/>
        <commandClass id="0072"/>
      </commandClasses>
  
    <assocGroups>
        <assocGroup number="2" maxNodes="4">
            <description>
                <lang xml:lang="de">Batteriestatuswarnung</lang>
                <lang xml:lang="en">Nodes to receive unsolicited low battery warnings report</lang>
              </description>
          </assocGroup>
        <assocGroup number="1" maxNodes="4">
            <description>
                <lang xml:lang="de">Temperatursensorwerte</lang>
                <lang xml:lang="en">Nodes to receive unsolicited multilevel sensor report</lang>
              </description>
          </assocGroup>
      </assocGroups>
  
    <configParams>
        <configParam number="1" type="range" size="1" default="00">
            <name>
                <lang xml:lang="de">Temperaturskala</lang>
                <lang xml:lang="en">Temperature Scale</lang>
              </name>
                  <description>
                <lang xml:lang="de">Setzt die Temperaturskala</lang>
                <lang xml:lang="en">Adjust the temperature scale</lang>
              </description>
      
                  <value from="00" to="7f">
                <description>
                    <lang xml:lang="de">Celcius</lang>
                    <lang xml:lang="en">Celsius</lang>
                  </description>
              </value>
            <value from="80" to="ff">
                <description>
                    <lang xml:lang="de">Fahrenheit</lang>
                    <lang xml:lang="en">Fahrenheit</lang>
                  </description>
              </value>
            <value from="00" to="00">
                <description>
                    <lang xml:lang="de">Standard</lang>
                    <lang xml:lang="en">Default</lang>
                  </description>
              </value>
                </configParam>
        <configParam number="2" type="range" size="1" default="0a">
            <name>
                <lang xml:lang="de">Temperaturwertquantum</lang>
                <lang xml:lang="en">Delta Temperature</lang>
              </name>
                  <description>
                <lang xml:lang="de">definiert die Auflösung des Temperaturwertes</lang>
                <lang xml:lang="en">Set degree steps</lang>
              </description>
      
                  <value from="01" to="64">
                <description>
                    <lang xml:lang="de">* 0.1 K</lang>
                    <lang xml:lang="en">* 0,1 K</lang>
                  </description>
              </value>
            <value from="0a" to="0a">
                <description>
                    <lang xml:lang="de">Standard (in 1,0C° Schritten)</lang>
                    <lang xml:lang="en">default is 10 (steps of 1,0C°) </lang>
                  </description>
              </value>
                </configParam>
      </configParams>
  
    
  
    <resourceLinks>
     
    <deviceImage url="http://www.pepper1.net/zwavedb/uploads/resources/911914b462805435f6876b03f8c8c78078034130.jpg" />
      </resourceLinks>
    
  </ZWaveDevice>


