<?xml version="1.0" encoding="utf-8"?>
<ZWaveDevice xmlns="http://www.pepper1.net/zwavedb/xml-schemata/z-wave" schemaVersion="2">

  <descriptorVersion>1</descriptorVersion>

  <deviceData>
            <manufacturerId value="0064"/>
        <productType value="1001"/>
    <productId value="0000"/>
    <libType value="06"/>
    <protoVersion value="02"/>
    <protoSubVersion value="24"/>
    <appVersion value="01"/>
    <appSubVersion value="00"/>
        <basicClass value="04"/>
            <genericClass value="11"/>
            <specificClass value="01"/>
        <optional value="true"/>
    <listening value="true"/>
    <routing value="false"/>
        <beamSensor>0</beamSensor>
                    
      </deviceData>

  <deviceDescription>
                <description>
            <lang xml:lang="de">Schuko Dimmeraufsatz für Lasten bis 300W</lang>
            <lang xml:lang="en">Schuko Plug-In Dimmer up to 300 WA</lang>
          </description>
            <wakeupNote>
            <lang xml:lang="de"></lang>
            <lang xml:lang="en"></lang>
          </wakeupNote>
            <inclusionNote>
            <lang xml:lang="de">Taste Dreifach</lang>
            <lang xml:lang="en">Tripple Press Button</lang>
          </inclusionNote>
            <productName>Schuko Plug Dimmer</productName>
            <brandName>Duewi Z-Wave</brandName>
                <productCode>064394</productCode>
                        </deviceDescription>

    <commandClasses>
        <commandClass id="0020"/>
        <commandClass id="0082"/>
        <commandClass id="0025"/>
        <commandClass id="0086"/>
        <commandClass id="0027"/>
        <commandClass id="0087"/>
        <commandClass id="0072"/>
        <commandClass id="0075"/>
      </commandClasses>
  
  
  
    
  
    <resourceLinks>
     
    <deviceImage url="http://www.pepper1.net/zwavedb/uploads/resources/ab4a4f8dedad635e483912a1f36b7a259ed63f60.jpg" />
      </resourceLinks>
    
  </ZWaveDevice>


