<?xml version="1.0" encoding="utf-8"?>
<ZWaveDevice xmlns="http://www.pepper1.net/zwavedb/xml-schemata/z-wave" schemaVersion="2">

  <descriptorVersion>1</descriptorVersion>

  <deviceData>
            <manufacturerId value="0130"/>
        <productType value="0001"/>
    <productId value="0001"/>
    <libType value="00"/>
    <protoVersion value="00"/>
    <protoSubVersion value="00"/>
    <appVersion value="00"/>
    <appSubVersion value="00"/>
        <basicClass value="02"/>
            <genericClass value="02"/>
            <specificClass value="01"/>
        <optional value="true"/>
    <listening value="true"/>
    <routing value="false"/>
        <beamSensor>0</beamSensor>
            <rfFrequency>EU</rfFrequency>
            <certId>14935</certId>
            <certNumber>ZC08-12080002</certNumber>
        
      </deviceData>

  <deviceDescription>
                <description>
            <lang xml:lang="en">Home Energy Management Device.</lang>
          </description>
            <wakeupNote>
            <lang xml:lang="en"></lang>
          </wakeupNote>
            <inclusionNote>
            <lang xml:lang="en">Access to control page and start inclusion via Web browser.</lang>
          </inclusionNote>
            <productName>QEDII</productName>
            <brandName>Quby</brandName>
            <productLine>Quby Energy Management System</productLine>
            <productCode>QB2</productCode>
            <productVersion>R01</productVersion>
                    </deviceDescription>

    <commandClasses>
        <commandClass id="0020" controlled="true" inNIF="false"/>
        <commandClass id="0072"/>
        <commandClass id="0085" controlled="true" inNIF="false"/>
        <commandClass id="0080" controlled="true" inNIF="false"/>
        <commandClass id="0056" controlled="true"/>
        <commandClass id="0070" controlled="true" inNIF="false"/>
        <commandClass id="007a" controlled="true" inNIF="false"/>
        <commandClass id="0072" version="2" controlled="true" inNIF="false"/>
        <commandClass id="003e" controlled="true" inNIF="false"/>
        <commandClass id="0060" version="3" controlled="true" inNIF="false"/>
        <commandClass id="008b" controlled="true"/>
        <commandClass id="0086" controlled="true" inNIF="false"/>
        <commandClass id="0084" controlled="true"/>
      </commandClasses>
  
  
  
    
  
    <resourceLinks>
     
    <deviceImage url="http://www.pepper1.net/zwavedb/uploads/resources/127879d1c3029528f5b16589cae96863445b55f0.jpg" />
      </resourceLinks>
    
  </ZWaveDevice>


