<?xml version="1.0" encoding="utf-8"?>
<ZWaveDevice xmlns="http://www.pepper1.net/zwavedb/xml-schemata/z-wave" schemaVersion="2">

  <descriptorVersion>1</descriptorVersion>

  <deviceData>
            <manufacturerId value="0095"/>
        <productType value="0000"/>
    <productId value="0000"/>
    <libType value="02"/>
    <protoVersion value="03"/>
    <protoSubVersion value="28"/>
    <appVersion value="00"/>
    <appSubVersion value="05"/>
        <basicClass value="01"/>
            <genericClass value="01"/>
            <specificClass value="01"/>
        <optional value="true"/>
    <listening value="false"/>
    <routing value="false"/>
        <beamSensor>0</beamSensor>
            <rfFrequency>US</rfFrequency>
            <certId>14470</certId>
            <certNumber>ZC08-12070008</certNumber>
        
      </deviceData>

  <deviceDescription>
                <description>
            <lang xml:lang="en">Key fob with 4 buttons.</lang>
          </description>
            <wakeupNote>
            <lang xml:lang="en"></lang>
          </wakeupNote>
            <inclusionNote>
            <lang xml:lang="en">Enter blue menu and selekt yellow network option, click and hold button 2 to start learn mode.</lang>
          </inclusionNote>
            <productName>QEES MyKey (US)</productName>
            <brandName>QEES</brandName>
            <productLine>QEES Remote Series</productLine>
            <productCode>321-IQ(WB)-A2</productCode>
            <productVersion>1</productVersion>
            <batteryType>Device can be charged by USB.</batteryType>
                </deviceDescription>

    <commandClasses>
        <commandClass id="0021" controlled="true"/>
        <commandClass id="0084" version="2"/>
        <commandClass id="0085" version="2" controlled="true"/>
        <commandClass id="0086"/>
        <commandClass id="002d"/>
        <commandClass id="0020" controlled="true"/>
        <commandClass id="0026" version="2" controlled="true"/>
        <commandClass id="002b" controlled="true"/>
        <commandClass id="002c" controlled="true"/>
      </commandClasses>
  
    <assocGroups>
        <assocGroup number="4" maxNodes="148">
            <description>
                <lang xml:lang="en">Mapped to Button group 4</lang>
              </description>
          </assocGroup>
        <assocGroup number="3" maxNodes="148">
            <description>
                <lang xml:lang="en">Mapped to Button group 3</lang>
              </description>
          </assocGroup>
        <assocGroup number="2" maxNodes="148">
            <description>
                <lang xml:lang="en">Mapped to Button group 2</lang>
              </description>
          </assocGroup>
        <assocGroup number="1" maxNodes="148">
            <description>
                <lang xml:lang="en">Mapped to Button group 1</lang>
              </description>
          </assocGroup>
      </assocGroups>
  
  
    
  
    <resourceLinks>
     
    <deviceImage url="http://www.pepper1.net/zwavedb/uploads/resources/36bf7d71708674c5c54c1d340b6c6509fb5055fb.jpg" />
      </resourceLinks>
    
  </ZWaveDevice>


