<?xml version="1.0" encoding="utf-8"?>
<ZWaveDevice xmlns="http://www.pepper1.net/zwavedb/xml-schemata/z-wave" schemaVersion="2">

  <descriptorVersion>1</descriptorVersion>

  <deviceData>
            <manufacturerId value="0109"/>
        <productType value="2006"/>
    <productId value="0620"/>
    <libType value="03"/>
    <protoVersion value="03"/>
    <protoSubVersion value="40"/>
    <appVersion value="05"/>
    <appSubVersion value="05"/>
        <basicClass value="04"/>
            <genericClass value="40"/>
            <specificClass value="03"/>
        <optional value="true"/>
    <listening value="false"/>
    <routing value="true"/>
            <rfFrequency>EU</rfFrequency>
            <certId>14760</certId>
            <certNumber>ZC08-12040003</certNumber>
        
      </deviceData>

  <deviceDescription>
                <description>
            <lang xml:lang="en">Securtiy Z-Wave Doorlock</lang>
          </description>
            <wakeupNote>
            <lang xml:lang="en"></lang>
          </wakeupNote>
            <inclusionNote>
            <lang xml:lang="en">Press button C - 8 - 8 - 8 and turn the Turn Piece from inside manually </lang>
          </inclusionNote>
            <productName>Door Lock for Security</productName>
            <brandName>Vision</brandName>
            <productLine>Home Security</productLine>
            <productCode>06</productCode>
            <productVersion>2.0</productVersion>
                    </deviceDescription>

    <commandClasses>
        <commandClass id="0085" inNIF="false" secure="true" nonSecure="false"/>
        <commandClass id="0020" inNIF="false" secure="true"/>
        <commandClass id="0080" secure="true"/>
        <commandClass id="0062" inNIF="false" secure="true" nonSecure="false"/>
        <commandClass id="004c" inNIF="false" secure="true" nonSecure="false"/>
        <commandClass id="0072" secure="true"/>
        <commandClass id="004e" inNIF="false" secure="true" nonSecure="false"/>
        <commandClass id="0098"/>
        <commandClass id="008b" inNIF="false" secure="true" nonSecure="false"/>
        <commandClass id="0063" inNIF="false" secure="true" nonSecure="false"/>
        <commandClass id="0086" secure="true"/>
      </commandClasses>
  
    <assocGroups>
        <assocGroup number="1" maxNodes="5">
            <description>
                <lang xml:lang="en">Reports lock and unlock status to associated devices</lang>
              </description>
          </assocGroup>
      </assocGroups>
  
  
    
  
    <resourceLinks>
     
    <deviceImage url="http://www.pepper1.net/zwavedb/uploads/resources/caef31b25bc149f5fa23d4b98fb0644dcca8310d.jpg" />
      </resourceLinks>
    
  </ZWaveDevice>


