<?xml version="1.0" encoding="utf-8"?>
<ZWaveDevice xmlns="http://www.pepper1.net/zwavedb/xml-schemata/z-wave" schemaVersion="2">

  <descriptorVersion>1</descriptorVersion>

  <deviceData>
            <manufacturerId value="0123"/>
        <productType value="0001"/>
    <productId value="0000"/>
    <libType value="03"/>
    <protoVersion value="03"/>
    <protoSubVersion value="2d"/>
    <appVersion value="01"/>
    <appSubVersion value="00"/>
        <basicClass value="04"/>
            <genericClass value="11"/>
            <specificClass value="01"/>
        <optional value="true"/>
    <listening value="true"/>
    <routing value="true"/>
            <rfFrequency>Japan (922-926 MHz)</rfFrequency>
            <certId>14970</certId>
            <certNumber>ZC08-12070004</certNumber>
        
      </deviceData>

  <deviceDescription>
                <description>
            <lang xml:lang="en">LED Dimmer Unit with Z-Wave control</lang>
          </description>
            <wakeupNote>
            <lang xml:lang="en"></lang>
          </wakeupNote>
            <inclusionNote>
            <lang xml:lang="en">take cover off, press inclusion button for a short time</lang>
          </inclusionNote>
            <productName>Smart CONNECT</productName>
                <productLine>LED Dimmer</productLine>
            <productCode>ZW-LC (ZW)</productCode>
            <productVersion>1.0</productVersion>
                    </deviceDescription>

    <commandClasses>
        <commandClass id="0027"/>
        <commandClass id="0020" inNIF="false"/>
        <commandClass id="0091"/>
        <commandClass id="0072"/>
        <commandClass id="0026" version="2" controlled="true"/>
        <commandClass id="0086"/>
      </commandClasses>
  
  
  
    
  
    <resourceLinks>
     
    <deviceImage url="http://www.pepper1.net/zwavedb/uploads/resources/52fd170ef6411b3b269b3aff1231d3e015efc02b.jpg" />
      </resourceLinks>
    
  </ZWaveDevice>


