<?xml version="1.0" encoding="utf-8"?>
<ZWaveDevice xmlns="http://www.pepper1.net/zwavedb/xml-schemata/z-wave" schemaVersion="2">

  <descriptorVersion>1</descriptorVersion>

  <deviceData>
            <manufacturerId value="0123"/>
        <productType value="8000"/>
    <productId value="0000"/>
    <libType value="00"/>
    <protoVersion value="00"/>
    <protoSubVersion value="00"/>
    <appVersion value="03"/>
    <appSubVersion value="2d"/>
        <basicClass value="02"/>
            <genericClass value="02"/>
            <specificClass value="00"/>
        <optional value="true"/>
    <listening value="true"/>
    <routing value="true"/>
            <rfFrequency>Japan (922-926 MHz)</rfFrequency>
            <certId>14969</certId>
            <certNumber>ZC08-12070005</certNumber>
        
      </deviceData>

  <deviceDescription>
                <description>
            <lang xml:lang="en">Controller for LED Dimming Control System</lang>
          </description>
            <wakeupNote>
            <lang xml:lang="en"></lang>
          </wakeupNote>
            <inclusionNote>
            <lang xml:lang="en">Include device by using the web frontend</lang>
          </inclusionNote>
            <productName>Smart Bridge</productName>
                <productLine>Gateway</productLine>
            <productCode>ZW-GW (ID)</productCode>
            <productVersion>1.0</productVersion>
                    </deviceDescription>

    <commandClasses>
        <commandClass id="0072" controlled="true"/>
        <commandClass id="0020" controlled="true" inNIF="false"/>
        <commandClass id="0091" controlled="true" inNIF="false"/>
        <commandClass id="0026" version="2" controlled="true" inNIF="false"/>
        <commandClass id="0000" controlled="true" inNIF="false"/>
        <commandClass id="0086" controlled="true" inNIF="false"/>
      </commandClasses>
  
  
  
    
  
    <resourceLinks>
     
    <deviceImage url="http://www.pepper1.net/zwavedb/uploads/resources/dac28ada1d12c754e0337071ffcd3ba1874aaddf.jpg" />
      </resourceLinks>
    
  </ZWaveDevice>


