<?xml version="1.0" encoding="utf-8"?>
<ZWaveDevice xmlns="http://www.pepper1.net/zwavedb/xml-schemata/z-wave" schemaVersion="2">

  <descriptorVersion>1</descriptorVersion>

  <deviceData>
            <manufacturerId value="0115"/>
        <productType value="1000"/>
    <productId value="0005"/>
    <libType value="03"/>
    <protoVersion value="03"/>
    <protoSubVersion value="2a"/>
    <appVersion value="01"/>
    <appSubVersion value="00"/>
        <basicClass value="04"/>
            <genericClass value="12"/>
            <specificClass value="02"/>
        <optional value="true"/>
    <listening value="false"/>
    <routing value="true"/>
        <beamSensor>0</beamSensor>
            <rfFrequency>Russia</rfFrequency>
                
      </deviceData>

  <deviceDescription>
                <description>
            <lang xml:lang="de"></lang>
            <lang xml:lang="en">Battery wall switch</lang>
            <lang xml:lang="ru">Выключатель на батарейках</lang>
          </description>
            <wakeupNote>
            <lang xml:lang="de"></lang>
            <lang xml:lang="en">Double click Include button or hold 5 seconds Up or Down buttons</lang>
            <lang xml:lang="ru">Двойное нажатие кнопки Include или удержание 5 секунд кнопок Вверх или Вниз</lang>
          </wakeupNote>
            <inclusionNote>
            <lang xml:lang="de"></lang>
            <lang xml:lang="en">Hold 5 seconds Include button (NWI mode) or Exclude (classical mode)</lang>
            <lang xml:lang="ru">Удержание 5 секунды кнопки Include (режим NWI) или Exclude (классический режим)</lang>
          </inclusionNote>
            <productName>Wall Controller 4</productName>
            <brandName>Z-Wave.Me</brandName>
            <productLine>Düwi modification</productLine>
                    <batteryType>AAAA (LR8D425)</batteryType>
            <batteryCount>2</batteryCount>
            </deviceDescription>

    <commandClasses>
        <commandClass id="0020" controlled="true" inNIF="false"/>
        <commandClass id="0080"/>
        <commandClass id="0084" version="2"/>
        <commandClass id="0085" version="2"/>
        <commandClass id="0086"/>
        <commandClass id="0060" version="2" controlled="true" inNIF="false"/>
        <commandClass id="008e" version="2"/>
        <commandClass id="0070"/>
        <commandClass id="0072"/>
        <commandClass id="0075"/>
        <commandClass id="0077"/>
        <commandClass id="0026" controlled="true" inNIF="false"/>
        <commandClass id="002b" controlled="true" inNIF="false"/>
        <commandClass id="0027" controlled="true" inNIF="false"/>
        <commandClass id="002d"/>
      </commandClasses>
  
    <assocGroups>
        <assocGroup number="1" maxNodes="8">
            <description>
                <lang xml:lang="de"></lang>
                <lang xml:lang="en">Controlled by button Up or single clicks of buttons Up and Down</lang>
                <lang xml:lang="ru">Управляется кнопкой Up или одинарными нажатиями кнопок Up и Down</lang>
              </description>
          </assocGroup>
        <assocGroup number="2" maxNodes="8">
            <description>
                <lang xml:lang="de"></lang>
                <lang xml:lang="en">Controlled by button Down or double clicks of buttons Up and Down</lang>
                <lang xml:lang="ru">Управляется кнопкой Down или двойными нажатиями кнопок Up и Down</lang>
              </description>
          </assocGroup>
      </assocGroups>
  
    <configParams>
        <configParam number="1" type="rangemapped" size="1" default="01">
            <name>
                <lang xml:lang="de"></lang>
                <lang xml:lang="en">Buttons pair mode</lang>
                <lang xml:lang="ru">Режим работы кнопок</lang>
              </name>
                  <description>
                <lang xml:lang="de"></lang>
                <lang xml:lang="en">In separete mode button Up works with group 1, button Down with groups 2. Click is On, Hold is dimming Up, Double click is Off, Click-Hold is dimming Down. In pair button are Up/Down correspondingly. Click is On/Off, Hold is dimming Up/Down. Single clicks works with group 1, double click with group 2.</lang>
                <lang xml:lang="ru">В раздельном режиме кнопка Вверх работает с группой 1, кнопка Вниз с группой 2. Нажатие - Вкл, удержание - димирование Вверх, двойное нажатие - Выкл, нажате-удержание - Вниз. В парном режиме - Вверх/Вниз соответственно. Клик - Вкл/Выкл, удержания - диммирование Вверх/Вниз. Одинарный клик работает с группой 1, двойной с группой 2.</lang>
              </description>
      
                  <value from="00" to="00">
                <description>
                    <lang xml:lang="de"></lang>
                    <lang xml:lang="en">Separately</lang>
                    <lang xml:lang="ru">Раздельно</lang>
                  </description>
              </value>
            <value from="01" to="01">
                <description>
                    <lang xml:lang="de"></lang>
                    <lang xml:lang="en">In pair without double clicks</lang>
                    <lang xml:lang="ru">В паре без двойных кликов</lang>
                  </description>
              </value>
            <value from="02" to="02">
                <description>
                    <lang xml:lang="de"></lang>
                    <lang xml:lang="en">In pair with double clicks</lang>
                    <lang xml:lang="ru">В паре с двойными кликами</lang>
                  </description>
              </value>
                </configParam>
        <configParam number="11" type="rangemapped" size="1" default="01">
            <name>
                <lang xml:lang="de"></lang>
                <lang xml:lang="en">Action on group 1</lang>
                <lang xml:lang="ru">Действия для группы 1</lang>
              </name>
                  <description>
                <lang xml:lang="de"></lang>
                <lang xml:lang="en">In Switch On/Off only mode On command is sent on Dim Up, Off on Dim Down. In Scenes mode the scene ID sent is (10 * group + ActionID), where ActionID is: 1 = On, 2 = Off, 3 = Dim Up Start, 4 = Dim Down Stop, 5 = Dim Up Stop, 6 = Dim Down Stop</lang>
                <lang xml:lang="ru">В режиме Только Включать/Выключать при диммировании Вверх отправляется команда Включить, Вниз - команда Выключить. В режиме Сцен номер сцены вычисляется так: (10 * группа + ActionID), где ActionID is: 1 - Вкл, 2 = Выкл, 3 = Начало Вверх, 4 = Начало Вниз, 5 = Окончание Вверх, 6 = Окончание Вниз</lang>
              </description>
      
                  <value from="00" to="00">
                <description>
                    <lang xml:lang="de">Deaktiviert</lang>
                    <lang xml:lang="en">Disabled</lang>
                    <lang xml:lang="ru">Отключено</lang>
                  </description>
              </value>
            <value from="01" to="01">
                <description>
                    <lang xml:lang="de">Schaltkommandos Ein und Aus mittels &#039;Basic&#039; und &#039;SwitchMultilevel&#039; Kommando</lang>
                    <lang xml:lang="en">Switch On/Off and Dim (send Basic Set and Switch Multilevel)</lang>
                    <lang xml:lang="ru">Включать/Выключать и Диммировать (отправлять Basic Set и Switch Multilevel)</lang>
                  </description>
              </value>
            <value from="02" to="02">
                <description>
                    <lang xml:lang="de">Schaltkommandos Ein und Aus mittels &#039;Basic&#039; Kommando</lang>
                    <lang xml:lang="en">Switch On/Off only (send Basic Set)</lang>
                    <lang xml:lang="ru">Только Включать/Выключать (отправлять Basic Set)</lang>
                  </description>
              </value>
            <value from="03" to="03">
                <description>
                    <lang xml:lang="de">&#039;Switch All&quot; Kommando</lang>
                    <lang xml:lang="en">Switch All</lang>
                    <lang xml:lang="ru">Выключать/Выключать всё</lang>
                  </description>
              </value>
            <value from="04" to="04">
                <description>
                    <lang xml:lang="de">Szenenaktivierung</lang>
                    <lang xml:lang="en">Send Scenes</lang>
                    <lang xml:lang="ru">Отправлять Сцены</lang>
                  </description>
              </value>
            <value from="05" to="05">
                <description>
                    <lang xml:lang="de"></lang>
                    <lang xml:lang="en">Send Preconfigured Scenes</lang>
                    <lang xml:lang="ru">Отправлять преднастроенные Сцены</lang>
                  </description>
              </value>
            <value from="06" to="06">
                <description>
                    <lang xml:lang="de"></lang>
                    <lang xml:lang="en">Control devices in proximity</lang>
                    <lang xml:lang="ru">Управлять ближайшими устройствами</lang>
                  </description>
              </value>
                </configParam>
        <configParam number="12" type="rangemapped" size="1" default="01">
            <name>
                <lang xml:lang="de"></lang>
                <lang xml:lang="en">Action on group 2</lang>
                <lang xml:lang="ru">Действия для группы 2</lang>
              </name>
                  <description>
                <lang xml:lang="de"></lang>
                <lang xml:lang="en">In Switch On/Off only mode On command is sent on Dim Up, Off on Dim Down. In Scenes mode the scene ID sent is (10 * group + ActionID), where ActionID is: 1 = On, 2 = Off, 3 = Dim Up Start, 4 = Dim Down Stop, 5 = Dim Up Stop, 6 = Dim Down Stop</lang>
                <lang xml:lang="ru">В режиме Только Включать/Выключать при диммировании Вверх отправляется команда Включить, Вниз - команда Выключить. В режиме Сцен номер сцены вычисляется так: (10 * группа + ActionID), где ActionID is: 1 - Вкл, 2 = Выкл, 3 = Начало Вверх, 4 = Начало Вниз, 5 = Окончание Вверх, 6 = Окончание Вниз</lang>
              </description>
      
                  <value from="00" to="00">
                <description>
                    <lang xml:lang="de">Deaktiviert</lang>
                    <lang xml:lang="en">Disabled</lang>
                    <lang xml:lang="ru">Отключено</lang>
                  </description>
              </value>
            <value from="01" to="01">
                <description>
                    <lang xml:lang="de">Schaltkommandos Ein und Aus mittels &#039;Basic&#039; und &#039;SwitchMultilevel&#039; Kommando</lang>
                    <lang xml:lang="en">Switch On/Off and Dim (send Basic Set and Switch Multilevel)</lang>
                    <lang xml:lang="ru">Включать/Выключать и Диммировать (отправлять Basic Set и Switch Multilevel)</lang>
                  </description>
              </value>
            <value from="02" to="02">
                <description>
                    <lang xml:lang="de">Schaltkommandos Ein und Aus mittels &#039;Basic&#039; Kommando</lang>
                    <lang xml:lang="en">Switch On/Off only (send Basic Set)</lang>
                    <lang xml:lang="ru">Только Включать/Выключать (отправлять Basic Set)</lang>
                  </description>
              </value>
            <value from="03" to="03">
                <description>
                    <lang xml:lang="de">&#039;Switch All&quot; Kommando</lang>
                    <lang xml:lang="en">Switch All</lang>
                    <lang xml:lang="ru">Выключать/Выключать всё</lang>
                  </description>
              </value>
            <value from="04" to="04">
                <description>
                    <lang xml:lang="de">Szenenaktivierung</lang>
                    <lang xml:lang="en">Send Scenes</lang>
                    <lang xml:lang="ru">Отправлять Сцены</lang>
                  </description>
              </value>
            <value from="05" to="05">
                <description>
                    <lang xml:lang="de"></lang>
                    <lang xml:lang="en">Send Preconfigured Scenes</lang>
                    <lang xml:lang="ru">Отправлять преднастроенные Сцены</lang>
                  </description>
              </value>
            <value from="06" to="06">
                <description>
                    <lang xml:lang="de"></lang>
                    <lang xml:lang="en">Control devices in proximity</lang>
                    <lang xml:lang="ru">Управлять ближайшими устройствами</lang>
                  </description>
              </value>
                </configParam>
        <configParam number="20" type="range" size="1" default="32">
            <name>
                <lang xml:lang="de"></lang>
                <lang xml:lang="en">Typical click timeout</lang>
                <lang xml:lang="ru">Характерное время нажатия</lang>
              </name>
                  <description>
                <lang xml:lang="de"></lang>
                <lang xml:lang="en">Typical time used to differenciate click, hold and double clicks</lang>
                <lang xml:lang="ru">Харакерное время для отличия нажатия, удержания и двойного нажатий</lang>
              </description>
      
                  <value from="01" to="64">
                <description>
                    <lang xml:lang="de"></lang>
                    <lang xml:lang="en">in 10ms units</lang>
                    <lang xml:lang="ru">в единицах 10мс</lang>
                  </description>
              </value>
                </configParam>
        <configParam number="21" type="rangemapped" size="1" default="01">
            <name>
                <lang xml:lang="de">Sende die folgenden &#039;Switch All&#039; Kommandos</lang>
                <lang xml:lang="en">Send the following Switch All commands</lang>
                <lang xml:lang="ru">Отправлять следующие команды включить/выключит всё</lang>
              </name>
                  <description>
                <lang xml:lang="de"></lang>
                <lang xml:lang="en"></lang>
                <lang xml:lang="ru"></lang>
              </description>
      
                  <value from="01" to="01">
                <description>
                    <lang xml:lang="de">Nur Ausschalten</lang>
                    <lang xml:lang="en">Switch off only</lang>
                    <lang xml:lang="ru">Только выключить всё</lang>
                  </description>
              </value>
            <value from="02" to="02">
                <description>
                    <lang xml:lang="de">Nur Einschalten</lang>
                    <lang xml:lang="en">Switch on only</lang>
                    <lang xml:lang="ru">Только включить всё</lang>
                  </description>
              </value>
            <value from="ff" to="ff">
                <description>
                    <lang xml:lang="de">Einschalten und Ausschalten</lang>
                    <lang xml:lang="en">Switch all on and off</lang>
                    <lang xml:lang="ru">Включить и выключить всё</lang>
                  </description>
              </value>
                </configParam>
        <configParam number="22" type="rangemapped" size="1" default="00">
            <name>
                <lang xml:lang="de">Invertieren der Tastenbedeutung Hoch und Runter</lang>
                <lang xml:lang="en">Invert buttons</lang>
                <lang xml:lang="ru">Инвертировать кнопки</lang>
              </name>
                  <description>
                <lang xml:lang="de"></lang>
                <lang xml:lang="en"></lang>
                <lang xml:lang="ru"></lang>
              </description>
      
                  <value from="00" to="00">
                <description>
                    <lang xml:lang="de">Nein</lang>
                    <lang xml:lang="en">No</lang>
                    <lang xml:lang="ru">Нет</lang>
                  </description>
              </value>
            <value from="01" to="01">
                <description>
                    <lang xml:lang="de">Ja</lang>
                    <lang xml:lang="en">Yes</lang>
                    <lang xml:lang="ru">Да</lang>
                  </description>
              </value>
                </configParam>
        <configParam number="30" type="rangemapped" size="1" default="00">
            <name>
                <lang xml:lang="de">Sende beim Aufwecken unaufgefordert eine Batterie-Statusmeldung</lang>
                <lang xml:lang="en">Send unsolicited Battery Report on Wake Up</lang>
                <lang xml:lang="ru">Отправлять непрошенные отчёт заряда батареек Battery Report при пробуждении</lang>
              </name>
                  <description>
                <lang xml:lang="de"></lang>
                <lang xml:lang="en"></lang>
                <lang xml:lang="ru"></lang>
              </description>
      
                  <value from="00" to="00">
                <description>
                    <lang xml:lang="de">Nein</lang>
                    <lang xml:lang="en">No</lang>
                    <lang xml:lang="ru">Нет</lang>
                  </description>
              </value>
            <value from="01" to="01">
                <description>
                    <lang xml:lang="de">An das gleiche Gerät wie die Aufweck-Meldung</lang>
                    <lang xml:lang="en">To same node as wake up notification</lang>
                    <lang xml:lang="ru">Тому же узлу, что и оповещение от пробуждении</lang>
                  </description>
              </value>
            <value from="02" to="02">
                <description>
                    <lang xml:lang="de">Broadcast an alle Nachbarn</lang>
                    <lang xml:lang="en">Broadcast to neighbours</lang>
                    <lang xml:lang="ru">Широковещательная рассылка соседним узлам</lang>
                  </description>
              </value>
                </configParam>
        <configParam number="24" type="rangemapped" size="1" default="00">
            <name>
                <lang xml:lang="de"></lang>
                <lang xml:lang="en">LED confirmation mode</lang>
                <lang xml:lang="ru">Режим подтверждения светодиода</lang>
              </name>
                  <description>
                <lang xml:lang="de"></lang>
                <lang xml:lang="en">This allows to save battery</lang>
                <lang xml:lang="ru">Позволяет экономить заряд батарейки</lang>
              </description>
      
                  <value from="00" to="00">
                <description>
                    <lang xml:lang="de"></lang>
                    <lang xml:lang="en">No confirmations</lang>
                    <lang xml:lang="ru">Без подтверждения</lang>
                  </description>
              </value>
            <value from="01" to="01">
                <description>
                    <lang xml:lang="de"></lang>
                    <lang xml:lang="en">Confirm button press</lang>
                    <lang xml:lang="ru">Подтвердить нажатие клавиши</lang>
                  </description>
              </value>
            <value from="02" to="02">
                <description>
                    <lang xml:lang="de"></lang>
                    <lang xml:lang="en">Confirm button press and delivery</lang>
                    <lang xml:lang="ru">Подтвердить нажатие клавиши и доставку</lang>
                  </description>
              </value>
                </configParam>
      </configParams>
  
    
  
    <resourceLinks>
     
    <deviceImage url="http://pepper1.net/zwavedb/uploads/resources/1a923f0826fc52cd7f5fe16206c7ab554f6275b0.jpg" />
      </resourceLinks>
    
  </ZWaveDevice>


