<?xml version="1.0" encoding="utf-8"?>
<ZWaveDevice xmlns="http://www.pepper1.net/zwavedb/xml-schemata/z-wave" schemaVersion="2">

  <descriptorVersion>1</descriptorVersion>

  <deviceData>
            <manufacturerId value="0060"/>
        <productType value="0004"/>
    <productId value="0001"/>
    <libType value="00"/>
    <protoVersion value="02"/>
    <protoSubVersion value="4e"/>
    <appVersion value="00"/>
    <appSubVersion value="00"/>
        <basicClass value="03"/>
            <genericClass value="10"/>
            <specificClass value="01"/>
        <optional value="false"/>
    <listening value="true"/>
    <routing value="false"/>
            <rfFrequency>Malaysia</rfFrequency>
            <certId>14278</certId>
            <certNumber>ZC08-11080011</certNumber>
        
      </deviceData>

  <deviceDescription>
                <description>
            <lang xml:lang="en">Z-Wave ON/OFF Plug (EU) - 300 Series - Malaysia</lang>
          </description>
            <wakeupNote>
            <lang xml:lang="en"></lang>
          </wakeupNote>
            <inclusionNote>
            <lang xml:lang="en">Press the knob on the module.</lang>
          </inclusionNote>
            <productName>Z-Wave ON/OFF Plug (EU) - 300 Series</productName>
            <brandName>MK</brandName>
                <productCode>LPTSM1M</productCode>
            <productVersion>1.0</productVersion>
                    </deviceDescription>

    <commandClasses>
        <commandClass id="0020"/>
        <commandClass id="0025"/>
        <commandClass id="0027"/>
        <commandClass id="0072"/>
        <commandClass id="0086"/>
        <commandClass id="0075"/>
      </commandClasses>
  
  
  
    
  
    <resourceLinks>
     
    <deviceImage url="http://www.pepper1.net/zwavedb/uploads/resources/9f682fcf461e8e612fa568f36bb2cc352aa4e90d.jpg" />
      </resourceLinks>
    
  </ZWaveDevice>


