<?xml version="1.0" encoding="utf-8"?>
<ZWaveDevice xmlns="http://www.pepper1.net/zwavedb/xml-schemata/z-wave" schemaVersion="2">

  <descriptorVersion>1</descriptorVersion>

  <deviceData>
            <manufacturerId value="0060"/>
        <productType value="0003"/>
    <productId value="0001"/>
    <libType value="00"/>
    <protoVersion value="02"/>
    <protoSubVersion value="4e"/>
    <appVersion value="00"/>
    <appSubVersion value="00"/>
        <basicClass value="03"/>
            <genericClass value="11"/>
            <specificClass value="01"/>
        <optional value="false"/>
    <listening value="true"/>
    <routing value="false"/>
            <rfFrequency>EU</rfFrequency>
            <certId>14310</certId>
            <certNumber>ZC08-11080014</certNumber>
        
      </deviceData>

  <deviceDescription>
                <description>
            <lang xml:lang="en">Z-Wave Dimmer/Lamp module Plug - 300 Series - EU</lang>
          </description>
            <wakeupNote>
            <lang xml:lang="en"></lang>
          </wakeupNote>
            <inclusionNote>
            <lang xml:lang="en">Press the operation button. </lang>
          </inclusionNote>
            <productName>Z-Wave Dimmer/Lamp module Plug - 300 Series</productName>
            <brandName>MK</brandName>
                <productCode>LPTDM1U</productCode>
            <productVersion>1.0</productVersion>
                    </deviceDescription>

    <commandClasses>
        <commandClass id="0020"/>
        <commandClass id="0026"/>
        <commandClass id="0027"/>
        <commandClass id="0075"/>
        <commandClass id="0072"/>
        <commandClass id="0086"/>
        <commandClass id="0073"/>
      </commandClasses>
  
  
  
    
  
    <resourceLinks>
     
    <deviceImage url="http://www.pepper1.net/zwavedb/uploads/resources/e220dd40d99a0756a818027dd24bf1ead3bacda6.jpg" />
      </resourceLinks>
    
  </ZWaveDevice>


