<?xml version="1.0" encoding="utf-8"?>
<ZWaveDevice xmlns="http://www.pepper1.net/zwavedb/xml-schemata/z-wave" schemaVersion="2">

  <descriptorVersion>1</descriptorVersion>

  <deviceData>
            <manufacturerId value="0060"/>
        <productType value="0007"/>
    <productId value="0001"/>
    <libType value="00"/>
    <protoVersion value="02"/>
    <protoSubVersion value="40"/>
    <appVersion value="00"/>
    <appSubVersion value="00"/>
        <basicClass value="04"/>
            <genericClass value="21"/>
            <specificClass value="01"/>
        <optional value="false"/>
    <listening value="false"/>
    <routing value="false"/>
            <rfFrequency>US</rfFrequency>
            <certId>14398</certId>
            <certNumber>ZC08-11100006</certNumber>
        
      </deviceData>

  <deviceDescription>
                <description>
            <lang xml:lang="en">Z-Wave Illumination Sensor(US)-300 Series - ST815-US</lang>
          </description>
            <wakeupNote>
            <lang xml:lang="en"></lang>
          </wakeupNote>
            <inclusionNote>
            <lang xml:lang="en">Pressing the ESC key 3 times within 1,5 seconds will enter inclusion mode.</lang>
          </inclusionNote>
            <productName>Z-Wave Illumination Sensor(US)-300 Series</productName>
            <brandName>Everspring</brandName>
            <productLine>Everspring Z-Wave Products</productLine>
            <productCode>ST815-US</productCode>
            <productVersion>V1.2</productVersion>
            <batteryType>AA</batteryType>
            <batteryCount>3</batteryCount>
            </deviceDescription>

    <commandClasses>
        <commandClass id="0020" controlled="true"/>
        <commandClass id="0031"/>
        <commandClass id="0085" version="2"/>
        <commandClass id="0084" version="2"/>
        <commandClass id="0080"/>
        <commandClass id="0072"/>
        <commandClass id="0086"/>
        <commandClass id="0071"/>
        <commandClass id="0070"/>
      </commandClasses>
  
    <assocGroups>
        <assocGroup number="1" maxNodes="1">
            <description>
                <lang xml:lang="en">Control/ Report Group 1</lang>
              </description>
          </assocGroup>
        <assocGroup number="2" maxNodes="3">
            <description>
                <lang xml:lang="en">Control/ Report Group 2</lang>
              </description>
          </assocGroup>
      </assocGroups>
  
    <configParams>
        <configParam number="1" type="range" size="1" default="63">
            <name>
                <lang xml:lang="en">Send Basic Set level</lang>
              </name>
                  <description>
                <lang xml:lang="en"></lang>
              </description>
      
                  <value from="00" to="63" unit="Dimmer level">
                <description>
                    <lang xml:lang="en"></lang>
                  </description>
              </value>
                </configParam>
        <configParam number="2" type="rangemapped" size="2" default="0000">
            <name>
                <lang xml:lang="en">Lux trigger on value</lang>
              </name>
                  <description>
                <lang xml:lang="en"></lang>
              </description>
      
                  <value from="001e" to="03e8">
                <description>
                    <lang xml:lang="en">Lux</lang>
                  </description>
              </value>
            <value from="0000" to="0000">
                <description>
                    <lang xml:lang="en">Disable</lang>
                  </description>
              </value>
                </configParam>
        <configParam number="3" type="rangemapped" size="2" default="0000">
            <name>
                <lang xml:lang="en">Lux Trigger off value</lang>
              </name>
                  <description>
                <lang xml:lang="en"></lang>
              </description>
      
                  <value from="001e" to="03e8" unit="Lux">
                <description>
                    <lang xml:lang="en"></lang>
                  </description>
              </value>
            <value from="0000" to="0000">
                <description>
                    <lang xml:lang="en">Disable</lang>
                  </description>
              </value>
                </configParam>
        <configParam number="5" type="rangemapped" size="2" default="0000">
            <name>
                <lang xml:lang="en">Lux Trigger off Time value</lang>
              </name>
                  <description>
                <lang xml:lang="en"></lang>
              </description>
      
                  <value from="0001" to="01e0" unit="minutes">
                <description>
                    <lang xml:lang="en"></lang>
                  </description>
              </value>
            <value from="0000" to="0000">
                <description>
                    <lang xml:lang="en">disable</lang>
                  </description>
              </value>
                </configParam>
        <configParam number="6" type="rangemapped" size="2" default="0000">
            <name>
                <lang xml:lang="en">Auto Report Time Interval</lang>
              </name>
                  <description>
                <lang xml:lang="en"></lang>
              </description>
      
                  <value from="0001" to="059f" unit="minutes">
                <description>
                    <lang xml:lang="en"></lang>
                  </description>
              </value>
            <value from="0000" to="0000">
                <description>
                    <lang xml:lang="en">Disable Auto Report</lang>
                  </description>
              </value>
                </configParam>
        <configParam number="7" type="rangemapped" size="2" default="0000">
            <name>
                <lang xml:lang="en">Auto Report Lux Trigger Interval</lang>
              </name>
                  <description>
                <lang xml:lang="en"></lang>
              </description>
      
                  <value from="001e" to="03e8" unit="Lux">
                <description>
                    <lang xml:lang="en"></lang>
                  </description>
              </value>
            <value from="0000" to="0000">
                <description>
                    <lang xml:lang="en">Disable Auto Report</lang>
                  </description>
              </value>
                </configParam>
      </configParams>
  
    
  
    <resourceLinks>
     
    <deviceImage url="http://www.pepper1.net/zwavedb/uploads/resources/f33e478fb20021923ea6f709e12fd808981ff416.jpg" />
      </resourceLinks>
    
  </ZWaveDevice>


