<?xml version="1.0" encoding="utf-8"?>
<ZWaveDevice xmlns="http://www.pepper1.net/zwavedb/xml-schemata/z-wave" schemaVersion="2">

  <descriptorVersion>1</descriptorVersion>

  <deviceData>
            <manufacturerId value="010f"/>
        <productType value="0300"/>
    <productId value="0103"/>
    <libType value="03"/>
    <protoVersion value="03"/>
    <protoSubVersion value="14"/>
    <appVersion value="01"/>
    <appSubVersion value="03"/>
        <basicClass value="04"/>
            <genericClass value="11"/>
            <specificClass value="03"/>
        <optional value="true"/>
    <listening value="true"/>
    <routing value="true"/>
        <beamSensor>0</beamSensor>
                    
      </deviceData>

  <deviceDescription>
                <description>
            <lang xml:lang="de">flacher Zweifach-Jalousiecontrollereinsatz, der hinter normalen Lichtschaltern installiert wird</lang>
            <lang xml:lang="en">Very thin and little wall insert blind control to be mounted behind a standard switch</lang>
          </description>
            <wakeupNote>
            <lang xml:lang="de"></lang>
            <lang xml:lang="en"></lang>
          </wakeupNote>
            <inclusionNote>
            <lang xml:lang="de">Dreifach den kleinen Taster</lang>
            <lang xml:lang="en">Tripple Press little button on device</lang>
          </inclusionNote>
            <productName>FGR-221</productName>
            <brandName>Fibar</brandName>
                <productCode>FGR221</productCode>
                        </deviceDescription>

    <commandClasses>
        <commandClass id="0020"/>
        <commandClass id="0070"/>
        <commandClass id="0026" version="3"/>
        <commandClass id="0086"/>
        <commandClass id="0027"/>
        <commandClass id="008e" version="2"/>
        <commandClass id="0050"/>
        <commandClass id="0072"/>
        <commandClass id="0073"/>
        <commandClass id="0085" version="2"/>
        <commandClass id="0025"/>
      </commandClasses>
  
    <assocGroups>
        <assocGroup number="3" maxNodes="1">
            <description>
                <lang xml:lang="de"></lang>
                <lang xml:lang="en"></lang>
              </description>
          </assocGroup>
        <assocGroup number="2" maxNodes="16">
            <description>
                <lang xml:lang="de">externer Schalter 2</lang>
                <lang xml:lang="en">external Switch No 2</lang>
              </description>
          </assocGroup>
        <assocGroup number="1" maxNodes="16">
            <description>
                <lang xml:lang="de">externer Schalter 1</lang>
                <lang xml:lang="en">external Switch No 1</lang>
              </description>
          </assocGroup>
      </assocGroups>
  
    <configParams>
        <configParam number="1" type="constant" size="1" default="ff">
            <name>
                <lang xml:lang="de">Alles-Aus-Steuerung</lang>
                <lang xml:lang="en">All on/off function</lang>
              </name>
                  <description>
                <lang xml:lang="de">definiert das Verhalten bei Alles-AUS- und Alles-AN-Befehlen </lang>
                <lang xml:lang="en">Enables or disabled the all on / all off function</lang>
              </description>
      
                  <value from="00" to="00">
                <description>
                    <lang xml:lang="de">weder AUS noch EIN werden ausgeführt</lang>
                    <lang xml:lang="en">neither ALL ON nor ALL OFF are active</lang>
                  </description>
              </value>
            <value from="01" to="01">
                <description>
                    <lang xml:lang="de">Nur AUS wird ausgeführt</lang>
                    <lang xml:lang="en">only ALL OFF is active</lang>
                  </description>
              </value>
            <value from="02" to="02">
                <description>
                    <lang xml:lang="de">Nur EIN wird ausgeführt</lang>
                    <lang xml:lang="en">only ALL ON is active</lang>
                  </description>
              </value>
            <value from="ff" to="ff">
                <description>
                    <lang xml:lang="de">sowohl AUS als EIN werden ausgeführt</lang>
                    <lang xml:lang="en">ALL ON and ALL OFF are active</lang>
                  </description>
              </value>
                </configParam>
        <configParam number="10" type="constant" size="1" default="00">
            <name>
                <lang xml:lang="de">Ausschaltpositionsfunktion</lang>
                <lang xml:lang="en">Turn Off Roller position function</lang>
              </name>
                  <description>
                <lang xml:lang="de">Aktiviert die Positionierungsfunktion</lang>
                <lang xml:lang="en">activates the turn off roller positioning function</lang>
              </description>
      
                  <value from="00" to="00">
                <description>
                    <lang xml:lang="de">aktiviert</lang>
                    <lang xml:lang="en">enabled</lang>
                  </description>
              </value>
            <value from="01" to="01">
                <description>
                    <lang xml:lang="de">deaktiviert</lang>
                    <lang xml:lang="en">disabled</lang>
                  </description>
              </value>
                </configParam>
        <configParam number="14" type="constant" size="1" default="00">
            <name>
                <lang xml:lang="de">Schaltertyp</lang>
                <lang xml:lang="en">Type of Switch</lang>
              </name>
                  <description>
                <lang xml:lang="de">definiert den Typ des verwendeten Schalters</lang>
                <lang xml:lang="en">Defines the type of switch attached to the device</lang>
              </description>
      
                  <value from="00" to="00">
                <description>
                    <lang xml:lang="de">Monostabiler Schalter</lang>
                    <lang xml:lang="en">mono-stable switch</lang>
                  </description>
              </value>
            <value from="01" to="01">
                <description>
                    <lang xml:lang="de">Bistabiler Schalter</lang>
                    <lang xml:lang="en">bi-stable switch</lang>
                  </description>
              </value>
                </configParam>
        <configParam number="20" type="range" size="1" default="16">
            <name>
                <lang xml:lang="de">Bevorzugte Position</lang>
                <lang xml:lang="en">Favorite position state</lang>
              </name>
                  <description>
                <lang xml:lang="de">definiert die bevorzugte Position der Jalousie  </lang>
                <lang xml:lang="en">defines the favorite position of the blind</lang>
              </description>
      
                  <value from="01" to="99">
                <description>
                    <lang xml:lang="de"> </lang>
                    <lang xml:lang="en"> </lang>
                  </description>
              </value>
                </configParam>
        <configParam number="30" type="constant" size="1" default="03">
            <name>
                <lang xml:lang="de">Verhalten des Gerätes bei Allgemeinem Alarm</lang>
                <lang xml:lang="en">General Alarm Set </lang>
              </name>
                  <description>
                <lang xml:lang="de">definiert das Schaltverhaltens bei Allgemeinem Alarm</lang>
                <lang xml:lang="en">This defines the behavior in case of general alarms</lang>
              </description>
      
                  <value from="00" to="00">
                <description>
                    <lang xml:lang="de">Deaktiviert- Schalter reagiert nicht auf Alarm</lang>
                    <lang xml:lang="en">Deactivated, devices does not react to alarms</lang>
                  </description>
              </value>
            <value from="01" to="01">
                <description>
                    <lang xml:lang="de"> Jalousie geht runter bei Alarm</lang>
                    <lang xml:lang="en"> Blind will go down in case of  alarm</lang>
                  </description>
              </value>
            <value from="02" to="02">
                <description>
                    <lang xml:lang="de"> Jalousie geht hoch bei Alarm</lang>
                    <lang xml:lang="en"> Blind will go up in case of  alarm</lang>
                  </description>
              </value>
                </configParam>
        <configParam number="31" type="constant" size="1" default="02">
            <name>
                <lang xml:lang="de">Verhalten bei WasserAlarm</lang>
                <lang xml:lang="en">Flood Alarm Set </lang>
              </name>
                  <description>
                <lang xml:lang="de">definiert das Schaltverhaltens  bei Wasserschadens-Alarm</lang>
                <lang xml:lang="en">This defines the behavior in case of flood alarms</lang>
              </description>
      
                  <value from="00" to="00">
                <description>
                    <lang xml:lang="de">Deaktiviert- Schalter reagiert nicht auf Alarm</lang>
                    <lang xml:lang="en">Deactivated, devices does not react to alarms</lang>
                  </description>
              </value>
            <value from="01" to="01">
                <description>
                    <lang xml:lang="de"> Jalousie geht runter bei Alarm</lang>
                    <lang xml:lang="en"> Blind will go down in case of  alarm</lang>
                  </description>
              </value>
            <value from="02" to="02">
                <description>
                    <lang xml:lang="de"> Jalousie geht hoch bei Alarm</lang>
                    <lang xml:lang="en"> Blind will go up in case of  alarm</lang>
                  </description>
              </value>
                </configParam>
        <configParam number="32" type="constant" size="1" default="03">
            <name>
                <lang xml:lang="de">Verhalten bei Rauchmelder-Alarm</lang>
                <lang xml:lang="en">Smoke Alarm Set </lang>
              </name>
                  <description>
                <lang xml:lang="de">definiert das Schaltverhaltens d bei Rauchmelder-Alarm</lang>
                <lang xml:lang="en">This defines the behavior in case of smoke alarms</lang>
              </description>
      
                  <value from="00" to="00">
                <description>
                    <lang xml:lang="de">Deaktiviert- Schalter reagiert nicht auf Alarm</lang>
                    <lang xml:lang="en">Deactivated, devices does not react to alarms</lang>
                  </description>
              </value>
            <value from="01" to="01">
                <description>
                    <lang xml:lang="de"> Jalousie geht runter bei Alarm</lang>
                    <lang xml:lang="en"> Blind will go down in case of  alarm</lang>
                  </description>
              </value>
            <value from="02" to="02">
                <description>
                    <lang xml:lang="de"> Jalousie geht hoch bei Alarm</lang>
                    <lang xml:lang="en"> Blind will go up in case of  alarm</lang>
                  </description>
              </value>
                </configParam>
        <configParam number="33" type="constant" size="1" default="01">
            <name>
                <lang xml:lang="de">Verhalten des bei Temperatur-Alarm</lang>
                <lang xml:lang="en">Temperature Alarm Set </lang>
              </name>
                  <description>
                <lang xml:lang="de">definiert das Schaltverhaltens  bei TemperaturAlarm</lang>
                <lang xml:lang="en">This defines the behavior of in case of temperature alarms</lang>
              </description>
      
                  <value from="00" to="00">
                <description>
                    <lang xml:lang="de">Deaktiviert- Schalter reagiert nicht auf Alarm</lang>
                    <lang xml:lang="en">Deactivated, devices does not react to alarms</lang>
                  </description>
              </value>
            <value from="01" to="01">
                <description>
                    <lang xml:lang="de">Jalousie geht runter bei Alarm</lang>
                    <lang xml:lang="en"> Blind will go down in case of  alarm</lang>
                  </description>
              </value>
            <value from="02" to="02">
                <description>
                    <lang xml:lang="de">Jalousie geht hoch bei Alarm</lang>
                    <lang xml:lang="en"> Blind will go up in case of  alarm</lang>
                  </description>
              </value>
                </configParam>
      </configParams>
  
    
  
    <resourceLinks>
     
    <deviceImage url="http://www.pepper1.net/zwavedb/uploads/resources/51ef919ff4244f2e0826683b6c08664c5f4fd594.jpg" />
      </resourceLinks>
    
  </ZWaveDevice>


