<?xml version="1.0" encoding="utf-8"?>
<ZWaveDevice xmlns="http://www.pepper1.net/zwavedb/xml-schemata/z-wave" schemaVersion="2">

  <descriptorVersion>1</descriptorVersion>

  <deviceData>
            <manufacturerId value="0109"/>
        <productType value="200f"/>
    <productId value="0f02"/>
    <libType value="06"/>
    <protoVersion value="03"/>
    <protoSubVersion value="28"/>
    <appVersion value="03"/>
    <appSubVersion value="05"/>
        <basicClass value="04"/>
            <genericClass value="a1"/>
            <specificClass value="07"/>
        <optional value="true"/>
    <listening value="false"/>
    <routing value="true"/>
        <beamSensor>0</beamSensor>
                    
      </deviceData>

  <deviceDescription>
                <description>
            <lang xml:lang="de">Kohlenmonoxid-Sensor</lang>
            <lang xml:lang="en">CO Sensor</lang>
          </description>
            <wakeupNote>
            <lang xml:lang="de">Drücken des Test-Schalters</lang>
            <lang xml:lang="en">Hit Programm Switch</lang>
          </wakeupNote>
            <inclusionNote>
            <lang xml:lang="de">Drücken des Test-Schalters</lang>
            <lang xml:lang="en">Hit Programm Switch</lang>
          </inclusionNote>
            <productName>ZG6301EU 2013</productName>
            <brandName>Vision Security</brandName>
                        <batteryType>CR123A</batteryType>
            <batteryCount>3</batteryCount>
            </deviceDescription>

    <commandClasses>
        <commandClass id="0080"/>
        <commandClass id="0020" inNIF="false"/>
        <commandClass id="0084" version="2"/>
        <commandClass id="0085"/>
        <commandClass id="0086"/>
        <commandClass id="0071" version="2"/>
        <commandClass id="0072"/>
        <commandClass id="009c"/>
      </commandClasses>
  
    <assocGroups>
        <assocGroup number="1" maxNodes="5">
            <description>
                <lang xml:lang="de">Alarm-Meldungen</lang>
                <lang xml:lang="en">alarm messages</lang>
              </description>
          </assocGroup>
      </assocGroups>
  
  
    
  
    
  </ZWaveDevice>


