<?xml version="1.0" encoding="utf-8"?>
<ZWaveDevice xmlns="http://www.pepper1.net/zwavedb/xml-schemata/z-wave" schemaVersion="2">

  <descriptorVersion>1</descriptorVersion>

  <deviceData>
            <manufacturerId value="0064"/>
        <productType value="5003"/>
    <productId value="0000"/>
    <libType value="01"/>
    <protoVersion value="02"/>
    <protoSubVersion value="64"/>
    <appVersion value="01"/>
    <appSubVersion value="00"/>
        <basicClass value="02"/>
            <genericClass value="02"/>
            <specificClass value="00"/>
        <optional value="false"/>
    <listening value="true"/>
    <routing value="true"/>
        <beamSensor>0</beamSensor>
                    
      </deviceData>

  <deviceDescription>
                <description>
            <lang xml:lang="de">Funkzentrale mit SUC/SIS Funktion</lang>
            <lang xml:lang="en">Switching Centre with SUC/SIS functionality</lang>
            <lang xml:lang="ru">Радиповторитель-контролер с функцией SUC/SIS</lang>
          </description>
            <wakeupNote>
            <lang xml:lang="de"></lang>
            <lang xml:lang="en"></lang>
            <lang xml:lang="ru"></lang>
          </wakeupNote>
            <inclusionNote>
            <lang xml:lang="de">Inclusion Taste zwei Sekunden gedrückt halten</lang>
            <lang xml:lang="en">Inclusion button press for 2 seconds</lang>
            <lang xml:lang="ru">Нажатие на кнопку Include на 2 секунды</lang>
          </inclusionNote>
            <productName>Switching Centre</productName>
            <brandName>Düwi</brandName>
            <productLine>Interact3</productLine>
            <productCode>064473</productCode>
                        </deviceDescription>

    <commandClasses>
        <commandClass id="0020" controlled="true" inNIF="false"/>
        <commandClass id="0080"/>
        <commandClass id="0084"/>
        <commandClass id="0086"/>
        <commandClass id="0087"/>
        <commandClass id="008f"/>
        <commandClass id="0071"/>
        <commandClass id="0072"/>
      </commandClasses>
  
  
  
    
  
    <resourceLinks>
     
    <deviceImage url="http://pepper1.net/zwavedb/uploads/resources/528f455a5964bf7405411b77cb334ed7762bd497.gif" />
      </resourceLinks>
    
  </ZWaveDevice>


