<?xml version="1.0" encoding="utf-8"?>
<ZWaveDevice xmlns="http://www.pepper1.net/zwavedb/xml-schemata/z-wave" schemaVersion="2">

  <descriptorVersion>1</descriptorVersion>

  <deviceData>
            <manufacturerId value="0109"/>
        <productType value="200a"/>
    <productId value="0a02"/>
    <libType value="06"/>
    <protoVersion value="03"/>
    <protoSubVersion value="28"/>
    <appVersion value="04"/>
    <appSubVersion value="54"/>
        <basicClass value="04"/>
            <genericClass value="20"/>
            <specificClass value="01"/>
        <optional value="true"/>
    <listening value="false"/>
    <routing value="true"/>
        <beamSensor>0</beamSensor>
                    
      </deviceData>

  <deviceDescription>
                <description>
            <lang xml:lang="de">Garagentoor-Neigungssensor</lang>
            <lang xml:lang="en">Garage Door Sensor</lang>
          </description>
            <wakeupNote>
            <lang xml:lang="de">Taster auf LP drücken</lang>
            <lang xml:lang="en">Hit internal button</lang>
          </wakeupNote>
            <inclusionNote>
            <lang xml:lang="de">Taster auf LP drücken</lang>
            <lang xml:lang="en">Hit internal button</lang>
          </inclusionNote>
            <productName>ZG8101EU 2013</productName>
            <brandName>Vision Security</brandName>
                <productCode>ZG8101EU</productCode>
                <batteryType>CR123A</batteryType>
            <batteryCount>1</batteryCount>
            </deviceDescription>

    <commandClasses>
        <commandClass id="0080"/>
        <commandClass id="0020" inNIF="false"/>
        <commandClass id="0084" version="2"/>
        <commandClass id="0085" version="2"/>
        <commandClass id="0086"/>
        <commandClass id="0030"/>
        <commandClass id="0071" version="2"/>
        <commandClass id="0072"/>
      </commandClasses>
  
    <assocGroups>
        <assocGroup number="1" maxNodes="5">
            <description>
                <lang xml:lang="de">Steuerkommando wenn ausgelöst</lang>
                <lang xml:lang="en">Control Command when trip</lang>
              </description>
          </assocGroup>
      </assocGroups>
  
  
    
  
    
  </ZWaveDevice>


