<?xml version="1.0" encoding="utf-8"?>
<ZWaveDevice xmlns="http://www.pepper1.net/zwavedb/xml-schemata/z-wave" schemaVersion="2">

  <descriptorVersion>1</descriptorVersion>

  <deviceData>
            <manufacturerId value="0109"/>
        <productType value="2005"/>
    <productId value="0503"/>
    <libType value="06"/>
    <protoVersion value="03"/>
    <protoSubVersion value="2a"/>
    <appVersion value="01"/>
    <appSubVersion value="41"/>
        <basicClass value="04"/>
            <genericClass value="10"/>
            <specificClass value="00"/>
        <optional value="false"/>
    <listening value="false"/>
    <routing value="true"/>
        <beamSensor>1000</beamSensor>
                    
      </deviceData>

  <deviceDescription>
                <description>
            <lang xml:lang="de">Batteriebetriebe Sirene</lang>
            <lang xml:lang="en">Battery Operated Siren</lang>
          </description>
            <wakeupNote>
            <lang xml:lang="de">Taste hinter Abdeckung drücken</lang>
            <lang xml:lang="en">Hit button behind battery cover</lang>
          </wakeupNote>
            <inclusionNote>
            <lang xml:lang="de">Taste hinter Abdeckung drücken</lang>
            <lang xml:lang="en">Hit button behind battery cover</lang>
          </inclusionNote>
            <productName>ZM1601EU 2013</productName>
            <brandName>Vision Security</brandName>
                        <batteryType>AA</batteryType>
            <batteryCount>4</batteryCount>
            </deviceDescription>

    <commandClasses>
        <commandClass id="0080"/>
        <commandClass id="0020" inNIF="false"/>
        <commandClass id="0025"/>
        <commandClass id="0086"/>
        <commandClass id="0070"/>
        <commandClass id="0072"/>
      </commandClasses>
  
  
    <configParams>
        <configParam number="0" type="constant" size="1" default="00">
            <name>
                <lang xml:lang="de">Siren/Blitzlicht-Modus</lang>
                <lang xml:lang="en">Siren Strobe Mode</lang>
              </name>
                  <description>
                <lang xml:lang="de">definiert die Reaktion des Produktes</lang>
                <lang xml:lang="en">defines the reaction of the siren</lang>
              </description>
      
                  <value from="00" to="00">
                <description>
                    <lang xml:lang="de">Akustisch und Visuell</lang>
                    <lang xml:lang="en">Strobe and Siren</lang>
                  </description>
              </value>
            <value from="01" to="01">
                <description>
                    <lang xml:lang="de">nur Akustisch</lang>
                    <lang xml:lang="en">Siren only</lang>
                  </description>
              </value>
            <value from="02" to="02">
                <description>
                    <lang xml:lang="de">nur Visuell</lang>
                    <lang xml:lang="en">Strobe only</lang>
                  </description>
              </value>
                </configParam>
        <configParam number="1" type="constant" size="1" default="00">
            <name>
                <lang xml:lang="de">Alarmzeit</lang>
                <lang xml:lang="en">Alarm auto stop</lang>
              </name>
                  <description>
                <lang xml:lang="de">definiert, wie lange der Alarm anhalten soll bis er automatisch gestoppt ist</lang>
                <lang xml:lang="en">defines the auto time out of the alarm indication</lang>
              </description>
      
                  <value from="01" to="01">
                <description>
                    <lang xml:lang="de">60 Sekunden</lang>
                    <lang xml:lang="en">60 seconds</lang>
                  </description>
              </value>
            <value from="02" to="02">
                <description>
                    <lang xml:lang="de">120 Sekunden</lang>
                    <lang xml:lang="en">120 seconds</lang>
                  </description>
              </value>
            <value from="03" to="03">
                <description>
                    <lang xml:lang="de">kein Abschalten</lang>
                    <lang xml:lang="en">no automated off</lang>
                  </description>
              </value>
            <value from="00" to="00">
                <description>
                    <lang xml:lang="de">30 Sekunden</lang>
                    <lang xml:lang="en">30 seconds</lang>
                  </description>
              </value>
                </configParam>
      </configParams>
  
    
  
    <resourceLinks>
     
    <deviceImage url="http://www.pepper1.net/zwavedb/uploads/resources/8b96769ed7bd3385ab4c70f719c687824a4bb0aa.jpg" />
      </resourceLinks>
    
  </ZWaveDevice>


