<?xml version="1.0" encoding="utf-8"?>
<ZWaveDevice xmlns="http://www.pepper1.net/zwavedb/xml-schemata/z-wave" schemaVersion="2">

  <descriptorVersion>1</descriptorVersion>

  <deviceData>
            <manufacturerId value="0095"/>
        <productType value="3101"/>
    <productId value="0001"/>
    <libType value="03"/>
    <protoVersion value="03"/>
    <protoSubVersion value="28"/>
    <appVersion value="00"/>
    <appSubVersion value="05"/>
        <basicClass value="04"/>
            <genericClass value="11"/>
            <specificClass value="01"/>
        <optional value="true"/>
    <listening value="true"/>
    <routing value="true"/>
        <beamSensor>0</beamSensor>
                    
      </deviceData>

  <deviceDescription>
                <description>
            <lang xml:lang="en">Inline Dimmer with Meter</lang>
          </description>
            <wakeupNote>
            <lang xml:lang="en"></lang>
          </wakeupNote>
            <inclusionNote>
            <lang xml:lang="en">Tripple Click on Button</lang>
          </inclusionNote>
            <productName>RETO Dimmer Plus 2013</productName>
                <productLine>RETO</productLine>
                            </deviceDescription>

    <commandClasses>
        <commandClass id="0020"/>
        <commandClass id="0085" version="2"/>
        <commandClass id="0086"/>
        <commandClass id="0027"/>
        <commandClass id="002b"/>
        <commandClass id="002c"/>
        <commandClass id="0072" version="2"/>
        <commandClass id="0032" version="3"/>
        <commandClass id="007a" version="2"/>
        <commandClass id="0026" version="2"/>
      </commandClasses>
  
    <assocGroups>
        <assocGroup number="1" maxNodes="232">
            <description>
                <lang xml:lang="en"></lang>
              </description>
          </assocGroup>
      </assocGroups>
  
  
    
  
    <resourceLinks>
     
    <deviceImage url="http://www.pepper1.net/zwavedb/uploads/resources/935c806a8bb450fef7bbadedfd7baa165a59582d.png" />
      </resourceLinks>
    
  </ZWaveDevice>


