<?xml version="1.0" encoding="utf-8"?>
<ZWaveDevice xmlns="http://www.pepper1.net/zwavedb/xml-schemata/z-wave" schemaVersion="2">

  <descriptorVersion>1</descriptorVersion>

  <deviceData>
            <manufacturerId value="0064"/>
        <productType value="5002"/>
    <productId value="0000"/>
    <libType value="00"/>
    <protoVersion value="00"/>
    <protoSubVersion value="00"/>
    <appVersion value="00"/>
    <appSubVersion value="00"/>
        <basicClass value="01"/>
            <genericClass value="01"/>
            <specificClass value="01"/>
        <optional value="true"/>
    <listening value="false"/>
    <routing value="false"/>
        <beamSensor>0</beamSensor>
            <rfFrequency>EU</rfFrequency>
                
      </deviceData>

  <deviceDescription>
                <description>
            <lang xml:lang="de">Batteriebetriebener Einfach-Wandcontroller</lang>
            <lang xml:lang="en">Battery powered One paddle wall controller</lang>
            <lang xml:lang="ru">Радиовыключатель с одной кнопкой</lang>
          </description>
            <wakeupNote>
            <lang xml:lang="de">Ein/Aus Taste drei mal hintereinander</lang>
            <lang xml:lang="en">Button triple press on on/off</lang>
            <lang xml:lang="ru">Тройное нажатие на одну из кнопок вкл/выкл</lang>
          </wakeupNote>
            <inclusionNote>
            <lang xml:lang="de">Inclusion Taste zwei Sekunden gedrückt halten</lang>
            <lang xml:lang="en">Press inclusion button for 2 seconds</lang>
            <lang xml:lang="ru">Нажатие на кнопку Include на 2 секунды</lang>
          </inclusionNote>
            <productName>Wall controller</productName>
            <brandName>Düwi</brandName>
            <productLine>Interact3</productLine>
            <productCode>064435</productCode>
                <batteryType>AAAA</batteryType>
            <batteryCount>2</batteryCount>
            </deviceDescription>

    <commandClasses>
        <commandClass id="0020" controlled="true" inNIF="false"/>
        <commandClass id="0080"/>
        <commandClass id="0072"/>
        <commandClass id="0085" controlled="true"/>
      </commandClasses>
  
    <assocGroups>
        <assocGroup number="1" maxNodes="5">
            <description>
                <lang xml:lang="de">An/Aus Gruppe</lang>
                <lang xml:lang="en">Basic On/Off Group</lang>
                <lang xml:lang="ru">Группа кнопок включения-выключения</lang>
              </description>
          </assocGroup>
      </assocGroups>
  
  
    
  
    <resourceLinks>
     
    <deviceImage url="http://pepper1.net/zwavedb/uploads/resources/35e26b2f829f8d03bbf84162ce2cbafc55415b31.gif" />
      </resourceLinks>
    
  </ZWaveDevice>


