<?xml version="1.0" encoding="utf-8"?>
<ZWaveDevice xmlns="http://www.pepper1.net/zwavedb/xml-schemata/z-wave" schemaVersion="2">

  <descriptorVersion>1</descriptorVersion>

  <deviceData>
            <manufacturerId value="0000"/>
        <productType value="0000"/>
    <productId value="0000"/>
    <libType value="02"/>
    <protoVersion value="03"/>
    <protoSubVersion value="28"/>
    <appVersion value="00"/>
    <appSubVersion value="05"/>
        <basicClass value="01"/>
            <genericClass value="01"/>
            <specificClass value="01"/>
        <optional value="false"/>
    <listening value="false"/>
    <routing value="false"/>
        <beamSensor>0</beamSensor>
                    
      </deviceData>

  <deviceDescription>
                <description>
            <lang xml:lang="en">Key Chain Controller</lang>
          </description>
            <wakeupNote>
            <lang xml:lang="en">hit an button</lang>
          </wakeupNote>
            <inclusionNote>
            <lang xml:lang="en">via menu -&gt; blue -&gt; green</lang>
          </inclusionNote>
            <productName>MyKey 2013</productName>
                                    </deviceDescription>

    <commandClasses>
        <commandClass id="0021"/>
        <commandClass id="0084" version="2"/>
        <commandClass id="0085" version="2"/>
        <commandClass id="0086"/>
        <commandClass id="002d"/>
      </commandClasses>
  
    <assocGroups>
        <assocGroup number="4" maxNodes="148">
            <description>
                <lang xml:lang="en"></lang>
              </description>
          </assocGroup>
        <assocGroup number="3" maxNodes="0">
            <description>
                <lang xml:lang="en"></lang>
              </description>
          </assocGroup>
        <assocGroup number="2" maxNodes="0">
            <description>
                <lang xml:lang="en"></lang>
              </description>
          </assocGroup>
        <assocGroup number="1" maxNodes="148">
            <description>
                <lang xml:lang="en"></lang>
              </description>
          </assocGroup>
      </assocGroups>
  
  
    
  
    <resourceLinks>
     
    <deviceImage url="http://www.pepper1.net/zwavedb/uploads/resources/3f51e2067b03b6a1d3af2b3679b9bf6857d049a1.png" />
      </resourceLinks>
    
  </ZWaveDevice>


