<?xml version="1.0" encoding="utf-8"?>
<ZWaveDevice xmlns="http://www.pepper1.net/zwavedb/xml-schemata/z-wave" schemaVersion="2">

  <descriptorVersion>1</descriptorVersion>

  <deviceData>
            <manufacturerId value="010f"/>
        <productType value="0400"/>
    <productId value="0109"/>
    <libType value="03"/>
    <protoVersion value="03"/>
    <protoSubVersion value="2a"/>
    <appVersion value="01"/>
    <appSubVersion value="09"/>
        <basicClass value="04"/>
            <genericClass value="10"/>
            <specificClass value="01"/>
        <optional value="true"/>
    <listening value="true"/>
    <routing value="true"/>
        <beamSensor>0</beamSensor>
            <rfFrequency>Russia</rfFrequency>
            <certId>14408</certId>
            <certNumber>ZC08-11080015</certNumber>
        
      </deviceData>

  <deviceDescription>
                <description>
            <lang xml:lang="de"></lang>
            <lang xml:lang="en">Single Relay Switch FGS-211</lang>
            <lang xml:lang="ru">Компактный модуль с одним реле FGS-211</lang>
          </description>
            <wakeupNote>
            <lang xml:lang="de"></lang>
            <lang xml:lang="en"></lang>
            <lang xml:lang="ru"></lang>
          </wakeupNote>
            <inclusionNote>
            <lang xml:lang="de">Dreifach den kleinen Taster</lang>
            <lang xml:lang="en">Tripple Press little button on device</lang>
            <lang xml:lang="ru">Тройное нажатие сервисной кнопки B</lang>
          </inclusionNote>
            <productName>FGS211 V1.9</productName>
            <brandName>Fibaro</brandName>
            <productLine>Fibaro</productLine>
            <productCode>002</productCode>
            <productVersion>1.9</productVersion>
                    </deviceDescription>

    <commandClasses>
        <commandClass id="0020" controlled="true"/>
        <commandClass id="0060" version="2" controlled="true"/>
        <commandClass id="0025" controlled="true"/>
        <commandClass id="0086"/>
        <commandClass id="0027"/>
        <commandClass id="008e" version="2"/>
        <commandClass id="0070"/>
        <commandClass id="0072"/>
        <commandClass id="0073"/>
        <commandClass id="0085" version="2"/>
        <commandClass id="0071" controlled="true"/>
        <commandClass id="009c" controlled="true"/>
        <commandClass id="0000"/>
      </commandClasses>
  
    <assocGroups>
        <assocGroup number="1" maxNodes="5">
            <description>
                <lang xml:lang="en">Group 1 is assigned to the first button.</lang>
                <lang xml:lang="ru">Управляется кнопкой №1</lang>
              </description>
          </assocGroup>
        <assocGroup number="2" maxNodes="5">
            <description>
                <lang xml:lang="en">Group 2 is assigned to the second button.</lang>
                <lang xml:lang="ru">Управляется кнопкой №2</lang>
              </description>
          </assocGroup>
        <assocGroup number="3" maxNodes="1">
            <description>
                <lang xml:lang="en">Reports state of device (on/off)</lang>
                <lang xml:lang="ru">Отправлять отчёт при изменение состояния устройства (включен/выключен)</lang>
              </description>
          </assocGroup>
      </assocGroups>
  
    <configParams>
        <configParam number="1" type="rangemapped" size="1" default="ff">
            <name>
                <lang xml:lang="en">Parameter no.1 - Activation/Deactivation</lang>
                <lang xml:lang="ru">Параметр №1 - Включить всё/Выключить всё</lang>
              </name>
                  <description>
                <lang xml:lang="en">Activation/deactivation of ALL ON/ALL OFF functions</lang>
                <lang xml:lang="ru">Параметр позволяет настроить, будет ли модуль реагировать на широковещательные команды &quot;Включить всё&quot; и &quot;Выключить всё&quot;.</lang>
              </description>
      
                  <value from="ff" to="ff">
                <description>
                    <lang xml:lang="en">ALL ON active ALL OFF active</lang>
                    <lang xml:lang="ru">Реагировать на команду Включить всё, Реагировать на команду Выключить всё</lang>
                  </description>
              </value>
            <value from="00" to="00">
                <description>
                    <lang xml:lang="en">ALL ON non active ALL OFF non active</lang>
                    <lang xml:lang="ru">Игнорировать команду Включить всё, Игнорировать команду Выключить всё</lang>
                  </description>
              </value>
            <value from="01" to="01">
                <description>
                    <lang xml:lang="en">ALL ON non active ALL OFF active</lang>
                    <lang xml:lang="ru">Игнорировать команду Включить всё, Реагировать на команду Выключить всё</lang>
                  </description>
              </value>
            <value from="02" to="02">
                <description>
                    <lang xml:lang="en">ALL ON active ALL OFF non active</lang>
                    <lang xml:lang="ru">Реагировать на команду Включить всё, Игнорировать команду Выключить всё</lang>
                  </description>
              </value>
                </configParam>
        <configParam number="3" type="rangemapped" size="1" default="00">
            <name>
                <lang xml:lang="en">Parameter no.3 - Auto off relay after specified time, with the possibility of manual override - immediate Off after button push</lang>
                <lang xml:lang="ru">Параметр №3 - Работает ли кнопка &quot;Выключить&quot; если задано время авто отключения</lang>
              </name>
                  <description>
                <lang xml:lang="en">If manual override enabled, then after single button push the relay turns on and automatically turns off after specified time. Another button push turns the relay off immediately. 

If manual override disabled, then after single button push the relay turns on and automatically turns off after specified time.</lang>
                <lang xml:lang="ru">Позволяет настроить работу кнопки &quot;Выключить&quot;, если задано время авто отключения. Если выбрано - Работает, то кнопка выключения будет выключать нагрузку.

Если выбрано - Не работает, то при нажатии на кнопку выключения, нагрузка не будет выключаться, а таймер авто отключения начнется заново</lang>
              </description>
      
                  <value from="01" to="01">
                <description>
                    <lang xml:lang="en">Manual override enabled</lang>
                    <lang xml:lang="ru">Работает</lang>
                  </description>
              </value>
            <value from="00" to="00">
                <description>
                    <lang xml:lang="en">Manual override disabled</lang>
                    <lang xml:lang="ru">Не работает</lang>
                  </description>
              </value>
                </configParam>
        <configParam number="4" type="range" size="2" default="0000">
            <name>
                <lang xml:lang="de"></lang>
                <lang xml:lang="en">Parameter no.4 - Auto off</lang>
                <lang xml:lang="ru">Параметр №4 - Авто отключение</lang>
              </name>
                  <description>
                <lang xml:lang="de"></lang>
                <lang xml:lang="en">If not zero, automatically switch off after a user defined time. [1-65535](0.1 s - 6553.5 s)</lang>
                <lang xml:lang="ru">Если не 0, автоматически отключает реле через определенное время. [1-65535](0,1 c - 6553,5 c)</lang>
              </description>
      
                  <value from="0000" to="0000">
                <description>
                    <lang xml:lang="de"></lang>
                    <lang xml:lang="en">Disabled</lang>
                    <lang xml:lang="ru">Отключено</lang>
                  </description>
              </value>
            <value from="0001" to="ffff">
                <description>
                    <lang xml:lang="de"></lang>
                    <lang xml:lang="en">10 = 1 sec</lang>
                    <lang xml:lang="ru">10 = 1 секунда</lang>
                  </description>
              </value>
                </configParam>
        <configParam number="6" type="rangemapped" size="1" default="00">
            <name>
                <lang xml:lang="en">Parameter no.6 - Sending commands to control devices assigned to 1-st association group (key № 1)</lang>
                <lang xml:lang="ru">Параметр №6 - В каких случаях отправляется команда устройствам из группы 1, т.е. при нажатии кнопки №1</lang>
              </name>
                  <description>
                <lang xml:lang="en">NOTE: Parameter 15 value must be set to 1 to work properly. This activates the double-click functionality - dimmer/roller shutter control</lang>
                <lang xml:lang="ru">Примечание: В параметре №15 &quot;Управление Диммерами и Жалюзи&quot; должно быть выбрано значение &quot;Двойные клики включены&quot;. Это активирует управление диммерами и жалюзи с помощью двойных кликов</lang>
              </description>
      
                  <value from="00" to="00">
                <description>
                    <lang xml:lang="en">commands are sent when device it turned on and off</lang>
                    <lang xml:lang="ru">Команда отправляется, когда устройство Включается или Выключается</lang>
                  </description>
              </value>
            <value from="01" to="01">
                <description>
                    <lang xml:lang="en">commands are sent when device it turned off. Enabling device does not sent control commands. Double-clicking key sends &quot;turn on&quot; command, dimmers memorize the last saved state (e.g. 50% brightness)</lang>
                    <lang xml:lang="ru">Команда отправляется, когда устройство Выключается. Двойной клик отправит команду включения Диммерам и те включатся на последний установленный уровень яркости.</lang>
                  </description>
              </value>
            <value from="02" to="02">
                <description>
                    <lang xml:lang="en">commands are sent when device it turned off. Enabling device does not sent control commands. Double-clicking key sends &quot;turn on&quot; command and dimmers are set to 100% brightness</lang>
                    <lang xml:lang="ru">Команда отправляется, когда устройство Выключается. Двойной клик отправит команду включения Диммерам и те включатся на 100%</lang>
                  </description>
              </value>
                </configParam>
        <configParam number="13" type="rangemapped" size="1" default="00">
            <name>
                <lang xml:lang="en">Parameter no.13 - Assigns bistable key status to the device status</lang>
                <lang xml:lang="ru">Параметр №13 - Как изменяется статус устройства в бистабильном режиме</lang>
              </name>
                  <description>
                <lang xml:lang="en">INFO: Remote control from Fibaro System is Still Possible. This function is useful when you display status of external devices, e.g. Motion Sensor, in Fibaro System</lang>
                <lang xml:lang="ru">Если выбрано &quot;Нажатие клавиши переключит устройство в противоположное состояние&quot;, то не важно в каком положение у вас находится клавиша выключателя. Если свет включен и клавиша находится в нижнем положении, то переведя её в верхнее положение свет выключится.

Если выбрано &quot;Нажатие клавиши Вверх, Включит свет. Нажатие клавиши Вниз, Выключит свет&quot;, то включится свет или выключится зависит от положения клавиши. Если вы включили свет с контроллера, и клавиша осталась внизу, то чтобы выключить свет с выключателя, сначала нужно клавишу перевести в верхнее положение (свет по прежнему будет гореть), а затем в нижнее, тогда свет потухнет.</lang>
              </description>
      
                  <value from="00" to="00">
                <description>
                    <lang xml:lang="en">[On/Off] device changes status on key status change</lang>
                    <lang xml:lang="ru">Нажатие клавиши переключит устройство в противоположное состояние [Вкл/Выкл]</lang>
                  </description>
              </value>
            <value from="01" to="01">
                <description>
                    <lang xml:lang="en">Device status depends on key status: ON when the key is ON, OFF when the key is OFF</lang>
                    <lang xml:lang="ru">Нажатие клавиши Вверх, Включит свет. Нажатие клавиши Вниз, Выключит свет</lang>
                  </description>
              </value>
                </configParam>
        <configParam number="14" type="rangemapped" size="1" default="01">
            <name>
                <lang xml:lang="en">Parameter no.14 - Switch Type</lang>
                <lang xml:lang="ru">Параметр №14 - Режим переключения</lang>
              </name>
                  <description>
                <lang xml:lang="en">Switch type connector, you may choose between mono-stable and bi-stable switches</lang>
                <lang xml:lang="ru">Моностабильный: для выключателя возвратного типа или для кнопки, каждое нажатие переключает устройство в противоположное состояние. Бистабильный: для обычных выключателей с двумя положениями Включено и Выключено.</lang>
              </description>
      
                  <value from="00" to="00">
                <description>
                    <lang xml:lang="en">mono-stable switch</lang>
                    <lang xml:lang="ru">моностабильный</lang>
                  </description>
              </value>
            <value from="01" to="01">
                <description>
                    <lang xml:lang="en">bistable switch</lang>
                    <lang xml:lang="ru">бистабильный</lang>
                  </description>
              </value>
                </configParam>
        <configParam number="15" type="rangemapped" size="1" default="00">
            <name>
                <lang xml:lang="en">Parameter no.15 - Operation of the Dimmer and Roller Shutter Controller (mono-stable type)</lang>
                <lang xml:lang="ru">Параметр №15 - Управление Диммерами и Жалюзи</lang>
              </name>
                  <description>
                <lang xml:lang="en">Operation of the Dimmer and Roller Shutter Controller - enabling this option allows the user to dim lighting/shut roller by associating Dimmer/Roller Shutter Controller and holding or double press of double switch (only mono-stable switch)</lang>
                <lang xml:lang="ru">Если выбрано &quot;Разрешено&quot; то с помощью выключателя можно управлять диммерами и жалюзи расположенными в группах ассоциаций. Только для моностабильного режима</lang>
              </description>
      
                  <value from="00" to="00">
                <description>
                    <lang xml:lang="en">Disabled</lang>
                    <lang xml:lang="ru">Запрещено</lang>
                  </description>
              </value>
            <value from="01" to="01">
                <description>
                    <lang xml:lang="en">Enabled</lang>
                    <lang xml:lang="ru">Разрешено</lang>
                  </description>
              </value>
                </configParam>
        <configParam number="16" type="rangemapped" size="1" default="01">
            <name>
                <lang xml:lang="en">Parameter no.16 - Saving device state after power failure</lang>
                <lang xml:lang="ru">Параметр №16 - Восстанавливать состояние устройства после отключения питания</lang>
              </name>
                  <description>
                <lang xml:lang="en">Saving the state of the devices after power failure. Fibaro Switch returns to the last position saved before a power failure</lang>
                <lang xml:lang="ru">Если требуется, чтобы после электро-сбоя устройство восстановило своё прежнее состояние, выберите &quot;Восстанавливать&quot;. Если нужно, чтобы устройство было выключено после электро-сбоя выберите &quot;Не восстанавливать&quot;</lang>
              </description>
      
                  <value from="00" to="00">
                <description>
                    <lang xml:lang="en">Fibaro Swith does not save the state after a power fialure, it returns to &quot;off&quot; position</lang>
                    <lang xml:lang="ru">Не восстанавливать. После подачи питания устройство будет в состоянии &quot;Выключено&quot;</lang>
                  </description>
              </value>
            <value from="01" to="01">
                <description>
                    <lang xml:lang="en">Fibaro Switch saves its state before power failure</lang>
                    <lang xml:lang="ru">Восстанавливать</lang>
                  </description>
              </value>
                </configParam>
        <configParam number="30" type="rangemapped" size="1" default="03">
            <name>
                <lang xml:lang="en">Parameter no.30 - General alarm set for relay no. 1</lang>
                <lang xml:lang="ru">Параметр №30 - Общие настройки реагирования на сигнал тревоги для реле №1</lang>
              </name>
                  <description>
                <lang xml:lang="en">General alarm set for relay no. 1</lang>
                <lang xml:lang="ru">Параметр определяет, что сделает устройство если получит от датчика сигнал тревоги.</lang>
              </description>
      
                  <value from="00" to="00">
                <description>
                    <lang xml:lang="en">DACTIVATION – the device doesn&#039;t respond to alarm data frames</lang>
                    <lang xml:lang="ru">Отключено – устройство не будет реагировать на сигнал тревоги</lang>
                  </description>
              </value>
            <value from="01" to="01">
                <description>
                    <lang xml:lang="en">ALARM RELAY ON – the device turns on after detection an alarm</lang>
                    <lang xml:lang="ru">Устройство включится</lang>
                  </description>
              </value>
            <value from="02" to="02">
                <description>
                    <lang xml:lang="en">ALARM RELAY OFF - the device turns off after detection an alarm</lang>
                    <lang xml:lang="ru">Устройство выключится</lang>
                  </description>
              </value>
            <value from="03" to="03">
                <description>
                    <lang xml:lang="en">ALARM FLASHING – the device periodically changes its states to the opposite, when it detects an alarm within 10 min</lang>
                    <lang xml:lang="ru">Устройство начнет мигать, т.е. включаться и выключаться. Через 10 минут устройство перестанет реагировать на сигналы тревоги.</lang>
                  </description>
              </value>
                </configParam>
        <configParam number="31" type="rangemapped" size="1" default="02">
            <name>
                <lang xml:lang="en">Parameter no.31 - Alarm of flooding with water, set for relay no. 1</lang>
                <lang xml:lang="ru">Параметр №31 - Реагирование на сигнал тревоги при затоплении для реле №1</lang>
              </name>
                  <description>
                <lang xml:lang="en">Alarm of flooding with water, set for relay no. 1</lang>
                <lang xml:lang="ru">Параметр определяет, что сделает устройство если получит от датчика сигнал тревоги.</lang>
              </description>
      
                  <value from="00" to="00">
                <description>
                    <lang xml:lang="en">DACTIVATION – the device doesn&#039;t respond to alarm data frames</lang>
                    <lang xml:lang="ru">Отключено – устройство не будет реагировать на сигнал тревоги</lang>
                  </description>
              </value>
            <value from="01" to="01">
                <description>
                    <lang xml:lang="en">ALARM RELAY ON – the device turns on after alarm detection</lang>
                    <lang xml:lang="ru">Устройство включится</lang>
                  </description>
              </value>
            <value from="02" to="02">
                <description>
                    <lang xml:lang="en">ALARM RELAY OFF - the device turns off after alarm detection</lang>
                    <lang xml:lang="ru">Устройство выключится</lang>
                  </description>
              </value>
            <value from="03" to="03">
                <description>
                    <lang xml:lang="en">ALARM FLASHING – the device periodically changes its states to the opposite, when it detects an alarm within 10 min</lang>
                    <lang xml:lang="ru">Устройство начнет мигать, т.е. включаться и выключаться. Через 10 минут устройство перестанет реагировать на сигналы тревоги.</lang>
                  </description>
              </value>
                </configParam>
        <configParam number="32" type="rangemapped" size="1" default="03">
            <name>
                <lang xml:lang="en">Parameter no.32 - Smoke, CO, CO2 Alarm. Set for relay no. 1</lang>
                <lang xml:lang="ru">Параметр №32 - Реагирование на сигнал тревоги о задымлении, CO, CO2 для реле №1</lang>
              </name>
                  <description>
                <lang xml:lang="en">Smoke, CO, CO2 Alarm. Set for relay no. 1</lang>
                <lang xml:lang="ru">Параметр определяет, что сделает устройство если получит от датчика дыма или газа сигнал тревоги.</lang>
              </description>
      
                  <value from="00" to="00">
                <description>
                    <lang xml:lang="en">DACTIVATION – the device doesn&#039;t respond to alarm data frames</lang>
                    <lang xml:lang="ru">Отключено – устройство не будет реагировать на сигнал тревоги</lang>
                  </description>
              </value>
            <value from="01" to="01">
                <description>
                    <lang xml:lang="en">ALARM RELAY ON – the device turns on after alarm detection</lang>
                    <lang xml:lang="ru">Устройство включится</lang>
                  </description>
              </value>
            <value from="02" to="02">
                <description>
                    <lang xml:lang="en">ALARM RELAY OFF - the device turns off after alarm detection</lang>
                    <lang xml:lang="ru">Устройство выключится</lang>
                  </description>
              </value>
            <value from="03" to="03">
                <description>
                    <lang xml:lang="en">ALARM FLASHING – the device periodically changes its states to the opposite, when it detects an alarm within 10 min</lang>
                    <lang xml:lang="ru">Устройство начнет мигать, т.е. включаться и выключаться. Через 10 минут устройство перестанет реагировать на сигналы тревоги.</lang>
                  </description>
              </value>
                </configParam>
        <configParam number="33" type="rangemapped" size="1" default="01">
            <name>
                <lang xml:lang="en">Parameter no.33 - Temperature Alarm. Set for relay no. 1</lang>
                <lang xml:lang="ru">Параметр №33 - Реагирование на сигнал тревоги о температуре для реле №1</lang>
              </name>
                  <description>
                <lang xml:lang="en">Temperature Alarm. Set for relay no. 1</lang>
                <lang xml:lang="ru">Параметр определяет, что сделает устройство если получит от датчика температуры сигнал тревоги.</lang>
              </description>
      
                  <value from="00" to="00">
                <description>
                    <lang xml:lang="en">DACTIVATION – the device doesn&#039;t respond to alarm data frames</lang>
                    <lang xml:lang="ru">Отключено – устройство не будет реагировать на сигнал тревоги</lang>
                  </description>
              </value>
            <value from="01" to="01">
                <description>
                    <lang xml:lang="en">ALARM RELAY ON – the device turns on after alarm detection</lang>
                    <lang xml:lang="ru">Устройство включится</lang>
                  </description>
              </value>
            <value from="02" to="02">
                <description>
                    <lang xml:lang="en">ALARM RELAY OFF - the device turns off after alarm detection</lang>
                    <lang xml:lang="ru">Устройство выключится</lang>
                  </description>
              </value>
            <value from="03" to="03">
                <description>
                    <lang xml:lang="en">ALARM FLASHING – the device periodically changes its states to the opposite, when it detects an alarm within 10 min</lang>
                    <lang xml:lang="ru">Устройство начнет мигать, т.е. включаться и выключаться. Через 10 минут устройство перестанет реагировать на сигналы тревоги.</lang>
                  </description>
              </value>
                </configParam>
        <configParam number="39" type="range" size="2" default="0258">
            <name>
                <lang xml:lang="en">Parameter no.39 - Active flashing alarm time</lang>
                <lang xml:lang="ru">Параметр №39 - Время мигания устройства</lang>
              </name>
                  <description>
                <lang xml:lang="en"></lang>
                <lang xml:lang="ru">Используется, если в каком либо из параметров 30,31,32,33 выбрано значение: &quot;Устройство начнет мигать&quot;.</lang>
              </description>
      
                  <value from="0001" to="ffff">
                <description>
                    <lang xml:lang="en">10 = 1 sec</lang>
                    <lang xml:lang="ru">10 = 1 секунда</lang>
                  </description>
              </value>
                </configParam>
      </configParams>
  
    <endpoints>
           <endpoint number="2">
            <name>
                <lang xml:lang="en">Switch Channel 2 </lang>
              </name>
                  <description>
                <lang xml:lang="en"></lang>
              </description>
                  <genericClass value="10"/>
                  <specificClass value="01"/>
                  <commandClass id="0020"/>
            <commandClass id="0025"/>
            <commandClass id="0027"/>
          </endpoint>
           <endpoint number="1">
            <name>
                <lang xml:lang="en">Switch Channel 1</lang>
              </name>
                  <description>
                <lang xml:lang="en"></lang>
              </description>
                  <genericClass value="10"/>
                  <specificClass value="01"/>
                  <commandClass id="0020"/>
            <commandClass id="0025"/>
            <commandClass id="0027"/>
          </endpoint>
      </endpoints>
    
  
    <resourceLinks>
     
    <deviceImage url="http://www.pepper1.net/zwavedb/uploads/resources/21c57634f7f94a857a1bf0b5cfc99c9729cd712f.jpg" />
      </resourceLinks>
    
  </ZWaveDevice>


