<?xml version="1.0" encoding="utf-8"?>
<ZWaveDevice xmlns="http://www.pepper1.net/zwavedb/xml-schemata/z-wave" schemaVersion="2">

  <descriptorVersion>1</descriptorVersion>

  <deviceData>
            <manufacturerId value="0109"/>
        <productType value="2001"/>
    <productId value="0102"/>
    <libType value="06"/>
    <protoVersion value="03"/>
    <protoSubVersion value="28"/>
    <appVersion value="04"/>
    <appSubVersion value="54"/>
        <basicClass value="04"/>
            <genericClass value="20"/>
            <specificClass value="01"/>
        <optional value="true"/>
    <listening value="false"/>
    <routing value="true"/>
        <beamSensor>0</beamSensor>
            <rfFrequency>EU</rfFrequency>
            <certId>14922</certId>
            <certNumber>ZC08-12100008</certNumber>
        
      </deviceData>

  <deviceDescription>
                <description>
            <lang xml:lang="de">Tür-Fenster-Sensor</lang>
            <lang xml:lang="en">Door Window Sensor with external digital input</lang>
          </description>
            <wakeupNote>
            <lang xml:lang="de">Drücken des Manipulationsschutzschalters im Gehäuse</lang>
            <lang xml:lang="en">hit tamper protection button inside enclosure</lang>
          </wakeupNote>
            <inclusionNote>
            <lang xml:lang="de">Drücken des Manipulationsschutzschalters im Gehäuse</lang>
            <lang xml:lang="en">hit tamper protection button inside enclosure</lang>
          </inclusionNote>
            <productName>ZD2102EU 2013</productName>
            <brandName>Vision</brandName>
                        <batteryType>C123A</batteryType>
            <batteryCount>1</batteryCount>
            </deviceDescription>

    <commandClasses>
        <commandClass id="0080"/>
        <commandClass id="0020" controlled="true" inNIF="false"/>
        <commandClass id="0084" version="2"/>
        <commandClass id="0085" version="2"/>
        <commandClass id="0086"/>
        <commandClass id="0030"/>
        <commandClass id="0071" version="2"/>
        <commandClass id="0072"/>
      </commandClasses>
  
    <assocGroups>
        <assocGroup number="1" maxNodes="5">
            <description>
                <lang xml:lang="de">BASIC Kommando bei erkannter Öffnung</lang>
                <lang xml:lang="en">BASIC command when sensor is tripped</lang>
              </description>
          </assocGroup>
      </assocGroups>
  
  
    
  
    <resourceLinks>
     
    <deviceImage url="http://www.pepper1.net/zwavedb/uploads/resources/895e7a045e21032e615b66fc301f1c6b34fa189d.png" />
      </resourceLinks>
    
  </ZWaveDevice>


