<?xml version="1.0" encoding="utf-8"?>
<ZWaveDevice xmlns="http://www.pepper1.net/zwavedb/xml-schemata/z-wave" schemaVersion="2">

  <descriptorVersion>1</descriptorVersion>

  <deviceData>
            <manufacturerId value="0064"/>
        <productType value="5001"/>
    <productId value="0000"/>
    <libType value="00"/>
    <protoVersion value="00"/>
    <protoSubVersion value="00"/>
    <appVersion value="00"/>
    <appSubVersion value="00"/>
        <basicClass value="01"/>
            <genericClass value="01"/>
            <specificClass value="01"/>
        <optional value="true"/>
    <listening value="false"/>
    <routing value="false"/>
        <beamSensor>0</beamSensor>
                    
      </deviceData>

  <deviceDescription>
                <description>
            <lang xml:lang="de">Fernbedienung</lang>
            <lang xml:lang="en">Remote Control</lang>
            <lang xml:lang="ru"></lang>
          </description>
            <wakeupNote>
            <lang xml:lang="de">Alles Ein/Aus Taste drei mal hintereinander</lang>
            <lang xml:lang="en">Button triple press on all on/off</lang>
            <lang xml:lang="ru">Тройное нажатие на одну из кнопок вкл/выкл</lang>
          </wakeupNote>
            <inclusionNote>
            <lang xml:lang="de">Inclusion Taste zwei Sekunden gedrückt halten</lang>
            <lang xml:lang="en">Press inclusion button for 2 seconds</lang>
            <lang xml:lang="ru">Нажатие на кнопку Include на 2 секунды</lang>
          </inclusionNote>
            <productName>Remote Control</productName>
            <brandName>Düwi Z-Wave</brandName>
                <productCode>064459</productCode>
                        </deviceDescription>

    <commandClasses>
        <commandClass id="0020"/>
        <commandClass id="0071" controlled="true"/>
        <commandClass id="0072"/>
      </commandClasses>
  
  
  
    
  
    <resourceLinks>
     
    <deviceImage url="http://www.pepper1.net/zwavedb/uploads/resources/aa36b7afa1e78612f8eec18a815353d4f4802aff.jpg" />
      </resourceLinks>
    
  </ZWaveDevice>


