<?xml version="1.0" encoding="utf-8"?>
<ZWaveDevice xmlns="http://www.pepper1.net/zwavedb/xml-schemata/z-wave" schemaVersion="2">

  <descriptorVersion>1</descriptorVersion>

  <deviceData>
            <manufacturerId value="0002"/>
        <productType value="8004"/>
    <productId value="0001"/>
    <libType value="06"/>
    <protoVersion value="02"/>
    <protoSubVersion value="43"/>
    <appVersion value="00"/>
    <appSubVersion value="23"/>
        <basicClass value="04"/>
            <genericClass value="08"/>
            <specificClass value="04"/>
        <optional value="true"/>
    <listening value="false"/>
    <routing value="true"/>
        <beamSensor>0</beamSensor>
            <rfFrequency>EU</rfFrequency>
            <certId>14971</certId>
            <certNumber>ZC08-12110002</certNumber>
        
      </deviceData>

  <deviceDescription>
                <description>
            <lang xml:lang="de">Thermostat mit Einstellrad und LCD</lang>
            <lang xml:lang="en">Electronic Dial Setting Room Thermostat with LCD</lang>
          </description>
            <wakeupNote>
            <lang xml:lang="de">Halten Sie die &#039;include initiator&#039;-Taste (unter dem Einstellrad) für mindestens 5 Sekunden gedrückt.</lang>
            <lang xml:lang="en">Press the &#039;include initiator&#039; button (located under the dial) for at least 5 seconds</lang>
          </wakeupNote>
            <inclusionNote>
            <lang xml:lang="de">Halten Sie die &#039;include initiator&#039;-Taste (unter dem Einstellrad) für mindestens 5 Sekunden gedrückt.</lang>
            <lang xml:lang="en">Press the &#039;include initiator&#039; button (located under the dial) for at least 5 seconds</lang>
          </inclusionNote>
            <productName>RET BZ 2012</productName>
            <brandName>RET BZ - RF</brandName>
            <productLine>Thermostat</productLine>
            <productCode>087N774500</productCode>
                <batteryType>AA</batteryType>
            <batteryCount>2</batteryCount>
            </deviceDescription>

    <commandClasses>
        <commandClass id="0080"/>
        <commandClass id="0043"/>
        <commandClass id="0084" version="2"/>
        <commandClass id="0085"/>
        <commandClass id="0086"/>
        <commandClass id="0031"/>
        <commandClass id="008e" version="2"/>
        <commandClass id="008f"/>
        <commandClass id="0091"/>
        <commandClass id="0072"/>
        <commandClass id="0025" controlled="true"/>
      </commandClasses>
  
    <assocGroups>
        <assocGroup number="1" maxNodes="1">
            <description>
                <lang xml:lang="de">Node Id des Heiz- oder Kühlsystems, welches das RET BZ regeln soll.</lang>
                <lang xml:lang="en">Node Id of the Heating or Cooling System which the RET BZ should control.</lang>
              </description>
          </assocGroup>
      </assocGroups>
  
  
    
  
    <resourceLinks>
     
    <deviceImage url="http://www.pepper1.net/zwavedb/uploads/resources/1c52a3fefbf5fe4b777849d311d264756014df05.jpg" />
      </resourceLinks>
    
  </ZWaveDevice>


