<?xml version="1.0" encoding="utf-8"?>
<ZWaveDevice xmlns="http://www.pepper1.net/zwavedb/xml-schemata/z-wave" schemaVersion="2">

  <descriptorVersion>1</descriptorVersion>

  <deviceData>
            <manufacturerId value="5254"/>
        <productType value="0101"/>
    <productId value="8377"/>
    <libType value="06"/>
    <protoVersion value="03"/>
    <protoSubVersion value="2a"/>
    <appVersion value="01"/>
    <appSubVersion value="01"/>
        <basicClass value="04"/>
            <genericClass value="08"/>
            <specificClass value="06"/>
        <optional value="true"/>
    <listening value="false"/>
    <routing value="true"/>
        <beamSensor>1000</beamSensor>
            <rfFrequency>EU</rfFrequency>
            <certId>15036</certId>
            <certNumber>ZC08-12090012</certNumber>
        
      </deviceData>

  <deviceDescription>
                <description>
            <lang xml:lang="de">Der ZXT-120 ist ein Z-Wave nach IR Extender für Klimageräte</lang>
            <lang xml:lang="en">The ZXT-120 is a Z-Wave to IR extender for air conditioning systems</lang>
          </description>
            <wakeupNote>
            <lang xml:lang="de"></lang>
            <lang xml:lang="en"></lang>
          </wakeupNote>
            <inclusionNote>
            <lang xml:lang="de">Das einmalige Drücken der Programm-Taste auf der Geräteoberseite</lang>
            <lang xml:lang="en">Click once the PROG button on the top side of the device</lang>
          </inclusionNote>
            <productName>ZXT-120EU</productName>
            <brandName>Remotec</brandName>
            <productLine>Z-Wave Home Automation</productLine>
            <productCode>BW8377EU</productCode>
            <productVersion>1.0</productVersion>
            <batteryType>AAA</batteryType>
            <batteryCount>3</batteryCount>
            </deviceDescription>

    <commandClasses>
        <commandClass id="0020"/>
        <commandClass id="0040" version="2"/>
        <commandClass id="0043" version="2"/>
        <commandClass id="0044" version="2"/>
        <commandClass id="0086"/>
        <commandClass id="0027"/>
        <commandClass id="0080"/>
        <commandClass id="0070"/>
        <commandClass id="0031"/>
        <commandClass id="0072"/>
      </commandClasses>
  
  
    <configParams>
        <configParam number="25" type="rangemapped" size="1" default="01">
            <name>
                <lang xml:lang="de">Auswählen des IR Codes und Anlernen starten</lang>
                <lang xml:lang="en">Indicate a location for IR code  learning and start learning</lang>
              </name>
                  <description>
                <lang xml:lang="de">Sollte keiner der voreingestellten Codes funktionieren, kann der Nutzer den IR Code Lernmodus ausführen. Lesen Sie dazu das Handbuch unter &quot;IR Code Lernen&quot;.</lang>
                <lang xml:lang="en">In case none of the code on the code list works for the targeted air conditioner, user can use IR code learning function. See manual at section &quot;IR Code Learning&quot; for a description of the procedure.</lang>
              </description>
      
                  <value from="00" to="00">
                <description>
                    <lang xml:lang="de">AUS</lang>
                    <lang xml:lang="en">OFF</lang>
                  </description>
              </value>
            <value from="01" to="01">
                <description>
                    <lang xml:lang="de">AN (fortsetzen)</lang>
                    <lang xml:lang="en">ON (resume)</lang>
                  </description>
              </value>
            <value from="02" to="0b">
                <description>
                    <lang xml:lang="de">19°C kühlen - 28°C kühlen </lang>
                    <lang xml:lang="en">19°C cool - 28°C cool</lang>
                  </description>
              </value>
            <value from="0c" to="15">
                <description>
                    <lang xml:lang="de">19°C heitzen - 28°C heitzen </lang>
                    <lang xml:lang="en">19°C heat - 28°C heat</lang>
                  </description>
              </value>
            <value from="16" to="16">
                <description>
                    <lang xml:lang="de">Trocknungs-Modus</lang>
                    <lang xml:lang="en">Dry mode</lang>
                  </description>
              </value>
                </configParam>
        <configParam number="26" type="constant" size="1" default="00">
            <name>
                <lang xml:lang="de">Lernstatus Register</lang>
                <lang xml:lang="en">Learning status register</lang>
              </name>
                  <description>
                <lang xml:lang="de">Beachte: Der Status Wert 0x01 und 0x04 werden auf 0 gesetzt, wenn der ZXT-120 ein GET Kommando auf diesem Parameter empfängt</lang>
                <lang xml:lang="en">Note: The status value 0x01 and 0x04 will be reset to 0 when the ZXT-120 receive a get command to this parameter</lang>
              </description>
      
                  <value from="00" to="00">
                <description>
                    <lang xml:lang="de">inaktiv - dieser IR Kanal ist inaktiv</lang>
                    <lang xml:lang="en">Idle - this IR channel is idle</lang>
                  </description>
              </value>
            <value from="01" to="01">
                <description>
                    <lang xml:lang="de">OK - letzter Lernprozess erfolgreich und abgeschlossen</lang>
                    <lang xml:lang="en">OK - the latest learning process successful and completed</lang>
                  </description>
              </value>
            <value from="02" to="02">
                <description>
                    <lang xml:lang="de">Lernen - der ZXT-120 ist beschäftigt und arbeitet den letzten Lernprozess ab</lang>
                    <lang xml:lang="en">Learning - the ZXT-120 is busy processing previous learning request</lang>
                  </description>
              </value>
            <value from="04" to="04">
                <description>
                    <lang xml:lang="de">Fehler - letzter Lernprozess fehlgeschlagen</lang>
                    <lang xml:lang="en">Failed - the latest learning request failed</lang>
                  </description>
              </value>
                </configParam>
        <configParam number="27" type="constant" size="1" default="00">
            <name>
                <lang xml:lang="de">IR Code Nummer für integrierte Code Datenbank</lang>
                <lang xml:lang="en">IR code number for built-in  code library </lang>
              </name>
                  <description>
                <lang xml:lang="de">Sehen Sie dazu die Liste der vom ZXT-120 unterstützen Klimageräte</lang>
                <lang xml:lang="en">Look up the code list of ZXT-120 according to your AC brand.</lang>
              </description>
      
          </configParam>
        <configParam number="28" type="constant" size="1" default="ff">
            <name>
                <lang xml:lang="de">Externer IR Sender Sendeleistung</lang>
                <lang xml:lang="en">External IR Emitter power  level </lang>
              </name>
                  <description>
                <lang xml:lang="de"></lang>
                <lang xml:lang="en"></lang>
              </description>
      
                  <value from="00" to="00">
                <description>
                    <lang xml:lang="de">normale Sendeleistung</lang>
                    <lang xml:lang="en">normal power mode</lang>
                  </description>
              </value>
            <value from="ff" to="ff">
                <description>
                    <lang xml:lang="de">hohe Sendeleistung</lang>
                    <lang xml:lang="en">high power mode</lang>
                  </description>
              </value>
                </configParam>
        <configParam number="32" type="constant" size="1" default="ff">
            <name>
                <lang xml:lang="de">Rundum-IR-Sender</lang>
                <lang xml:lang="en">Surround IR control</lang>
              </name>
                  <description>
                <lang xml:lang="de">Um Störungen beim Betrieb mehrerer Klimageräte zu vermeiden, deaktivieren. Deaktivieren, um Batterielaufzeit zu verlängern.</lang>
                <lang xml:lang="en">To avoid the IR interference by disabling the surrounding IR emitter if 2 air-conditioners in a room are used. Extend the battery life by disabling the Surround IR Emitters</lang>
              </description>
      
                  <value from="00" to="00">
                <description>
                    <lang xml:lang="de">deaktivieren des Rundum-IR-Senders</lang>
                    <lang xml:lang="en">disable Surround IR Emitters</lang>
                  </description>
              </value>
            <value from="ff" to="ff">
                <description>
                    <lang xml:lang="de">aktivieren des Rundum-IR-Senders</lang>
                    <lang xml:lang="en">enable Surround IR Emitters</lang>
                  </description>
              </value>
                </configParam>
        <configParam number="33" type="constant" size="1" default="01">
            <name>
                <lang xml:lang="de">Klimageräte Schwenkfunktion</lang>
                <lang xml:lang="en">AC function &quot;Swing&quot; control</lang>
              </name>
                  <description>
                <lang xml:lang="de"></lang>
                <lang xml:lang="en"></lang>
              </description>
      
                  <value from="00" to="00">
                <description>
                    <lang xml:lang="de">Schwenken Aus</lang>
                    <lang xml:lang="en">SWING OFF</lang>
                  </description>
              </value>
            <value from="01" to="01">
                <description>
                    <lang xml:lang="de">Schwenken AUTO</lang>
                    <lang xml:lang="en">SWING AUTO</lang>
                  </description>
              </value>
                </configParam>
        <configParam number="35" type="bitset" size="4" default="00000000">
            <name>
                <lang xml:lang="de">Lernposition Status</lang>
                <lang xml:lang="en">Learn location status</lang>
              </name>
                  <description>
                <lang xml:lang="de">Bit Maske = 1, Lernposition hat Daten. Bit Maske = 0, keine Daten.</lang>
                <lang xml:lang="en">Bit mask = 1, learn location has learn data. Otherwise, Bit mask = 0.</lang>
              </description>
      
          </configParam>
      </configParams>
  
    
  
    <resourceLinks>
     
    <deviceImage url="http://www.pepper1.net/zwavedb/uploads/resources/ae3ce3c06421830adf0eac90bd05efab7447fd9c.jpg" />
      </resourceLinks>
    
  </ZWaveDevice>


