<?xml version="1.0" encoding="utf-8"?>
<ZWaveDevice xmlns="http://www.pepper1.net/zwavedb/xml-schemata/z-wave" schemaVersion="2">

  <descriptorVersion>1</descriptorVersion>

  <deviceData>
            <manufacturerId value="0097"/>
        <productType value="6941"/>
    <productId value="5501"/>
    <libType value="06"/>
    <protoVersion value="02"/>
    <protoSubVersion value="61"/>
    <appVersion value="00"/>
    <appSubVersion value="20"/>
        <basicClass value="04"/>
            <genericClass value="10"/>
            <specificClass value="01"/>
        <optional value="true"/>
    <listening value="true"/>
    <routing value="true"/>
        <beamSensor>0</beamSensor>
            <rfFrequency>Australia and New Zealand</rfFrequency>
            <certId>14811</certId>
            <certNumber>ZC08-12100015</certNumber>
        
      </deviceData>

  <deviceDescription>
                <description>
            <lang xml:lang="de">Funksteckdose mit Ein-/Ausschalter</lang>
            <lang xml:lang="en">A plugin module for a power socket which can switch on/off</lang>
          </description>
            <wakeupNote>
            <lang xml:lang="de"></lang>
            <lang xml:lang="en"></lang>
          </wakeupNote>
            <inclusionNote>
            <lang xml:lang="de">Drücken und halten Sie die Taste für 4 Sekunden.</lang>
            <lang xml:lang="en">Press and hold the push button for 4 seconds and release to start the inclusion process</lang>
          </inclusionNote>
            <productName>iPlug</productName>
            <brandName>Wintop</brandName>
            <productLine>Control</productLine>
            <productCode>41</productCode>
            <productVersion>1.0</productVersion>
                    </deviceDescription>

    <commandClasses>
        <commandClass id="0020" inNIF="false"/>
        <commandClass id="0025"/>
        <commandClass id="0086"/>
        <commandClass id="0027"/>
        <commandClass id="0070"/>
        <commandClass id="0031"/>
        <commandClass id="0072"/>
        <commandClass id="0073"/>
        <commandClass id="0075"/>
        <commandClass id="0085"/>
      </commandClasses>
  
    <assocGroups>
        <assocGroup number="1" maxNodes="1">
            <description>
                <lang xml:lang="de">Wird die Taste am Gerät gedrückt, so sendet das Gerät einen Switch Binary Report.</lang>
                <lang xml:lang="en">Every time the push button is pressed a switch binary report is sent to the associated node</lang>
              </description>
          </assocGroup>
      </assocGroups>
  
    <configParams>
        <configParam number="1" type="rangemapped" size="1" default="00">
            <name>
                <lang xml:lang="de">Set to default</lang>
                <lang xml:lang="en">Set to default</lang>
              </name>
                  <description>
                <lang xml:lang="de">Alle konfigurierten Parameter zurücksetzen.</lang>
                <lang xml:lang="en">Set all config values to default values (factory settings).
Read more in chapter Configuration Reset.</lang>
              </description>
      
                  <value from="00" to="54">
                <description>
                    <lang xml:lang="de">alle konfigurierten Parameter zurücksetzen</lang>
                    <lang xml:lang="en">default all the
configuration parameters</lang>
                  </description>
              </value>
            <value from="56" to="ff">
                <description>
                    <lang xml:lang="de">alle konfigurierten Parameter zurücksetzen</lang>
                    <lang xml:lang="en">default all the
configuration parameters</lang>
                  </description>
              </value>
                </configParam>
        <configParam number="2" type="rangemapped" size="1" default="00">
            <name>
                <lang xml:lang="de">Startup with last known socket status</lang>
                <lang xml:lang="en">Startup with last known socket status</lang>
              </name>
                  <description>
                <lang xml:lang="de">Zustand des Gerätes als es zuletzt an das Stromnetz angeschlossen wurde.</lang>
                <lang xml:lang="en">The state in what the switch is when power is supplied.</lang>
              </description>
      
                  <value from="00" to="00">
                <description>
                    <lang xml:lang="de">Wird der Funkstecker an das Stromnetz angeschlossen, so ist er ausgeschalten.</lang>
                    <lang xml:lang="en">When power applied socket is always off.</lang>
                  </description>
              </value>
            <value from="01" to="ff">
                <description>
                    <lang xml:lang="de">Der Funkstecker behält sein Zustand wenn er vom Netz getrennt wird.</lang>
                    <lang xml:lang="en">When power applied socket is the state before power was disconnected.</lang>
                  </description>
              </value>
                </configParam>
        <configParam number="3" type="range" size="2" default="0000">
            <name>
                <lang xml:lang="de">Temperature offset</lang>
                <lang xml:lang="en">Temperature offset</lang>
              </name>
                  <description>
                <lang xml:lang="de">Offset für die Temperatur</lang>
                <lang xml:lang="en">A offset for the temperature.</lang>
              </description>
      
                  <value from="8000" to="7fff">
                <description>
                    <lang xml:lang="de">vorzeichenbehafteter Temperatur-Offset</lang>
                    <lang xml:lang="en">A signed integer to determine the offset off the temperature.</lang>
                  </description>
              </value>
                </configParam>
      </configParams>
  
    
  
    <resourceLinks>
     
    <deviceImage url="http://www.pepper1.net/zwavedb/uploads/resources/9b3e010f84aeb19f1c4fc6caba68feabd1dc0a31.jpg" />
      </resourceLinks>
    
  </ZWaveDevice>


