<?xml version="1.0" encoding="utf-8"?>
<ZWaveDevice xmlns="http://www.pepper1.net/zwavedb/xml-schemata/z-wave" schemaVersion="2">

  <descriptorVersion>1</descriptorVersion>

  <deviceData>
            <manufacturerId value="013b"/>
        <productType value="1000"/>
    <productId value="1828"/>
    <libType value="01"/>
    <protoVersion value="03"/>
    <protoSubVersion value="2a"/>
    <appVersion value="01"/>
    <appSubVersion value="01"/>
        <basicClass value="02"/>
            <genericClass value="02"/>
            <specificClass value="01"/>
        <optional value="false"/>
    <listening value="true"/>
    <routing value="true"/>
        <beamSensor>0</beamSensor>
                <certId>15192</certId>
            <certNumber>ZC08-12120005</certNumber>
        
      </deviceData>

  <deviceDescription>
                <description>
            <lang xml:lang="de">Gateway/Bridge/Central Controller</lang>
            <lang xml:lang="en">Gateway/Bridge/Central Controller</lang>
          </description>
            <wakeupNote>
            <lang xml:lang="de"></lang>
            <lang xml:lang="en"></lang>
          </wakeupNote>
            <inclusionNote>
            <lang xml:lang="de">Öffnen sie die &quot;Orcas Z-Wave&quot;-App aus dem Menü, wählen anschliessend &quot;Control&quot;. Drücken Sie die Menü-Taste und wählen sie &quot;Learn mode&quot;</lang>
            <lang xml:lang="en">Select the &quot;Orcas Zwave&quot;-App from the menu, then &quot;Control&quot;. Press the menu button and choose &quot;Learn mode&quot;</lang>
          </inclusionNote>
            <productName>Android Home Station</productName>
            <brandName>HXS</brandName>
            <productLine>Android based digital life solution for connected home</productLine>
            <productCode>HXS1000</productCode>
            <productVersion>1.1</productVersion>
                    </deviceDescription>

    <commandClasses>
        <commandClass id="0072" controlled="true" secure="true"/>
        <commandClass id="0086" controlled="true" secure="true"/>
        <commandClass id="0071" controlled="true" inNIF="false" secure="true"/>
        <commandClass id="0027" controlled="true" inNIF="false" secure="true"/>
        <commandClass id="0085" controlled="true" inNIF="false" secure="true"/>
        <commandClass id="0020" controlled="true" inNIF="false" secure="true"/>
        <commandClass id="0080" controlled="true" inNIF="false" secure="true"/>
        <commandClass id="0030" controlled="true" inNIF="false" secure="true"/>
        <commandClass id="0028" controlled="true" inNIF="false" secure="true"/>
        <commandClass id="0070" controlled="true" inNIF="false" secure="true"/>
        <commandClass id="0062" controlled="true" inNIF="false" secure="true"/>
        <commandClass id="008f" controlled="true" inNIF="false" secure="true"/>
        <commandClass id="0031" controlled="true" inNIF="false" secure="true"/>
        <commandClass id="0026" controlled="true" inNIF="false" secure="true"/>
        <commandClass id="0000" controlled="true" inNIF="false" secure="true"/>
        <commandClass id="0098" controlled="true" inNIF="false" secure="true"/>
        <commandClass id="0044" controlled="true" inNIF="false" secure="true"/>
        <commandClass id="0040" controlled="true" inNIF="false" secure="true"/>
        <commandClass id="0043" controlled="true" inNIF="false" secure="true"/>
        <commandClass id="0063" controlled="true" inNIF="false" secure="true"/>
        <commandClass id="0084" controlled="true" inNIF="false" secure="true"/>
      </commandClasses>
  
  
  
    
  
    <resourceLinks>
     
    <deviceImage url="http://www.pepper1.net/zwavedb/uploads/resources/1ae4e26931ebbde71cdcf10b10156dc9286384e3.jpg" />
      </resourceLinks>
    
  </ZWaveDevice>


