<?xml version="1.0" encoding="utf-8"?>
<ZWaveDevice xmlns="http://www.pepper1.net/zwavedb/xml-schemata/z-wave" schemaVersion="2">

  <descriptorVersion>1</descriptorVersion>

  <deviceData>
            <manufacturerId value="0109"/>
        <productType value="2001"/>
    <productId value="0101"/>
    <libType value="03"/>
    <protoVersion value="03"/>
    <protoSubVersion value="29"/>
    <appVersion value="04"/>
    <appSubVersion value="01"/>
        <basicClass value="04"/>
            <genericClass value="20"/>
            <specificClass value="01"/>
        <optional value="true"/>
    <listening value="false"/>
    <routing value="true"/>
        <beamSensor>0</beamSensor>
            <rfFrequency>Australia and New Zealand</rfFrequency>
            <certId>14803</certId>
            <certNumber>ZC08-12100013</certNumber>
        
      </deviceData>

  <deviceDescription>
                <description>
            <lang xml:lang="de">Alarmsensor für Fenster und Türen</lang>
            <lang xml:lang="en">Door or Window Detection</lang>
          </description>
            <wakeupNote>
            <lang xml:lang="de">Entfernen Sie die Gehäuseabdeckung.</lang>
            <lang xml:lang="en">Remove the cover</lang>
          </wakeupNote>
            <inclusionNote>
            <lang xml:lang="de">Halten Sie die Programmiertaste des ZD2102 mindenstens eine Sekunden lang gedrückt.</lang>
            <lang xml:lang="en">Press the program switch of ZD2102 for 1 second at least</lang>
          </inclusionNote>
            <productName>ZD2102BR</productName>
            <brandName>Vision</brandName>
            <productLine>Home Security</productLine>
            <productCode>01</productCode>
            <productVersion>03</productVersion>
            <batteryType>CR123A</batteryType>
            <batteryCount>1</batteryCount>
            </deviceDescription>

    <commandClasses>
        <commandClass id="0080"/>
        <commandClass id="0020" inNIF="false"/>
        <commandClass id="0084" version="2"/>
        <commandClass id="0085"/>
        <commandClass id="0086"/>
        <commandClass id="0030"/>
        <commandClass id="0071" version="2"/>
        <commandClass id="0072"/>
      </commandClasses>
  
    <assocGroups>
        <assocGroup number="1" maxNodes="5">
            <description>
                <lang xml:lang="de"></lang>
                <lang xml:lang="en">If the cover of sensor is removed, the door sensor will send an Alarm Report (type:01, level:11), and the LED will go solid. When the door/window sensor is tripped Basic Set commands are send</lang>
              </description>
          </assocGroup>
      </assocGroups>
  
  
    
  
    <resourceLinks>
     
    <deviceImage url="http://www.pepper1.net/zwavedb/uploads/resources/c34d95327ea5f7c7ecf60efa336dcf3b564f1043.jpg" />
      </resourceLinks>
    
  </ZWaveDevice>


