<?xml version="1.0" encoding="utf-8"?>
<ZWaveDevice xmlns="http://www.pepper1.net/zwavedb/xml-schemata/z-wave" schemaVersion="2">

  <descriptorVersion>1</descriptorVersion>

  <deviceData>
            <manufacturerId value="0109"/>
        <productType value="2006"/>
    <productId value="0620"/>
    <libType value="03"/>
    <protoVersion value="03"/>
    <protoSubVersion value="40"/>
    <appVersion value="05"/>
    <appSubVersion value="05"/>
        <basicClass value="04"/>
            <genericClass value="40"/>
            <specificClass value="03"/>
        <optional value="true"/>
    <listening value="false"/>
    <routing value="true"/>
        <beamSensor>1000</beamSensor>
            <rfFrequency>EU</rfFrequency>
            <certId>14760</certId>
            <certNumber>ZC08-12040003</certNumber>
        
      </deviceData>

  <deviceDescription>
                <description>
            <lang xml:lang="de">Türschloss mit User Code Management, Logging und Zeitplan Einstellung</lang>
            <lang xml:lang="en">Door Lock with User Code management and Logging and schedule setting</lang>
          </description>
            <wakeupNote>
            <lang xml:lang="de"></lang>
            <lang xml:lang="en"></lang>
          </wakeupNote>
            <inclusionNote>
            <lang xml:lang="de">Drücken Sie &#039;C&#039;, &#039;8&#039;, &#039;8&#039;, &#039;8&#039;  auf dem Nummernfeld und betätigen Sie die Türverriegelung auf der Innenseite der Tür.</lang>
            <lang xml:lang="en">Press Keypads &#039;C&#039;, &#039;8&#039;, &#039;8&#039;, &#039;8&#039; and manually turn the door lock from inside to be excluded</lang>
          </inclusionNote>
            <productName>Door Lock for Security</productName>
            <brandName>Vision</brandName>
            <productLine>Home Security</productLine>
            <productCode>06</productCode>
            <productVersion>20</productVersion>
                    </deviceDescription>

    <commandClasses>
        <commandClass id="0080" secure="true"/>
        <commandClass id="0020" inNIF="false" secure="true" nonSecure="false"/>
        <commandClass id="0062" inNIF="false" secure="true" nonSecure="false"/>
        <commandClass id="0063" inNIF="false" secure="true" nonSecure="false"/>
        <commandClass id="0085" inNIF="false" secure="true" nonSecure="false"/>
        <commandClass id="0086" secure="true"/>
        <commandClass id="008b" inNIF="false" secure="true" nonSecure="false"/>
        <commandClass id="004c" inNIF="false" secure="true" nonSecure="false"/>
        <commandClass id="004e" inNIF="false" secure="true" nonSecure="false"/>
        <commandClass id="0072" secure="true"/>
        <commandClass id="0098"/>
      </commandClasses>
  
    <assocGroups>
        <assocGroup number="1" maxNodes="5">
            <description>
                <lang xml:lang="de">Ziel für Door Lock Operation Report Befehle</lang>
                <lang xml:lang="en">Target for Door Lock Operation Report commands</lang>
              </description>
          </assocGroup>
      </assocGroups>
  
  
    
  
    <resourceLinks>
     
    <deviceImage url="http://www.pepper1.net/zwavedb/uploads/resources/39c08523d11566be22efa9abefd335be6f46dc1d.jpg" />
      </resourceLinks>
    
  </ZWaveDevice>


