<?xml version="1.0" encoding="utf-8"?>
<ZWaveDevice xmlns="http://www.pepper1.net/zwavedb/xml-schemata/z-wave" schemaVersion="2">

  <descriptorVersion>1</descriptorVersion>

  <deviceData>
            <manufacturerId value="0047"/>
        <productType value="5a52"/>
    <productId value="5400"/>
    <libType value="00"/>
    <protoVersion value="03"/>
    <protoSubVersion value="14"/>
    <appVersion value="00"/>
    <appSubVersion value="00"/>
        <basicClass value="02"/>
            <genericClass value="11"/>
            <specificClass value="05"/>
        <optional value="true"/>
    <listening value="true"/>
    <routing value="true"/>
            <rfFrequency>US</rfFrequency>
            <certId>14309</certId>
            
      </deviceData>

  <deviceDescription>
                <description>
            <lang xml:lang="de">Z-Wave RTS-Schnittstelle</lang>
            <lang xml:lang="en">Z-Wave to RTS Interface</lang>
          </description>
            <wakeupNote>
            <lang xml:lang="de"></lang>
            <lang xml:lang="en"></lang>
          </wakeupNote>
            <inclusionNote>
            <lang xml:lang="de">Versetzen Sie das ZRTSI in den Z-Wave Node Include Modus. Halten Sie hierzu den S-BUTTON gedrückt, während Sie das ZRTSI einschalten. Leuchtet die S-LED dauerhaft gelb, so befindet sich das  Gerät im Z-Wave Node Include Mode. Drücken Sie anschließend die Z-Taste (ca. 3 Sekunden) bis die Z-LED mit blinken beginnt.</lang>
            <lang xml:lang="en">Enable the Zwave Node Include Mode on the ZRTSI and Press &amp; hold the Z-BUTTON until the Z-LED begins to flash (approximately 3 seconds)</lang>
          </inclusionNote>
            <productName>ZRTSI</productName>
            <brandName>Z-Wave to RTS Interface</brandName>
            <productLine>RTS</productLine>
            <productCode>1870202</productCode>
            <productVersion>0.95</productVersion>
                    </deviceDescription>

    <commandClasses>
        <commandClass id="0020"/>
        <commandClass id="0025"/>
        <commandClass id="0021"/>
        <commandClass id="0072"/>
        <commandClass id="0026" version="3"/>
        <commandClass id="002b"/>
        <commandClass id="002c"/>
        <commandClass id="0086"/>
      </commandClasses>
  
  
  
    
  
    
  </ZWaveDevice>


