<?xml version="1.0" encoding="utf-8"?>
<ZWaveDevice xmlns="http://www.pepper1.net/zwavedb/xml-schemata/z-wave" schemaVersion="2">

  <descriptorVersion>1</descriptorVersion>

  <deviceData>
            <manufacturerId value="0060"/>
        <productType value="0003"/>
    <productId value="0001"/>
    <libType value="00"/>
    <protoVersion value="02"/>
    <protoSubVersion value="4e"/>
    <appVersion value="00"/>
    <appSubVersion value="00"/>
        <basicClass value="03"/>
            <genericClass value="11"/>
            <specificClass value="01"/>
        <optional value="false"/>
    <listening value="true"/>
    <routing value="true"/>
            <rfFrequency>Malaysia</rfFrequency>
            <certId>14312</certId>
            
      </deviceData>

  <deviceDescription>
                <description>
            <lang xml:lang="de">Plug-in Dimmer</lang>
            <lang xml:lang="en">Plug-in Dimmer</lang>
          </description>
            <wakeupNote>
            <lang xml:lang="de"></lang>
            <lang xml:lang="en"></lang>
          </wakeupNote>
            <inclusionNote>
            <lang xml:lang="de">Drücken Sie die Taste an der Vorderseite des Gerätes.</lang>
            <lang xml:lang="en">Press the operation button on the front of the module</lang>
          </inclusionNote>
            <productName>Z-Wave Dimmer/Lamp module Plug - 300 Series</productName>
            <brandName>MK</brandName>
                <productCode>LPTDM1M</productCode>
            <productVersion>1.0</productVersion>
                    </deviceDescription>

    <commandClasses>
        <commandClass id="0020"/>
        <commandClass id="0026"/>
        <commandClass id="0027"/>
        <commandClass id="0075"/>
        <commandClass id="0072"/>
        <commandClass id="0086"/>
      </commandClasses>
  
  
  
    
  
    
  </ZWaveDevice>


