<?xml version="1.0" encoding="utf-8"?>
<ZWaveDevice xmlns="http://www.pepper1.net/zwavedb/xml-schemata/z-wave" schemaVersion="2">

  <descriptorVersion>1</descriptorVersion>

  <deviceData>
            <manufacturerId value="0005"/>
        <productType value="5045"/>
    <productId value="0953"/>
    <libType value="00"/>
    <protoVersion value="02"/>
    <protoSubVersion value="4e"/>
    <appVersion value="00"/>
    <appSubVersion value="00"/>
        <basicClass value="01"/>
            <genericClass value="01"/>
            <specificClass value="01"/>
        <optional value="true"/>
    <listening value="false"/>
    <routing value="false"/>
            <rfFrequency>US</rfFrequency>
            <certId>14473</certId>
            <certNumber>ZC08-11110011</certNumber>
        
      </deviceData>

  <deviceDescription>
                <description>
            <lang xml:lang="en">Remote Controller for Pool and Spa</lang>
          </description>
            <wakeupNote>
            <lang xml:lang="en"></lang>
          </wakeupNote>
            <inclusionNote>
            <lang xml:lang="en"></lang>
          </inclusionNote>
            <productName>Five Channel Wireless Remote Controller</productName>
            <brandName>MultiWave</brandName>
            <productLine>Pool and Spa Controls</productLine>
            <productCode>PE953</productCode>
            <productVersion>3.1</productVersion>
                    </deviceDescription>

    <commandClasses>
        <commandClass id="0085" controlled="true"/>
        <commandClass id="0020" controlled="true"/>
        <commandClass id="0025" controlled="true"/>
        <commandClass id="0081" controlled="true"/>
        <commandClass id="0021" controlled="true"/>
        <commandClass id="0091" controlled="true"/>
        <commandClass id="0072"/>
        <commandClass id="0060" version="2" controlled="true"/>
        <commandClass id="0073"/>
        <commandClass id="0088"/>
        <commandClass id="0043" controlled="true"/>
        <commandClass id="0086"/>
        <commandClass id="0070" controlled="true"/>
      </commandClasses>
  
    <assocGroups>
        <assocGroup number="1" maxNodes="5">
            <description>
                <lang xml:lang="en">Lifeline</lang>
              </description>
          </assocGroup>
      </assocGroups>
  
    <configParams>
        <configParam number="1" type="bitrange" size="2" default="0000">
            <name>
                <lang xml:lang="en">Operation Mode</lang>
              </name>
                  <description>
                <lang xml:lang="en">The PE653 has several settings that modify the PE653 circuit behaviors and inter-dependencies.  These settings and modes are defined in detail in the User manual.  </lang>
              </description>
      
          </configParam>
        <configParam number="2" type="constant" size="1" default="00">
            <name>
                <lang xml:lang="en">Fireman Timeout</lang>
              </name>
                  <description>
                <lang xml:lang="en">Used to Disable, enable and set fireman cool down durations for preventing heater over heating.</lang>
              </description>
      
                  <value from="ff" to="ff">
                <description>
                    <lang xml:lang="en">Fireman Disabled (no heater installed)</lang>
                  </description>
              </value>
            <value from="00" to="00">
                <description>
                    <lang xml:lang="en">Fireman Enabled (heater installed) with no cool down period</lang>
                  </description>
              </value>
            <value from="01" to="01">
                <description>
                    <lang xml:lang="en">Fireman Enabled (heater installed) with cool down period = 1 minute</lang>
                  </description>
              </value>
            <value from="02" to="02">
                <description>
                    <lang xml:lang="en">Fireman Enabled (heater installed) with cool down period = 2 minute</lang>
                  </description>
              </value>
            <value from="03" to="03">
                <description>
                    <lang xml:lang="en">Fireman Enabled (heater installed) with cool down period = 3 minute</lang>
                  </description>
              </value>
            <value from="04" to="04">
                <description>
                    <lang xml:lang="en">Fireman Enabled (heater installed) with cool down period = 4 minute</lang>
                  </description>
              </value>
            <value from="05" to="05">
                <description>
                    <lang xml:lang="en">Fireman Enabled (heater installed) with cool down period = 5 minute</lang>
                  </description>
              </value>
            <value from="06" to="06">
                <description>
                    <lang xml:lang="en">Fireman Enabled (heater installed) with cool down period = 6 minute</lang>
                  </description>
              </value>
            <value from="07" to="07">
                <description>
                    <lang xml:lang="en">Fireman Enabled (heater installed) with cool down period = 7 minute</lang>
                  </description>
              </value>
            <value from="08" to="08">
                <description>
                    <lang xml:lang="en">Fireman Enabled (heater installed) with cool down period = 8 minute</lang>
                  </description>
              </value>
            <value from="09" to="09">
                <description>
                    <lang xml:lang="en">Fireman Enabled (heater installed) with cool down period = 9 minute</lang>
                  </description>
              </value>
            <value from="0a" to="0a">
                <description>
                    <lang xml:lang="en">Fireman Enabled (heater installed) with cool down period = 10 minute</lang>
                  </description>
              </value>
            <value from="0b" to="0b">
                <description>
                    <lang xml:lang="en">Fireman Enabled (heater installed) with cool down period = 11 minute</lang>
                  </description>
              </value>
            <value from="0c" to="0c">
                <description>
                    <lang xml:lang="en">Fireman Enabled (heater installed) with cool down period = 12 minute</lang>
                  </description>
              </value>
            <value from="0d" to="0d">
                <description>
                    <lang xml:lang="en">Fireman Enabled (heater installed) with cool down period = 13 minute</lang>
                  </description>
              </value>
            <value from="0e" to="0e">
                <description>
                    <lang xml:lang="en">Fireman Enabled (heater installed) with cool down period = 14 minute</lang>
                  </description>
              </value>
            <value from="0f" to="0f">
                <description>
                    <lang xml:lang="en">Fireman Enabled (heater installed) with cool down period = 15 minute</lang>
                  </description>
              </value>
                </configParam>
        <configParam number="3" type="bitrange" size="4" default="00000000">
            <name>
                <lang xml:lang="en">Temperature Calibration Offsets </lang>
              </name>
                  <description>
                <lang xml:lang="en">Sets temperature offsets which will then be applied to the actual pool and/or spa temperature measured by the PE653.</lang>
              </description>
      
                  <value from="00000000" to="00000007" unit="°F">
                <description>
                    <lang xml:lang="en">The ‘configurationValue1’ byte sets the amount of compensation you wish to apply to the actual water (pool/spa) reading taken by the PE653.  This value is an offset in degrees Fahrenheit and may have the value of -20F to +20F (in 1 degree increments), inclusive.  Only whole number offsets are allowed.  A setting of zero results in NO offset being applied.</lang>
                  </description>
              </value>
            <value from="00000008" to="0000000f" unit="°F">
                <description>
                    <lang xml:lang="en">The ‘configurationValue2’ byte sets the amount of compensation you wish to apply to the actual Air (freeze protection) reading taken by the PE653.  This value is an offset in degrees Fahrenheit and may have the value of -20F to +20F (in 1 degree increments), inclusive.  Only whole number offsets are allowed.  A setting of zero results in NO offset being applied.</lang>
                  </description>
              </value>
            <value from="00000010" to="0000001f" reserved="true">
                <description>
                    <lang xml:lang="en">The ‘configurationValue3’ byte shall always be set to zero.
The ‘configurationValue4’ byte shall always be set to zero.
</lang>
                  </description>
              </value>
                </configParam>
      </configParams>
  
    
  
    
  </ZWaveDevice>


