<?xml version="1.0" encoding="utf-8"?>
<ZWaveDevice xmlns="http://www.pepper1.net/zwavedb/xml-schemata/z-wave" schemaVersion="2">

  <descriptorVersion>1</descriptorVersion>

  <deviceData>
            <manufacturerId value="0110"/>
        <productType value="2411"/>
    <productId value="0001"/>
    <libType value="00"/>
    <protoVersion value="02"/>
    <protoSubVersion value="4e"/>
    <appVersion value="00"/>
    <appSubVersion value="00"/>
        <basicClass value="04"/>
            <genericClass value="10"/>
            <specificClass value="00"/>
        <optional value="false"/>
    <listening value="true"/>
    <routing value="true"/>
            <rfFrequency>US</rfFrequency>
            <certId>14476</certId>
            <certNumber>ZC08-11110003</certNumber>
        
      </deviceData>

  <deviceDescription>
                <description>
            <lang xml:lang="de">Eine einfacher, aber einzigartig gestalteter Z-Wave Funk-Wandschalter</lang>
            <lang xml:lang="en">A simple but uniquely designed Z-Wave wireless wall switch</lang>
          </description>
            <wakeupNote>
            <lang xml:lang="de"></lang>
            <lang xml:lang="en"></lang>
          </wakeupNote>
            <inclusionNote>
            <lang xml:lang="de">Drücken und halten Sie die obere Taste auf Ihrem NanoGrid für 3 Sekunden. Konnte das Nanogrid erfolgreich inkludiert werden, so wird dies mit ein Signalton bestätigt.</lang>
            <lang xml:lang="en">Press and hold the top button 
on your nanogrid switch for 3  seconds. Release when the beep confirms your switch has been added</lang>
          </inclusionNote>
            <productName>Nanogird Wireless Light Switch</productName>
            <brandName>Nanogrid</brandName>
            <productLine>FDN Light Switch</productLine>
            <productCode>FDN23xx</productCode>
                        </deviceDescription>

    <commandClasses>
        <commandClass id="0020"/>
        <commandClass id="0025"/>
        <commandClass id="0072"/>
        <commandClass id="0060" version="2"/>
        <commandClass id="0031" version="3"/>
        <commandClass id="0086"/>
      </commandClasses>
  
  
  
    
  
    <resourceLinks>
      </resourceLinks>
    
  </ZWaveDevice>


