<?xml version="1.0" encoding="utf-8"?>
<ZWaveDevice xmlns="http://www.pepper1.net/zwavedb/xml-schemata/z-wave" schemaVersion="2">

  <descriptorVersion>1</descriptorVersion>

  <deviceData>
            <manufacturerId value="0039"/>
        <productType value="0001"/>
    <productId value="0001"/>
    <libType value="00"/>
    <protoVersion value="02"/>
    <protoSubVersion value="16"/>
    <appVersion value="00"/>
    <appSubVersion value="00"/>
        <basicClass value="02"/>
            <genericClass value="02"/>
            <specificClass value="00"/>
        <optional value="false"/>
    <listening value="true"/>
    <routing value="false"/>
            <rfFrequency>US</rfFrequency>
            <certId>14554</certId>
            <certNumber>ZC08-12050002</certNumber>
        
      </deviceData>

  <deviceDescription>
                <description>
            <lang xml:lang="en">Connected Home Controller</lang>
          </description>
            <wakeupNote>
            <lang xml:lang="en"></lang>
          </wakeupNote>
            <inclusionNote>
            <lang xml:lang="en"></lang>
          </inclusionNote>
            <productName>Tuxedo Touch</productName>
            <brandName>Honeywell</brandName>
            <productLine>Home Security</productLine>
                            </deviceDescription>

    <commandClasses>
        <commandClass id="0085" controlled="true" inNIF="false"/>
        <commandClass id="0025" controlled="true" inNIF="false"/>
        <commandClass id="0062" controlled="true" inNIF="false"/>
        <commandClass id="0072" controlled="true"/>
        <commandClass id="0031" controlled="true" inNIF="false"/>
        <commandClass id="0026" controlled="true" inNIF="false"/>
        <commandClass id="0098" controlled="true"/>
        <commandClass id="0040" controlled="true" inNIF="false"/>
        <commandClass id="0042" controlled="true" inNIF="false"/>
        <commandClass id="0043" controlled="true" inNIF="false"/>
      </commandClasses>
  
  
  
    
  
    
  </ZWaveDevice>


