<?xml version="1.0" encoding="utf-8"?>
<ZWaveDevice xmlns="http://www.pepper1.net/zwavedb/xml-schemata/z-wave" schemaVersion="2">

  <descriptorVersion>1</descriptorVersion>

  <deviceData>
            <manufacturerId value="0116"/>
        <productType value="0002"/>
    <productId value="0001"/>
    <libType value="00"/>
    <protoVersion value="02"/>
    <protoSubVersion value="4e"/>
    <appVersion value="00"/>
    <appSubVersion value="00"/>
        <basicClass value="04"/>
            <genericClass value="20"/>
            <specificClass value="01"/>
        <optional value="true"/>
    <listening value="false"/>
    <routing value="false"/>
            <rfFrequency>EU</rfFrequency>
            <certId>14581</certId>
            <certNumber>ZC08-11090007</certNumber>
        
      </deviceData>

  <deviceDescription>
                <description>
            <lang xml:lang="en">Door or Window Sensor</lang>
          </description>
            <wakeupNote>
            <lang xml:lang="en"></lang>
          </wakeupNote>
            <inclusionNote>
            <lang xml:lang="en"> </lang>
          </inclusionNote>
            <productName>Z-Wave Magnetic Detector - 300 Series</productName>
            <brandName>Chromagic</brandName>
            <productLine>Chromagic Z-Wave Products</productLine>
            <productCode>HSM02-1</productCode>
            <productVersion>1.1</productVersion>
                    </deviceDescription>

    <commandClasses>
        <commandClass id="0071"/>
        <commandClass id="0085"/>
        <commandClass id="0020" controlled="true"/>
        <commandClass id="0080"/>
        <commandClass id="0030"/>
        <commandClass id="0070"/>
        <commandClass id="0072"/>
        <commandClass id="0086"/>
        <commandClass id="0084"/>
      </commandClasses>
  
  
  
    
  
    
  </ZWaveDevice>


