<?xml version="1.0" encoding="utf-8"?>
<ZWaveDevice xmlns="http://www.pepper1.net/zwavedb/xml-schemata/z-wave" schemaVersion="2">

  <descriptorVersion>1</descriptorVersion>

  <deviceData>
            <manufacturerId value="0060"/>
        <productType value="000c"/>
    <productId value="0001"/>
    <libType value="00"/>
    <protoVersion value="02"/>
    <protoSubVersion value="40"/>
    <appVersion value="00"/>
    <appSubVersion value="00"/>
        <basicClass value="04"/>
            <genericClass value="10"/>
            <specificClass value="00"/>
        <optional value="true"/>
    <listening value="false"/>
    <routing value="false"/>
            <rfFrequency>Australia and New Zealand</rfFrequency>
            <certId>14660</certId>
            <certNumber>ZC08-12020009</certNumber>
        
      </deviceData>

  <deviceDescription>
                <description>
            <lang xml:lang="en">Indoor Siren</lang>
          </description>
            <wakeupNote>
            <lang xml:lang="en"></lang>
          </wakeupNote>
            <inclusionNote>
            <lang xml:lang="en"></lang>
          </inclusionNote>
            <productName>Z-WAVE INDOOR SIREN (ANZ) - 300 SERIES</productName>
            <brandName>EVERSPRING</brandName>
            <productLine>EVERSPRING Z-WAVE PRODUCTS</productLine>
            <productCode>SE812-ANZ</productCode>
            <productVersion>1.4</productVersion>
            <batteryType>4 * LR14</batteryType>
                </deviceDescription>

    <commandClasses>
        <commandClass id="0071"/>
        <commandClass id="0085" version="2"/>
        <commandClass id="0020"/>
        <commandClass id="0080"/>
        <commandClass id="0025"/>
        <commandClass id="0072"/>
        <commandClass id="0086"/>
      </commandClasses>
  
  
  
    
  
    
  </ZWaveDevice>


