<?xml version="1.0" encoding="utf-8"?>
<ZWaveDevice xmlns="http://www.pepper1.net/zwavedb/xml-schemata/z-wave" schemaVersion="2">

  <descriptorVersion>1</descriptorVersion>

  <deviceData>
            <manufacturerId value="0060"/>
        <productType value="000d"/>
    <productId value="0001"/>
    <libType value="00"/>
    <protoVersion value="02"/>
    <protoSubVersion value="40"/>
    <appVersion value="00"/>
    <appSubVersion value="00"/>
        <basicClass value="04"/>
            <genericClass value="a1"/>
            <specificClass value="06"/>
        <optional value="true"/>
    <listening value="false"/>
    <routing value="false"/>
            <rfFrequency>Australia and New Zealand</rfFrequency>
            <certId>14662</certId>
            <certNumber>ZC08-12020010</certNumber>
        
      </deviceData>

  <deviceDescription>
                <description>
            <lang xml:lang="en">Smoke Sensor</lang>
          </description>
            <wakeupNote>
            <lang xml:lang="en"></lang>
          </wakeupNote>
            <inclusionNote>
            <lang xml:lang="en"></lang>
          </inclusionNote>
            <productName>Z-Wave Smoke Sensor (ANZ) - 300 Series</productName>
            <brandName>Everspring</brandName>
            <productLine>Everspring Z-Wave Products</productLine>
            <productCode>SF812-ANZ</productCode>
            <productVersion>1.6</productVersion>
                    </deviceDescription>

    <commandClasses>
        <commandClass id="0071"/>
        <commandClass id="009c"/>
        <commandClass id="0085" version="2"/>
        <commandClass id="0020"/>
        <commandClass id="0080"/>
        <commandClass id="0072"/>
        <commandClass id="0086"/>
      </commandClasses>
  
  
  
    
  
    
  </ZWaveDevice>


