<?xml version="1.0" encoding="utf-8"?>
<ZWaveDevice xmlns="http://www.pepper1.net/zwavedb/xml-schemata/z-wave" schemaVersion="2">

  <descriptorVersion>1</descriptorVersion>

  <deviceData>
            <manufacturerId value="011f"/>
        <productType value="0001"/>
    <productId value="0002"/>
    <libType value="00"/>
    <protoVersion value="03"/>
    <protoSubVersion value="1c"/>
    <appVersion value="00"/>
    <appSubVersion value="00"/>
        <basicClass value="04"/>
            <genericClass value="20"/>
            <specificClass value="01"/>
        <optional value="true"/>
    <listening value="false"/>
    <routing value="false"/>
            <rfFrequency>US</rfFrequency>
            <certId>14699</certId>
            
      </deviceData>

  <deviceDescription>
                <description>
            <lang xml:lang="en">Door and Window Sensor</lang>
          </description>
            <wakeupNote>
            <lang xml:lang="en"></lang>
          </wakeupNote>
            <inclusionNote>
            <lang xml:lang="en"></lang>
          </inclusionNote>
            <productName>Ecolink Z-Wave Door/Window Sensor</productName>
            <brandName>Ingersoll Rand Z-Wave Door/Window Sensor</brandName>
            <productLine>Schlage</productLine>
            <productCode>DWZWAVE1</productCode>
            <productVersion>1</productVersion>
                    </deviceDescription>

    <commandClasses>
        <commandClass id="0071"/>
        <commandClass id="0085" version="2"/>
        <commandClass id="0020" controlled="true"/>
        <commandClass id="0080"/>
        <commandClass id="0030"/>
        <commandClass id="0072"/>
        <commandClass id="0086"/>
        <commandClass id="0084" version="2"/>
      </commandClasses>
  
  
  
    
  
    
  </ZWaveDevice>


