<?xml version="1.0" encoding="utf-8"?>
<ZWaveDevice xmlns="http://www.pepper1.net/zwavedb/xml-schemata/z-wave" schemaVersion="2">

  <descriptorVersion>1</descriptorVersion>

  <deviceData>
            <manufacturerId value="0060"/>
        <productType value="0004"/>
    <productId value="0002"/>
    <libType value="00"/>
    <protoVersion value="03"/>
    <protoSubVersion value="22"/>
    <appVersion value="00"/>
    <appSubVersion value="00"/>
        <basicClass value="04"/>
            <genericClass value="10"/>
            <specificClass value="01"/>
        <optional value="true"/>
    <listening value="true"/>
    <routing value="false"/>
            <rfFrequency>EU</rfFrequency>
            <certId>14799</certId>
            
      </deviceData>

  <deviceDescription>
                <description>
            <lang xml:lang="en">Plug-in On/Off Switch</lang>
          </description>
            <wakeupNote>
            <lang xml:lang="en"></lang>
          </wakeupNote>
            <inclusionNote>
            <lang xml:lang="en"></lang>
          </inclusionNote>
            <productName>Z-Wave ON/OFF Plug with power metering (EU) - 300 Series</productName>
            <brandName>Everspring</brandName>
            <productLine>Everspring Z-Wave Products</productLine>
            <productCode>AN158-X</productCode>
            <productVersion>2.0</productVersion>
                    </deviceDescription>

    <commandClasses>
        <commandClass id="0071"/>
        <commandClass id="0027"/>
        <commandClass id="0085" version="2"/>
        <commandClass id="0020" controlled="true"/>
        <commandClass id="0025"/>
        <commandClass id="0070"/>
        <commandClass id="0072"/>
        <commandClass id="0032" version="2"/>
        <commandClass id="0086"/>
      </commandClasses>
  
  
  
    
  
    
  </ZWaveDevice>


