<?xml version="1.0" encoding="utf-8"?>
<ZWaveDevice xmlns="http://www.pepper1.net/zwavedb/xml-schemata/z-wave" schemaVersion="2">

  <descriptorVersion>1</descriptorVersion>

  <deviceData>
            <manufacturerId value="0116"/>
        <productType value="0011"/>
    <productId value="0001"/>
    <libType value="00"/>
    <protoVersion value="02"/>
    <protoSubVersion value="61"/>
    <appVersion value="00"/>
    <appSubVersion value="00"/>
        <basicClass value="04"/>
            <genericClass value="10"/>
            <specificClass value="01"/>
        <optional value="false"/>
    <listening value="true"/>
    <routing value="false"/>
            <rfFrequency>EU</rfFrequency>
            <certId>14341</certId>
            <certNumber>ZC08-11090012</certNumber>
        
      </deviceData>

  <deviceDescription>
                <description>
            <lang xml:lang="en">Plug-in On/Off Switch</lang>
          </description>
            <wakeupNote>
            <lang xml:lang="en"></lang>
          </wakeupNote>
            <inclusionNote>
            <lang xml:lang="en">Pressing On/Off button three times within 1.5 seconds</lang>
          </inclusionNote>
            <productName>Z-Wave In Wall Switch (EU) - 300 Series</productName>
            <brandName>Chromagic</brandName>
            <productLine>Chromagic Z-Wave Products</productLine>
            <productCode>HAN01</productCode>
            <productVersion>1.0</productVersion>
                    </deviceDescription>

    <commandClasses>
        <commandClass id="0027"/>
        <commandClass id="0020"/>
        <commandClass id="0025"/>
        <commandClass id="0072"/>
        <commandClass id="0086"/>
      </commandClasses>
  
  
  
    
  
    <resourceLinks>
      </resourceLinks>
    
  </ZWaveDevice>


