<?xml version="1.0" encoding="utf-8"?>
<ZWaveDevice xmlns="http://www.pepper1.net/zwavedb/xml-schemata/z-wave" schemaVersion="2">

  <descriptorVersion>1</descriptorVersion>

  <deviceData>
            <manufacturerId value="0116"/>
        <productType value="0001"/>
    <productId value="0001"/>
    <libType value="00"/>
    <protoVersion value="02"/>
    <protoSubVersion value="40"/>
    <appVersion value="00"/>
    <appSubVersion value="00"/>
        <basicClass value="04"/>
            <genericClass value="20"/>
            <specificClass value="01"/>
        <optional value="true"/>
    <listening value="false"/>
    <routing value="false"/>
            <rfFrequency>EU</rfFrequency>
            <certId>14375</certId>
            
      </deviceData>

  <deviceDescription>
                <description>
            <lang xml:lang="de">Bewegungsmelder</lang>
            <lang xml:lang="en">Motion Sensor</lang>
          </description>
            <wakeupNote>
            <lang xml:lang="de"></lang>
            <lang xml:lang="en"></lang>
          </wakeupNote>
            <inclusionNote>
            <lang xml:lang="de">Drücken Sie die Taste für das Inkludieren 3 mal innerhalb von 1,5 Sekunden</lang>
            <lang xml:lang="en">Press the link key 3 times within 1.5 seconds.</lang>
          </inclusionNote>
            <productName>Z-Wave Motion Detector - 300 Series</productName>
            <brandName>Chromagic</brandName>
            <productLine>Chromagic Z-Wave Products</productLine>
            <productCode>HSP02-1</productCode>
            <productVersion>1.0</productVersion>
                    </deviceDescription>

    <commandClasses>
        <commandClass id="0085"/>
        <commandClass id="0020" controlled="true"/>
        <commandClass id="0080"/>
        <commandClass id="0030"/>
        <commandClass id="0070"/>
        <commandClass id="0072"/>
        <commandClass id="0086"/>
        <commandClass id="0084"/>
      </commandClasses>
  
    <assocGroups>
        <assocGroup number="1" maxNodes="1">
            <description>
                <lang xml:lang="de">Der assoziierte Knoten empfängt einen Alarm Report sobald der Bewegungssensor eingeschalten wurde, einen Sensor Binary Report falls der Sensor augelöst wird und eine Benachrichtigung sobald es notwendig wird die Batterie zu wechseln.</lang>
                <lang xml:lang="en">Target for Alarm Report to inform the receiving device that the Unit is powered up, for Sensor Binary Report to inform there is an intrusion event and target for Low Battery Report.</lang>
              </description>
          </assocGroup>
        <assocGroup number="2" maxNodes="3">
            <description>
                <lang xml:lang="de">Wird der Sensor ausgelöst, so sendet der Bewegungsmelder ein Basic Set an alle Knoten in dieser Gruppe.</lang>
                <lang xml:lang="en">When the detector is triggered, the unit will send a Basic Set command to associated devices.</lang>
              </description>
          </assocGroup>
      </assocGroups>
  
    <configParams>
        <configParam number="1" type="range" size="1" default="63">
            <name>
                <lang xml:lang="de">Basic Set level</lang>
                <lang xml:lang="en">Basic Set level</lang>
              </name>
                  <description>
                <lang xml:lang="de"></lang>
                <lang xml:lang="en"></lang>
              </description>
      
                  <value from="01" to="63">
                <description>
                    <lang xml:lang="de"></lang>
                    <lang xml:lang="en"></lang>
                  </description>
              </value>
                </configParam>
        <configParam number="2" type="constant" size="1" default="01">
            <name>
                <lang xml:lang="de">Enabling/Disabling Sensor Detecting Function</lang>
                <lang xml:lang="en">Enabling/Disabling Sensor Detecting Function</lang>
              </name>
                  <description>
                <lang xml:lang="de"></lang>
                <lang xml:lang="en"></lang>
              </description>
      
                  <value from="00" to="00">
                <description>
                    <lang xml:lang="de">deaktiviert</lang>
                    <lang xml:lang="en">disable</lang>
                  </description>
              </value>
            <value from="01" to="01">
                <description>
                    <lang xml:lang="de">aktiviert</lang>
                    <lang xml:lang="en">enable</lang>
                  </description>
              </value>
                </configParam>
        <configParam number="3" type="range" size="1" default="06">
            <name>
                <lang xml:lang="de">Sensitivity Level (nur PIR sensor)</lang>
                <lang xml:lang="en">Sensitivity Level (PIR sensor only)</lang>
              </name>
                  <description>
                <lang xml:lang="de"></lang>
                <lang xml:lang="en"></lang>
              </description>
      
                  <value from="01" to="0a">
                <description>
                    <lang xml:lang="de"></lang>
                    <lang xml:lang="en"></lang>
                  </description>
              </value>
                </configParam>
        <configParam number="4" type="range" size="2" default="0005">
            <name>
                <lang xml:lang="de">Re-trigger Interval Setting (nur PIR sensor)</lang>
                <lang xml:lang="en">Re-trigger Interval Setting (PIR sensor only)</lang>
              </name>
                  <description>
                <lang xml:lang="de"></lang>
                <lang xml:lang="en"></lang>
              </description>
      
                  <value from="0005" to="0e10" unit="s">
                <description>
                    <lang xml:lang="de"></lang>
                    <lang xml:lang="en"></lang>
                  </description>
              </value>
                </configParam>
        <configParam number="5" type="range" size="1" default="0a">
            <name>
                <lang xml:lang="de">Lux Level</lang>
                <lang xml:lang="en">Lux Level</lang>
              </name>
                  <description>
                <lang xml:lang="de"></lang>
                <lang xml:lang="en"></lang>
              </description>
      
                  <value from="01" to="64" unit="%">
                <description>
                    <lang xml:lang="de"></lang>
                    <lang xml:lang="en"></lang>
                  </description>
              </value>
                </configParam>
        <configParam number="6" type="range" size="2" default="0005">
            <name>
                <lang xml:lang="de">On-Off Duration</lang>
                <lang xml:lang="en">On-Off Duration</lang>
              </name>
                  <description>
                <lang xml:lang="de"></lang>
                <lang xml:lang="en"></lang>
              </description>
      
                  <value from="0005" to="0e10" unit="s">
                <description>
                    <lang xml:lang="de"></lang>
                    <lang xml:lang="en"></lang>
                  </description>
              </value>
                </configParam>
      </configParams>
  
    
  
    <resourceLinks>
      </resourceLinks>
    
  </ZWaveDevice>


