<?xml version="1.0" encoding="utf-8"?>
<ZWaveDevice xmlns="http://www.pepper1.net/zwavedb/xml-schemata/z-wave" schemaVersion="2">

  <descriptorVersion>1</descriptorVersion>

  <deviceData>
            <manufacturerId value="0116"/>
        <productType value="0010"/>
    <productId value="0001"/>
    <libType value="00"/>
    <protoVersion value="02"/>
    <protoSubVersion value="61"/>
    <appVersion value="00"/>
    <appSubVersion value="00"/>
        <basicClass value="04"/>
            <genericClass value="12"/>
            <specificClass value="01"/>
        <optional value="true"/>
    <listening value="false"/>
    <routing value="false"/>
            <rfFrequency>EU</rfFrequency>
            <certId>14457</certId>
            
      </deviceData>

  <deviceDescription>
                <description>
            <lang xml:lang="en">Remote Controller</lang>
          </description>
            <wakeupNote>
            <lang xml:lang="en"></lang>
          </wakeupNote>
            <inclusionNote>
            <lang xml:lang="en"></lang>
          </inclusionNote>
            <productName>Z-Wave Remote Botton (EU) - 300 Series</productName>
            <brandName>Chromagic</brandName>
            <productLine>Chromagic Z-Wave Products</productLine>
            <productCode>HAC01</productCode>
            <productVersion>1.0</productVersion>
                    </deviceDescription>

    <commandClasses>
        <commandClass id="0085"/>
        <commandClass id="0020" controlled="true" inNIF="false"/>
        <commandClass id="0025" controlled="true" inNIF="false"/>
        <commandClass id="0070"/>
        <commandClass id="0072"/>
        <commandClass id="0086"/>
      </commandClasses>
  
  
  
    
  
    
  </ZWaveDevice>


