<?xml version="1.0" encoding="utf-8"?>
<ZWaveDevice xmlns="http://www.pepper1.net/zwavedb/xml-schemata/z-wave" schemaVersion="2">

  <descriptorVersion>1</descriptorVersion>

  <deviceData>
            <manufacturerId value="0121"/>
        <productType value="0001"/>
    <productId value="0001"/>
    <libType value="00"/>
    <protoVersion value="03"/>
    <protoSubVersion value="14"/>
    <appVersion value="00"/>
    <appSubVersion value="00"/>
        <basicClass value="02"/>
            <genericClass value="02"/>
            <specificClass value="00"/>
        <optional value="true"/>
    <listening value="true"/>
    <routing value="false"/>
            <rfFrequency>US</rfFrequency>
            <certId>14545</certId>
            
      </deviceData>

  <deviceDescription>
                <description>
            <lang xml:lang="en">I-Bridge Z-Wave controller</lang>
          </description>
            <wakeupNote>
            <lang xml:lang="en"></lang>
          </wakeupNote>
            <inclusionNote>
            <lang xml:lang="en"></lang>
          </inclusionNote>
            <productName>I-Bridge Z-Wave Controller</productName>
            <brandName>IBR-ZWAVE</brandName>
            <productLine>I-Bridge</productLine>
            <productCode>IBR-ZW</productCode>
            <productVersion>A</productVersion>
                    </deviceDescription>

    <commandClasses>
        <commandClass id="0020" controlled="true"/>
        <commandClass id="0072"/>
        <commandClass id="0040" version="2" controlled="true"/>
        <commandClass id="0043" version="2" controlled="true"/>
      </commandClasses>
  
  
  
    
  
    
  </ZWaveDevice>


