<?xml version="1.0" encoding="utf-8"?>
<ZWaveDevice xmlns="http://www.pepper1.net/zwavedb/xml-schemata/z-wave" schemaVersion="2">

  <descriptorVersion>1</descriptorVersion>

  <deviceData>
            <manufacturerId value="0000"/>
        <productType value="0000"/>
    <productId value="21ac"/>
    <libType value="06"/>
    <protoVersion value="03"/>
    <protoSubVersion value="25"/>
    <appVersion value="01"/>
    <appSubVersion value="10"/>
        <basicClass value="04"/>
            <genericClass value="01"/>
            <specificClass value="01"/>
        <optional value="true"/>
    <listening value="false"/>
    <routing value="true"/>
        <beamSensor>0</beamSensor>
            <rfFrequency>EU</rfFrequency>
            <certId>14829</certId>
            
      </deviceData>

  <deviceDescription>
                <description>
            <lang xml:lang="de">Fernbedienung EU</lang>
            <lang xml:lang="en">Remote Control EU</lang>
          </description>
            <wakeupNote>
            <lang xml:lang="de">5 Sekunden lang SETUP+Yellow gedrückt halten.</lang>
            <lang xml:lang="en">Press and hold SETUP+Yellow for 5 seconds</lang>
          </wakeupNote>
            <inclusionNote>
            <lang xml:lang="de">Ist das ZiRC exkludiert, so wird der Lernmodus durch drücken einer beliebigen Taste gestartet. Halten Sie SETUP + HOME für 5 Sekunden gedrückt um das Gerät zu exkludieren.</lang>
            <lang xml:lang="en">If the ZiRC is currently excluded, any button press will start learn mode. For subsequent inclusion or exclusion press and hold SETUP+HOME for 5 seconds</lang>
          </inclusionNote>
            <productName>ZiRC</productName>
            <brandName>ZiRC</brandName>
            <productLine>ZiRC</productLine>
            <productCode>ZiRC</productCode>
            <productVersion>1.13</productVersion>
            <batteryType>AAA</batteryType>
            <batteryCount>2</batteryCount>
            </deviceDescription>

    <commandClasses>
        <commandClass id="0080"/>
        <commandClass id="0072"/>
        <commandClass id="0084" version="2"/>
        <commandClass id="0085"/>
        <commandClass id="0086"/>
        <commandClass id="0020" controlled="true" inNIF="false"/>
        <commandClass id="0094" controlled="true" inNIF="false"/>
      </commandClasses>
  
    <assocGroups>
        <assocGroup number="1" maxNodes="4">
            <description>
                <lang xml:lang="de">Ziel für Simple AV Befehle</lang>
                <lang xml:lang="en">Target for Simple AV commands</lang>
              </description>
          </assocGroup>
      </assocGroups>
  
    <configParams>
        <configParam number="1" size="0" default="">
            <name>
                <lang xml:lang="de"></lang>
                <lang xml:lang="en"></lang>
              </name>
                  <description>
                <lang xml:lang="de"></lang>
                <lang xml:lang="en"></lang>
              </description>
      
          </configParam>
      </configParams>
  
    
  
    <resourceLinks>
     
    <deviceImage url="http://www.pepper1.net/zwavedb/uploads/resources/249c9fcdf000bf698ac71727daeabc7382094de5.jpg" />
      </resourceLinks>
    
  </ZWaveDevice>


