<?xml version="1.0" encoding="utf-8"?>
<ZWaveDevice xmlns="http://www.pepper1.net/zwavedb/xml-schemata/z-wave" schemaVersion="2">

  <descriptorVersion>1</descriptorVersion>

  <deviceData>
            <manufacturerId value="0123"/>
        <productType value="0001"/>
    <productId value="0001"/>
    <libType value="03"/>
    <protoVersion value="03"/>
    <protoSubVersion value="2d"/>
    <appVersion value="01"/>
    <appSubVersion value="06"/>
        <basicClass value="04"/>
            <genericClass value="11"/>
            <specificClass value="01"/>
        <optional value="true"/>
    <listening value="true"/>
    <routing value="true"/>
        <beamSensor>0</beamSensor>
            <rfFrequency>Japan (922-926 MHz)</rfFrequency>
            <certId>15331</certId>
            <certNumber>ZC08-13030019</certNumber>
        
      </deviceData>

  <deviceDescription>
                <description>
            <lang xml:lang="en">LED Dimming Unit with Z-Wave control</lang>
          </description>
            <wakeupNote>
            <lang xml:lang="en"></lang>
          </wakeupNote>
            <inclusionNote>
            <lang xml:lang="en">Push &quot;Inclusion/Exclusion Button&quot; of this equipment for a short time.</lang>
          </inclusionNote>
            <productName>Smart-CONNECT調光器Z-Waveタイプ</productName>
                <productLine>LED Dimmer</productLine>
            <productCode>ZW-LC (ZW)</productCode>
            <productVersion>1.06</productVersion>
                    </deviceDescription>

    <commandClasses>
        <commandClass id="0020" inNIF="false"/>
        <commandClass id="0085"/>
        <commandClass id="0086"/>
        <commandClass id="0027"/>
        <commandClass id="0070"/>
        <commandClass id="0091"/>
        <commandClass id="0072"/>
        <commandClass id="0073"/>
        <commandClass id="0026" version="2" controlled="true"/>
      </commandClasses>
  
    <assocGroups>
        <assocGroup number="1" maxNodes="1">
            <description>
                <lang xml:lang="en">Target for unsolicited Multilevel Switch Reports at power on.</lang>
              </description>
          </assocGroup>
      </assocGroups>
  
    <configParams>
        <configParam number="1" type="rangemapped" size="1" default="00">
            <name>
                <lang xml:lang="en">Power On Illuminace Level</lang>
              </name>
                  <description>
                <lang xml:lang="en">Initial illuminance value when ZW-LC powers on.</lang>
              </description>
      
                  <value from="00" to="00">
                <description>
                    <lang xml:lang="en">Off</lang>
                  </description>
              </value>
            <value from="01" to="63">
                <description>
                    <lang xml:lang="en">Dimming Level</lang>
                  </description>
              </value>
                </configParam>
      </configParams>
  
    
  
    <resourceLinks>
     
    <deviceImage url="http://www.pepper1.net/zwavedb/uploads/resources/fc05109db753bdc16bd698340482e69f5764bc5a.jpg" />
      </resourceLinks>
    
  </ZWaveDevice>


