<?xml version="1.0" encoding="utf-8"?>
<ZWaveDevice xmlns="http://www.pepper1.net/zwavedb/xml-schemata/z-wave" schemaVersion="2">

  <descriptorVersion>1</descriptorVersion>

  <deviceData>
            <manufacturerId value="0000"/>
        <productType value="0000"/>
    <productId value="0000"/>
    <libType value="03"/>
    <protoVersion value="03"/>
    <protoSubVersion value="2d"/>
    <appVersion value="01"/>
    <appSubVersion value="00"/>
        <basicClass value="04"/>
            <genericClass value="10"/>
            <specificClass value="00"/>
        <optional value="true"/>
    <listening value="true"/>
    <routing value="true"/>
        <beamSensor>0</beamSensor>
            <rfFrequency>Japan (922-926 MHz)</rfFrequency>
            <certId>15352</certId>
            <certNumber>ZC08-13040003</certNumber>
        
      </deviceData>

  <deviceDescription>
                <description>
            <lang xml:lang="en">JEMA-HA  Adaptor On/Off  Switch</lang>
          </description>
            <wakeupNote>
            <lang xml:lang="en"></lang>
          </wakeupNote>
            <inclusionNote>
            <lang xml:lang="en">Press and hold (3 seconds) the Pairing button (under the Modular jack, the second button from the right side).</lang>
          </inclusionNote>
            <productName>HA Adaptor Type1</productName>
            <brandName>BUFFALO</brandName>
            <productLine>Z-Wave HA</productLine>
            <productCode>TM-H2VHA081</productCode>
            <productVersion>1.0</productVersion>
                    </deviceDescription>

    <commandClasses>
        <commandClass id="0020" inNIF="false" secure="true" nonSecure="false"/>
        <commandClass id="0025" inNIF="false" secure="true" nonSecure="false"/>
        <commandClass id="0086"/>
        <commandClass id="0070" inNIF="false" secure="true" nonSecure="false"/>
        <commandClass id="0071" inNIF="false" secure="true" nonSecure="false"/>
        <commandClass id="0072" version="2"/>
        <commandClass id="0077" inNIF="false" secure="true" nonSecure="false"/>
        <commandClass id="0098"/>
      </commandClasses>
  
  
  
    
  
    <resourceLinks>
     
    <deviceImage url="http://www.pepper1.net/zwavedb/uploads/resources/43a2610b96589371e2b011f22574dd2732b8d61e.jpg" />
      </resourceLinks>
    
  </ZWaveDevice>


