<?xml version="1.0" encoding="utf-8"?>
<ZWaveDevice xmlns="http://www.pepper1.net/zwavedb/xml-schemata/z-wave" schemaVersion="2">

  <descriptorVersion>1</descriptorVersion>

  <deviceData>
            <manufacturerId value="0123"/>
        <productType value="8000"/>
    <productId value="0000"/>
    <libType value="00"/>
    <protoVersion value="00"/>
    <protoSubVersion value="00"/>
    <appVersion value="00"/>
    <appSubVersion value="00"/>
        <basicClass value="02"/>
            <genericClass value="02"/>
            <specificClass value="00"/>
        <optional value="true"/>
    <listening value="true"/>
    <routing value="true"/>
        <beamSensor>0</beamSensor>
            <rfFrequency>Japan (922-926 MHz)</rfFrequency>
            <certId>15333</certId>
            <certNumber>ZC08-13040004</certNumber>
        
      </deviceData>

  <deviceDescription>
                <description>
            <lang xml:lang="en">Controller for  LED Dimming Control System</lang>
          </description>
            <wakeupNote>
            <lang xml:lang="en"></lang>
          </wakeupNote>
            <inclusionNote>
            <lang xml:lang="en">At first  please click [Z-Wave 機器設定  Z-Wave instrument settings] of the menu. Next please click [登録モード開始  register mode initiation] of the &quot;Z-Wave 機器登録/削除/接続一覧 List of Z-Wave equipment registration / removal / connection&quot; display.</lang>
          </inclusionNote>
            <productName>Smart-BRIDGE</productName>
                <productLine>Gateway</productLine>
            <productCode>ZW-GW (ID)</productCode>
            <productVersion>1.01</productVersion>
                    </deviceDescription>

    <commandClasses>
        <commandClass id="0020" controlled="true" inNIF="false"/>
        <commandClass id="0072" controlled="true"/>
        <commandClass id="0085" controlled="true" inNIF="false"/>
        <commandClass id="0030" controlled="true" inNIF="false"/>
        <commandClass id="0080" controlled="true" inNIF="false"/>
        <commandClass id="0070" controlled="true" inNIF="false"/>
        <commandClass id="0091" controlled="true" inNIF="false"/>
        <commandClass id="0031" version="5" controlled="true" inNIF="false"/>
        <commandClass id="0026" version="2" controlled="true" inNIF="false"/>
        <commandClass id="0000" controlled="true" inNIF="false"/>
        <commandClass id="0073" controlled="true" inNIF="false"/>
        <commandClass id="0086" controlled="true" inNIF="false"/>
      </commandClasses>
  
  
  
    
  
    <resourceLinks>
     
    <deviceImage url="http://www.pepper1.net/zwavedb/uploads/resources/2be7a6b390e0650d9e4cf3f01cc85c6038a6ff8c.jpg" />
      </resourceLinks>
    
  </ZWaveDevice>


