<?xml version="1.0" encoding="utf-8"?>
<ZWaveDevice xmlns="http://www.pepper1.net/zwavedb/xml-schemata/z-wave" schemaVersion="2">

  <descriptorVersion>1</descriptorVersion>

  <deviceData>
            <manufacturerId value="0109"/>
        <productType value="2003"/>
    <productId value="0302"/>
    <libType value="06"/>
    <protoVersion value="03"/>
    <protoSubVersion value="28"/>
    <appVersion value="04"/>
    <appSubVersion value="54"/>
        <basicClass value="04"/>
            <genericClass value="20"/>
            <specificClass value="01"/>
        <optional value="true"/>
    <listening value="false"/>
    <routing value="true"/>
        <beamSensor>0</beamSensor>
                    
      </deviceData>

  <deviceDescription>
                <description>
            <lang xml:lang="de">Vibrationssensor</lang>
            <lang xml:lang="en">Shocksensor</lang>
          </description>
            <wakeupNote>
            <lang xml:lang="de">Manipulationsschutzschalter im Gehäuse interen drücken</lang>
            <lang xml:lang="en">Hit Tamper Switch Button</lang>
          </wakeupNote>
            <inclusionNote>
            <lang xml:lang="de">Manipulationsschutzschalter im Gehäuse interen drücken</lang>
            <lang xml:lang="en">Hit Tamper Switch Button</lang>
          </inclusionNote>
            <productName>ZS5101EU 2013</productName>
                            <batteryType>CR123A</batteryType>
            <batteryCount>1</batteryCount>
            </deviceDescription>

    <commandClasses>
        <commandClass id="0080"/>
        <commandClass id="0020" inNIF="false"/>
        <commandClass id="0084" version="2"/>
        <commandClass id="0085" version="2"/>
        <commandClass id="0086"/>
        <commandClass id="0030"/>
        <commandClass id="0071" version="2"/>
        <commandClass id="0072"/>
      </commandClasses>
  
    <assocGroups>
        <assocGroup number="1" maxNodes="5">
            <description>
                <lang xml:lang="de">sendet Kommando bei erkannter Vibration</lang>
                <lang xml:lang="en">Send Command when shock is detected</lang>
              </description>
          </assocGroup>
      </assocGroups>
  
  
    
  
    <resourceLinks>
     
    <deviceImage url="http://www.pepper1.net/zwavedb/uploads/resources/ca5c62435961e39ec9c737c7f5cce7146e52fc71.jpg" />
      </resourceLinks>
    
  </ZWaveDevice>


