<?xml version="1.0" encoding="utf-8"?>
<ZWaveDevice xmlns="http://www.pepper1.net/zwavedb/xml-schemata/z-wave" schemaVersion="2">

  <descriptorVersion>1</descriptorVersion>

  <deviceData>
            <manufacturerId value="0118"/>
        <productType value="0101"/>
    <productId value="0103"/>
    <libType value="06"/>
    <protoVersion value="03"/>
    <protoSubVersion value="28"/>
    <appVersion value="01"/>
    <appSubVersion value="04"/>
        <basicClass value="04"/>
            <genericClass value="10"/>
            <specificClass value="01"/>
        <optional value="true"/>
    <listening value="true"/>
    <routing value="true"/>
        <beamSensor>0</beamSensor>
                    
      </deviceData>

  <deviceDescription>
                <description>
            <lang xml:lang="de">Steckdosenaufsatz -Schalter</lang>
            <lang xml:lang="en">Wall Plug Switch</lang>
          </description>
            <wakeupNote>
            <lang xml:lang="de"></lang>
            <lang xml:lang="en"></lang>
          </wakeupNote>
            <inclusionNote>
            <lang xml:lang="de">Drücke Taste</lang>
            <lang xml:lang="en">Hit Button</lang>
          </inclusionNote>
            <productName>TZ68</productName>
                                    </deviceDescription>

    <commandClasses>
        <commandClass id="0020" inNIF="false"/>
        <commandClass id="0025"/>
        <commandClass id="0086"/>
        <commandClass id="0027"/>
        <commandClass id="0070"/>
        <commandClass id="0072"/>
      </commandClasses>
  
  
    <configParams>
        <configParam number="1" type="constant" size="1" default="00">
            <name>
                <lang xml:lang="de">LED-Verhalten</lang>
                <lang xml:lang="en">LED- Behavior</lang>
              </name>
                  <description>
                <lang xml:lang="de">definiert das Verhalten der blauen LED am Gehäuse</lang>
                <lang xml:lang="en">defines the behavior of the blue LED </lang>
              </description>
      
                  <value from="00" to="00">
                <description>
                    <lang xml:lang="de">Blau leuchtet bei AUS</lang>
                    <lang xml:lang="en">blue indicates off</lang>
                  </description>
              </value>
            <value from="01" to="01">
                <description>
                    <lang xml:lang="de">Blau leuchtet bei AN</lang>
                    <lang xml:lang="en">blue indicates on</lang>
                  </description>
              </value>
                </configParam>
      </configParams>
  
    
  
    <resourceLinks>
     
    <deviceImage url="http://www.pepper1.net/zwavedb/uploads/resources/9a72d220260b0d3978aebe1840fc7837b2ae31d7.jpg" />
      </resourceLinks>
    
  </ZWaveDevice>


