<?xml version="1.0" encoding="utf-8"?>
<ZWaveDevice xmlns="http://www.pepper1.net/zwavedb/xml-schemata/z-wave" schemaVersion="2">

  <descriptorVersion>1</descriptorVersion>

  <deviceData>
            <manufacturerId value="0123"/>
        <productType value="0301"/>
    <productId value="0001"/>
    <libType value="06"/>
    <protoVersion value="03"/>
    <protoSubVersion value="2d"/>
    <appVersion value="00"/>
    <appSubVersion value="04"/>
        <basicClass value="04"/>
            <genericClass value="20"/>
            <specificClass value="00"/>
        <optional value="true"/>
    <listening value="true"/>
    <routing value="true"/>
        <beamSensor>0</beamSensor>
            <rfFrequency>Japan (922-926 MHz)</rfFrequency>
            <certId>15335</certId>
            <certNumber>ZC08-13040006</certNumber>
        
      </deviceData>

  <deviceDescription>
                <description>
            <lang xml:lang="en">Motion Sensor Unit with Z-Wave control</lang>
          </description>
            <wakeupNote>
            <lang xml:lang="en"></lang>
          </wakeupNote>
            <inclusionNote>
            <lang xml:lang="en">Remove the  cover and please push &quot;Inclusion/Exclusion Button&quot; (lowered)  of this equipment for a short time.</lang>
          </inclusionNote>
            <productName>Smart-CONNECT人感センサZ-Waveタイプ</productName>
                <productLine>Motion Sensor</productLine>
            <productCode>NE-PSEN(100)</productCode>
            <productVersion>1.00</productVersion>
                    </deviceDescription>

    <commandClasses>
        <commandClass id="0020" inNIF="false"/>
        <commandClass id="0030" version="2"/>
        <commandClass id="0085"/>
        <commandClass id="0086"/>
        <commandClass id="0070"/>
        <commandClass id="0091"/>
        <commandClass id="0072"/>
        <commandClass id="0073"/>
      </commandClasses>
  
    <assocGroups>
        <assocGroup number="1" maxNodes="1">
            <description>
                <lang xml:lang="en">Recipient of unsolicited Binary Sensor Report Command which indicates state of human motion detection when this equipment detects human motion.</lang>
              </description>
          </assocGroup>
      </assocGroups>
  
  
    
  
    <resourceLinks>
     
    <deviceImage url="http://www.pepper1.net/zwavedb/uploads/resources/8a01f79985cc079dcacf231013592c4ab58f530d.jpg" />
      </resourceLinks>
    
  </ZWaveDevice>


