<?xml version="1.0" encoding="utf-8"?>
<ZWaveDevice xmlns="http://www.pepper1.net/zwavedb/xml-schemata/z-wave" schemaVersion="2">

  <descriptorVersion>1</descriptorVersion>

  <deviceData>
            <manufacturerId value="0148"/>
        <productType value="0001"/>
    <productId value="0001"/>
    <libType value="03"/>
    <protoVersion value="03"/>
    <protoSubVersion value="2a"/>
    <appVersion value="00"/>
    <appSubVersion value="04"/>
        <basicClass value="04"/>
            <genericClass value="08"/>
            <specificClass value="06"/>
        <optional value="true"/>
    <listening value="false"/>
    <routing value="true"/>
        <beamSensor>0</beamSensor>
                    
      </deviceData>

  <deviceDescription>
                <description>
            <lang xml:lang="de">Heizungsthermostat mit Temperaturesensor</lang>
            <lang xml:lang="en">Radiator Valve Thermostat with Temperature Sensor Function. </lang>
          </description>
            <wakeupNote>
            <lang xml:lang="de">Taster hinter Gehäuseaussparung kurz gedrücken</lang>
            <lang xml:lang="en">Push Button hole for 5 Seconds</lang>
          </wakeupNote>
            <inclusionNote>
            <lang xml:lang="de">Taster hinter Gehäuseaussparung 5 Sekunden gedrückt halten</lang>
            <lang xml:lang="en">Push Button behind hole for 5 Seconds</lang>
          </inclusionNote>
            <productName>Stella Z</productName>
            <brandName>Eurotronic</brandName>
                <productCode>Stella Z</productCode>
                <batteryType>AA</batteryType>
            <batteryCount>2</batteryCount>
            </deviceDescription>

    <commandClasses>
        <commandClass id="0020"/>
        <commandClass id="0040" version="3"/>
        <commandClass id="0043" version="3"/>
        <commandClass id="0084" version="2"/>
        <commandClass id="0086"/>
        <commandClass id="0026" version="3"/>
        <commandClass id="0080"/>
        <commandClass id="0031" version="4"/>
        <commandClass id="0072"/>
        <commandClass id="0077"/>
      </commandClasses>
  
  
  
    
  
    <resourceLinks>
     
    <deviceImage url="http://www.pepper1.net/zwavedb/uploads/resources/c6530c0ac075d00903147410e51ad8d084cc577d.png" />
      </resourceLinks>
    
  </ZWaveDevice>


