<?xml version="1.0" encoding="utf-8"?>
<ZWaveDevice xmlns="http://www.pepper1.net/zwavedb/xml-schemata/z-wave" schemaVersion="2">

  <descriptorVersion>1</descriptorVersion>

  <deviceData>
            <manufacturerId value="0115"/>
        <productType value="0200"/>
    <productId value="0001"/>
    <libType value="06"/>
    <protoVersion value="03"/>
    <protoSubVersion value="2a"/>
    <appVersion value="01"/>
    <appSubVersion value="03"/>
        <basicClass value="04"/>
            <genericClass value="21"/>
            <specificClass value="01"/>
        <optional value="true"/>
    <listening value="false"/>
    <routing value="true"/>
        <beamSensor>0</beamSensor>
                    
      </deviceData>

  <deviceDescription>
                <description>
            <lang xml:lang="de">Temperatursensor, Digitalsensor und Thermostat</lang>
            <lang xml:lang="en">Dry contacts binary sensor, temperature sensor and thermostat</lang>
            <lang xml:lang="ru">Датчик типа &quot;сухой контакт&quot;, датчик температуры и термостат</lang>
          </description>
            <wakeupNote>
            <lang xml:lang="de">Einfach-Klick auf internen Schalter</lang>
            <lang xml:lang="en">Single click tamper switch</lang>
            <lang xml:lang="ru">Одиночное нажатие кнопки внутри корпуса</lang>
          </wakeupNote>
            <inclusionNote>
            <lang xml:lang="de">Dreifach-Klick auf internen Schalter für normale Inclusion, Zweifach-Klick auf internen Schalter für netzwerkweite Inclusion</lang>
            <lang xml:lang="en">Tripple click tamper switch for classical inclusion.
Double click tamper switch for Network Wide Inclusion.</lang>
            <lang xml:lang="ru">Тройное нажатие кнопки внутри корпуса</lang>
          </inclusionNote>
            <productName>iTemp Temperature Sensor</productName>
            <brandName>Z-Wave.Me</brandName>
                        <batteryType>AAA</batteryType>
            <batteryCount>2</batteryCount>
            </deviceDescription>

    <commandClasses>
        <commandClass id="0080"/>
        <commandClass id="0040" version="2"/>
        <commandClass id="0043" version="2"/>
        <commandClass id="0084" version="2"/>
        <commandClass id="0085" version="2"/>
        <commandClass id="0086"/>
        <commandClass id="0020" controlled="true" inNIF="false"/>
        <commandClass id="0070"/>
        <commandClass id="0031" version="3"/>
        <commandClass id="0072"/>
        <commandClass id="0030"/>
        <commandClass id="0077"/>
        <commandClass id="008e" version="2"/>
        <commandClass id="0060" version="2" controlled="true" inNIF="false"/>
      </commandClasses>
  
    <assocGroups>
        <assocGroup number="3" maxNodes="5">
            <description>
                <lang xml:lang="de">?? Geräte, die über Änderungen der Thermostat-Zieltemperatur informiert werden</lang>
                <lang xml:lang="en">Nodes to receive updates on thermostat set point change and binary reports</lang>
                <lang xml:lang="ru">Устройства получающие обновления при изменении температуры термостата и состояния сухих контактов</lang>
              </description>
          </assocGroup>
        <assocGroup number="2" maxNodes="5">
            <description>
                <lang xml:lang="de">Geräte, die vom Termostat gesteuert werden</lang>
                <lang xml:lang="en">Nodes to be controlled by thermostat</lang>
                <lang xml:lang="ru">Устройства управляемые термостатом</lang>
              </description>
          </assocGroup>
        <assocGroup number="1" maxNodes="5">
            <description>
                <lang xml:lang="de">Geräte, die durch den externen Binär-Schalteingang gesteuert werden</lang>
                <lang xml:lang="en">Nodes to be switched on/off on dry contacts switch</lang>
                <lang xml:lang="ru">Устройства управляемые сухим контактом </lang>
              </description>
          </assocGroup>
      </assocGroups>
  
    <configParams>
        <configParam number="2" type="rangemapped" size="1" default="00">
            <name>
                <lang xml:lang="de">Binärsensormode</lang>
                <lang xml:lang="en">Binary sensor mode</lang>
                <lang xml:lang="ru"></lang>
              </name>
                  <description>
                <lang xml:lang="de">definiert, welches Kommando vom Binärsensor bei Zustandsänderungen gesendet wird</lang>
                <lang xml:lang="en">defines the command sent when the binary sensor is triggered</lang>
                <lang xml:lang="ru"></lang>
              </description>
      
                  <value from="00" to="00">
                <description>
                    <lang xml:lang="de">BASIC ON wenn verbunden, BASIC OFF, wenn nicht verbunden</lang>
                    <lang xml:lang="en">Basic On on connected, Basic Off on diconnected</lang>
                    <lang xml:lang="ru"></lang>
                  </description>
              </value>
            <value from="ff" to="ff">
                <description>
                    <lang xml:lang="de">BASIC OFF wenn verbunden, BASIC ON, wenn nicht verbunden</lang>
                    <lang xml:lang="en">Basic Off on connected, Basic On on diconnected</lang>
                    <lang xml:lang="ru"></lang>
                  </description>
              </value>
                </configParam>
        <configParam number="1" type="rangemapped" size="1" default="ff">
            <name>
                <lang xml:lang="de">Status des Binärsensors</lang>
                <lang xml:lang="en">Binary sensor active</lang>
                <lang xml:lang="ru"></lang>
              </name>
                  <description>
                <lang xml:lang="de">aktiviert oder deaktiviert den Binärsensor</lang>
                <lang xml:lang="en">defines of the binary sensor is active</lang>
                <lang xml:lang="ru"></lang>
              </description>
      
                  <value from="00" to="00">
                <description>
                    <lang xml:lang="de">Inaktiv</lang>
                    <lang xml:lang="en">Off</lang>
                    <lang xml:lang="ru"></lang>
                  </description>
              </value>
            <value from="ff" to="ff">
                <description>
                    <lang xml:lang="de">Aktiv</lang>
                    <lang xml:lang="en">On</lang>
                    <lang xml:lang="ru"></lang>
                  </description>
              </value>
                </configParam>
        <configParam number="4" type="range" size="1" default="0a">
            <name>
                <lang xml:lang="de">max. Abweichung vom Regeltemperaturwert</lang>
                <lang xml:lang="en">Maximum deviation for thermostat</lang>
                <lang xml:lang="ru"></lang>
              </name>
                  <description>
                <lang xml:lang="de">definiert die maximal erlaubte Abweichung von der gewünschten Regeltemperatur, bevor das Heiz- oder Kühlgerät geschaltet wird.</lang>
                <lang xml:lang="en">Maximum deviation (threshold) of temperature from set point before switching on/off cooling/heating for thermostat</lang>
                <lang xml:lang="ru"></lang>
              </description>
      
                  <value from="05" to="32" unit="0.1 C">
                <description>
                    <lang xml:lang="de">in 0.1 C Schritten</lang>
                    <lang xml:lang="en">in 0.1 C units</lang>
                    <lang xml:lang="ru"></lang>
                  </description>
              </value>
                </configParam>
        <configParam number="3" type="range" size="1" default="14">
            <name>
                <lang xml:lang="de"></lang>
                <lang xml:lang="en">Treshold for temperature</lang>
                <lang xml:lang="ru"></lang>
              </name>
                  <description>
                <lang xml:lang="de"></lang>
                <lang xml:lang="en">Treshold temperature to send unsolicited report</lang>
                <lang xml:lang="ru"></lang>
              </description>
      
                  <value from="00" to="00">
                <description>
                    <lang xml:lang="de"></lang>
                    <lang xml:lang="en">Disabled</lang>
                    <lang xml:lang="ru"></lang>
                  </description>
              </value>
            <value from="05" to="32" unit="0.1 C">
                <description>
                    <lang xml:lang="de">in 0.1 C Schritten</lang>
                    <lang xml:lang="en">in 0.1 C units</lang>
                    <lang xml:lang="ru"></lang>
                  </description>
              </value>
                </configParam>
        <configParam number="5" type="range" size="1" default="00">
            <name>
                <lang xml:lang="de"></lang>
                <lang xml:lang="en">Repeat thermostat ON</lang>
                <lang xml:lang="ru"></lang>
              </name>
                  <description>
                <lang xml:lang="de"></lang>
                <lang xml:lang="en">Repeat thermostat events (swtich ON events only) periodically</lang>
                <lang xml:lang="ru"></lang>
              </description>
      
                  <value from="00" to="00">
                <description>
                    <lang xml:lang="de">sende nur einmal</lang>
                    <lang xml:lang="en">send only once</lang>
                    <lang xml:lang="ru"></lang>
                  </description>
              </value>
            <value from="01" to="ff" unit="4 min">
                <description>
                    <lang xml:lang="de"></lang>
                    <lang xml:lang="en">each Nth wakeup time</lang>
                    <lang xml:lang="ru"></lang>
                  </description>
              </value>
                </configParam>
        <configParam number="30" type="rangemapped" size="1" default="00">
            <name>
                <lang xml:lang="de">Sende Batteriestatus automatisch</lang>
                <lang xml:lang="en">Send unsolicited Battery Report on Wake Up</lang>
                <lang xml:lang="ru"></lang>
              </name>
                  <description>
                <lang xml:lang="de"></lang>
                <lang xml:lang="en"></lang>
                <lang xml:lang="ru"></lang>
              </description>
      
                  <value from="00" to="00">
                <description>
                    <lang xml:lang="de">Nein</lang>
                    <lang xml:lang="en">No</lang>
                    <lang xml:lang="ru"></lang>
                  </description>
              </value>
            <value from="01" to="01">
                <description>
                    <lang xml:lang="de">an Gerät das Wakeup Info empfängt</lang>
                    <lang xml:lang="en">To wakeup node</lang>
                    <lang xml:lang="ru"></lang>
                  </description>
              </value>
            <value from="02" to="02">
                <description>
                    <lang xml:lang="de">an alle Geräte</lang>
                    <lang xml:lang="en">To broadcast</lang>
                    <lang xml:lang="ru"></lang>
                  </description>
              </value>
                </configParam>
        <configParam number="6" type="range" size="1" default="00">
            <name>
                <lang xml:lang="de"></lang>
                <lang xml:lang="en">Unsolicited temperature report period</lang>
                <lang xml:lang="ru"></lang>
              </name>
                  <description>
                <lang xml:lang="de"></lang>
                <lang xml:lang="en"></lang>
                <lang xml:lang="ru"></lang>
              </description>
      
                  <value from="00" to="00">
                <description>
                    <lang xml:lang="de"></lang>
                    <lang xml:lang="en">Off</lang>
                    <lang xml:lang="ru"></lang>
                  </description>
              </value>
            <value from="01" to="ff" unit="4 min">
                <description>
                    <lang xml:lang="de"></lang>
                    <lang xml:lang="en">each Nth wakeup time</lang>
                    <lang xml:lang="ru"></lang>
                  </description>
              </value>
                </configParam>
      </configParams>
  
    
  
    <resourceLinks>
     
    <deviceImage url="http://www.pepper1.net/zwavedb/uploads/resources/3870063c29abef57ceb8ef1a501091a1fe991be8.jpg" />
      </resourceLinks>
    
  </ZWaveDevice>


