<?xml version="1.0" encoding="utf-8"?>
<ZWaveDevice xmlns="http://www.pepper1.net/zwavedb/xml-schemata/z-wave" schemaVersion="2">

  <descriptorVersion>1</descriptorVersion>

  <deviceData>
            <manufacturerId value="0086"/>
        <productType value="0003"/>
    <productId value="000d"/>
    <libType value="06"/>
    <protoVersion value="02"/>
    <protoSubVersion value="4e"/>
    <appVersion value="01"/>
    <appSubVersion value="18"/>
        <basicClass value="04"/>
            <genericClass value="11"/>
            <specificClass value="01"/>
        <optional value="false"/>
    <listening value="true"/>
    <routing value="false"/>
        <beamSensor>0</beamSensor>
                    
      </deviceData>

  <deviceDescription>
                <description>
            <lang xml:lang="de">Dimmer als Wandeinsatz mit Strommessfunktion und lokaler Steuerung mittels Standardschalter</lang>
            <lang xml:lang="en">Insert Dimmer with Metering and local control using a standard switch</lang>
          </description>
            <wakeupNote>
            <lang xml:lang="de"></lang>
            <lang xml:lang="en"></lang>
          </wakeupNote>
            <inclusionNote>
            <lang xml:lang="de"></lang>
            <lang xml:lang="en"></lang>
          </inclusionNote>
            <productName>MSEI</productName>
            <brandName>Micro Modules</brandName>
            <productLine>Micro Modules</productLine>
                            </deviceDescription>

    <commandClasses>
        <commandClass id="0020" inNIF="false"/>
        <commandClass id="0085"/>
        <commandClass id="0026"/>
        <commandClass id="0027"/>
        <commandClass id="0032" version="2"/>
        <commandClass id="0070"/>
        <commandClass id="0031" version="3"/>
        <commandClass id="0072"/>
        <commandClass id="0086"/>
      </commandClasses>
  
    <assocGroups>
        <assocGroup number="1" maxNodes="5">
            <description>
                <lang xml:lang="de">Status Reports</lang>
                <lang xml:lang="en">Status Reports</lang>
              </description>
          </assocGroup>
      </assocGroups>
  
    <configParams>
        <configParam number="1" type="rangemapped" size="1" default="00">
            <name>
                <lang xml:lang="de">Art des Sensor-Reports</lang>
                <lang xml:lang="en">Type of Sensor Report</lang>
              </name>
                  <description>
                <lang xml:lang="de">Definiert den physik. Wert, der als Sensorwert gesendet wird.</lang>
                <lang xml:lang="en">Defines the value type to be sent as Sensor Report.</lang>
              </description>
      
                  <value from="00" to="00">
                <description>
                    <lang xml:lang="de">elektr. Leistung</lang>
                    <lang xml:lang="en">Power</lang>
                  </description>
              </value>
            <value from="01" to="01">
                <description>
                    <lang xml:lang="de">elektr. Spannung</lang>
                    <lang xml:lang="en">Voltage</lang>
                  </description>
              </value>
                </configParam>
        <configParam number="2" type="range" size="2" default="0000">
            <name>
                <lang xml:lang="de">Aktiviert das Blinken des Geräten</lang>
                <lang xml:lang="en">Blinking Behavior</lang>
              </name>
                  <description>
                <lang xml:lang="de">Dies ist ein Zwei-Byte Wert, in dem das Blinkverhalten des Gerätes definiert wird. Das niederwertige Byte definiert in Sekunden, wie lange das Blinken dauern soll. Das höherwertige Byte definiert in 0.1 s, wie lange die einzelne an/aus Sequenz dauern soll.</lang>
                <lang xml:lang="en">This is a double byte value. The LSB defines the total time the device need to blink. The value if set in seconds. The MSB defines the on/off interval of the blinking. The unit is 0.1 s.  </lang>
              </description>
      
                  <value from="0000" to="ffff">
                <description>
                    <lang xml:lang="de">Konfigurationsbytes</lang>
                    <lang xml:lang="en">Configuration Bytes</lang>
                  </description>
              </value>
                </configParam>
        <configParam number="80" type="rangemapped" size="1" default="00">
            <name>
                <lang xml:lang="de">Benachrichtigung bei Statusänderungen</lang>
                <lang xml:lang="en">Notification on Status Change</lang>
              </name>
                  <description>
                <lang xml:lang="de">Definiert die automatische Benachrichtigung eines assoziierten Gerätes bei Statusänderungen. </lang>
                <lang xml:lang="en">Defines the automated status notification of an associated device when status changes </lang>
              </description>
      
                  <value from="00" to="00">
                <description>
                    <lang xml:lang="de">Deaktiviert</lang>
                    <lang xml:lang="en">Deactivated</lang>
                  </description>
              </value>
            <value from="01" to="01">
                <description>
                    <lang xml:lang="de">ein Hail Kommando wird gesendet</lang>
                    <lang xml:lang="en">Hail sent</lang>
                  </description>
              </value>
            <value from="02" to="02">
                <description>
                    <lang xml:lang="de">ein BASIC Report wird gesendet</lang>
                    <lang xml:lang="en">BASIC Report Sent</lang>
                  </description>
              </value>
                </configParam>
        <configParam number="90" type="rangemapped" size="1" default="00">
            <name>
                <lang xml:lang="de">Deaktivert die Funktion des automatischen Versendens eines Reports bie definierten Minimaländerungen des Messwertes.</lang>
                <lang xml:lang="en">Disables Function of automated sending of a Report triggered by minimal change of value.</lang>
              </name>
                  <description>
                <lang xml:lang="de"></lang>
                <lang xml:lang="en"></lang>
              </description>
      
                  <value from="00" to="00">
                <description>
                    <lang xml:lang="de">Deaktiviert</lang>
                    <lang xml:lang="en">Disabled</lang>
                  </description>
              </value>
            <value from="01" to="01">
                <description>
                    <lang xml:lang="de">Aktiviert</lang>
                    <lang xml:lang="en">Enabled</lang>
                  </description>
              </value>
                </configParam>
        <configParam number="91" type="range" size="2" default="0032">
            <name>
                <lang xml:lang="de">Änderungsschwellwert für Leistungs-Report (Watt)</lang>
                <lang xml:lang="en">Minimum Change to send Report (Watt)</lang>
              </name>
                  <description>
                <lang xml:lang="de">Definiert die minimale Änderung der Leistungsaufnahme des angeschlossenen Verbrauchers in Watt, die zu einem automatischen Senden von Leistungsdaten führt.</lang>
                <lang xml:lang="en">The value represents the minimum change in Wattage for a Report to be sent .</lang>
              </description>
      
                  <value from="0000" to="7d00" unit="W">
                <description>
                    <lang xml:lang="de">W</lang>
                    <lang xml:lang="en">W</lang>
                  </description>
              </value>
                </configParam>
        <configParam number="92" type="range" size="1" default="0a">
            <name>
                <lang xml:lang="de">Änderungsschwellwert für Leistungs-Report (%)</lang>
                <lang xml:lang="en">Minimum Change to send Report (%)</lang>
              </name>
                  <description>
                <lang xml:lang="de">Definiert die minimale Änderung der Leistungsaufnahme des angeschlossenen Verbrauchers in Prozent, die zu einem automatischen Senden von Leistungsdaten führt.</lang>
                <lang xml:lang="en">The value represents the minimum change in Watage Percent for a report to be sent </lang>
              </description>
      
                  <value from="00" to="ff" unit="W">
                <description>
                    <lang xml:lang="de">%</lang>
                    <lang xml:lang="en">%</lang>
                  </description>
              </value>
                </configParam>
        <configParam number="101" type="rangemapped" size="4" default="00000008">
            <name>
                <lang xml:lang="de">Benachrichtigungsart der Benachrichtigungsgruppe 1</lang>
                <lang xml:lang="en">Report type send in Reporting Group 1</lang>
              </name>
                  <description>
                <lang xml:lang="de">Definiert die Benachrichtigungsart (Typ des Reports), der in dier Benachrichtigungsgruppe 1 gesendet wird.</lang>
                <lang xml:lang="en">Defines the type of report sent for the Reporting Group 1.</lang>
              </description>
      
                  <value from="00000002" to="00000002">
                <description>
                    <lang xml:lang="de">Multisensor-Report</lang>
                    <lang xml:lang="en">MultiSensor Report</lang>
                  </description>
              </value>
            <value from="00000004" to="00000004">
                <description>
                    <lang xml:lang="de">Zähler-Report als Watt</lang>
                    <lang xml:lang="en">Meter Report for Watt</lang>
                  </description>
              </value>
            <value from="00000008" to="00000008">
                <description>
                    <lang xml:lang="de">Zähler-Report als kWh</lang>
                    <lang xml:lang="en">Meter Report for kWh</lang>
                  </description>
              </value>
                </configParam>
        <configParam number="102" type="rangemapped" size="4" default="00000000">
            <name>
                <lang xml:lang="de">Benachrichtigungsart der Benachrichtigungsgruppe 2</lang>
                <lang xml:lang="en">Report Type send in Reporting Group 2</lang>
              </name>
                  <description>
                <lang xml:lang="de">Definiert die Benachrichtigungsart (Typ des Reports), der in dier Benachrichtigungsgruppe 2 gesendet wird.</lang>
                <lang xml:lang="en">Defines the type of report sent for the Reporting Group 2.</lang>
              </description>
      
                  <value from="00000002" to="00000002">
                <description>
                    <lang xml:lang="de">Multisensor-Report</lang>
                    <lang xml:lang="en">MultiSensor Report</lang>
                  </description>
              </value>
            <value from="00000004" to="00000004">
                <description>
                    <lang xml:lang="de">Zähler-Report als Watt</lang>
                    <lang xml:lang="en">Meter Report for Watt</lang>
                  </description>
              </value>
            <value from="00000008" to="00000008">
                <description>
                    <lang xml:lang="de">Zähler-Report als kWh</lang>
                    <lang xml:lang="en">Meter Report for kWh</lang>
                  </description>
              </value>
                </configParam>
        <configParam number="103" type="rangemapped" size="4" default="00000000">
            <name>
                <lang xml:lang="de">Benachrichtigungsart der Benachrichtigungsgruppe 3</lang>
                <lang xml:lang="en">Report Type send in Reporting Group 3</lang>
              </name>
                  <description>
                <lang xml:lang="de">Definiert die Benachrichtigungsart (Typ des Reports), der in dier Benachrichtigungsgruppe 3 gesendet wird.</lang>
                <lang xml:lang="en">Defines the type of report sent for the Reporting Group 3.</lang>
              </description>
      
                  <value from="00000002" to="00000002">
                <description>
                    <lang xml:lang="de">Multisensor-Report</lang>
                    <lang xml:lang="en">MultiSensor Report</lang>
                  </description>
              </value>
            <value from="00000004" to="00000004">
                <description>
                    <lang xml:lang="de">Zähler-Report als Watt</lang>
                    <lang xml:lang="en">Meter Report for Watt</lang>
                  </description>
              </value>
            <value from="00000008" to="00000008">
                <description>
                    <lang xml:lang="de">Zähler-Report als kWh</lang>
                    <lang xml:lang="en">Meter Report for kWh</lang>
                  </description>
              </value>
                </configParam>
        <configParam number="111" type="range" size="4" default="000002d0">
            <name>
                <lang xml:lang="de">Sendeinterval für Benachrichtigungsgruppe 1</lang>
                <lang xml:lang="en">Send Interval for Reporting Group 1</lang>
              </name>
                  <description>
                <lang xml:lang="de">Definiert das Zeitinterval, in dem die definierte Benachrichtigung der Benachrichtigungsgruppe 1 ausgesendet wird.</lang>
                <lang xml:lang="en">Defines the time interval when the defined report of Reporting Group 1 is sent out.</lang>
              </description>
      
                  <value from="00000000" to="0000ffff" unit="s">
                <description>
                    <lang xml:lang="de">Interval</lang>
                    <lang xml:lang="en">Interval</lang>
                  </description>
              </value>
                </configParam>
        <configParam number="112" type="range" size="4" default="000002d0">
            <name>
                <lang xml:lang="de">Sendeinterval für Benachrichtigungsgruppe 2</lang>
                <lang xml:lang="en">Send Interval for Reporting Group 2</lang>
              </name>
                  <description>
                <lang xml:lang="de">Definiert das Zeitinterval, in dem die definierte Benachrichtigung der Benachrichtigungsgruppe 2 ausgesendet wird.</lang>
                <lang xml:lang="en">Defines the time interval when the defined report of Reporting Group 2 is sent out.</lang>
              </description>
      
                  <value from="00000000" to="0000ffff" unit="s">
                <description>
                    <lang xml:lang="de">Interval</lang>
                    <lang xml:lang="en">Interval</lang>
                  </description>
              </value>
                </configParam>
        <configParam number="113" type="range" size="4" default="0000ffff">
            <name>
                <lang xml:lang="de">Sendeinterval für Benachrichtigungsgruppe 3</lang>
                <lang xml:lang="en">Send Interval for Reporting Group 3</lang>
              </name>
                  <description>
                <lang xml:lang="de">Definiert das Zeitinterval, in dem die definierte Benachrichtigung der Benachrichtigungsgruppe 3 ausgesendet wird.</lang>
                <lang xml:lang="en">Defines the time interval when the defined report of Reporting Group 3 is sent out.</lang>
              </description>
      
                  <value from="00000000" to="00007d00" unit="s">
                <description>
                    <lang xml:lang="de">Interval</lang>
                    <lang xml:lang="en">Interval</lang>
                  </description>
              </value>
                </configParam>
      </configParams>
  
    
  
    <resourceLinks>
     
    <deviceImage url="http://www.pepper1.net/zwavedb/uploads/resources/8a897f908453b37081abcc700c827cf697373ef7.jpg" />
      </resourceLinks>
    
  </ZWaveDevice>


