<?xml version="1.0" encoding="utf-8"?>
<ZWaveDevice xmlns="http://www.pepper1.net/zwavedb/xml-schemata/z-wave" schemaVersion="2">

  <descriptorVersion>1</descriptorVersion>

  <deviceData>
            <manufacturerId value="010f"/>
        <productType value="0700"/>
    <productId value="1000"/>
    <libType value="03"/>
    <protoVersion value="03"/>
    <protoSubVersion value="2a"/>
    <appVersion value="02"/>
    <appSubVersion value="01"/>
        <basicClass value="04"/>
            <genericClass value="20"/>
            <specificClass value="01"/>
        <optional value="true"/>
    <listening value="false"/>
    <routing value="true"/>
        <beamSensor>0</beamSensor>
            <rfFrequency>EU</rfFrequency>
                
      </deviceData>

  <deviceDescription>
                <description>
            <lang xml:lang="en">Door/Window Sensor</lang>
            <lang xml:lang="ru">Датчик открытия дверей/окон</lang>
          </description>
            <wakeupNote>
            <lang xml:lang="en">Triple press TMP button</lang>
            <lang xml:lang="ru">Тройное нажатие кнопки TMP</lang>
          </wakeupNote>
            <inclusionNote>
            <lang xml:lang="en">Triple press TMP button</lang>
            <lang xml:lang="ru">Тройное нажатие кнопки TMP</lang>
          </inclusionNote>
            <productName>Door/Window Sensor FGK-101 - 107</productName>
            <brandName>Fibaro</brandName>
                <productCode>FGK-101</productCode>
            <productVersion>2.1</productVersion>
            <batteryType>ER14250 (1/2AA)</batteryType>
            <batteryCount>1</batteryCount>
            </deviceDescription>

    <commandClasses>
        <commandClass id="0060" version="2"/>
        <commandClass id="0020" inNIF="false"/>
        <commandClass id="0084"/>
        <commandClass id="0085" version="2"/>
        <commandClass id="0086"/>
        <commandClass id="0030"/>
        <commandClass id="0080"/>
        <commandClass id="0070"/>
        <commandClass id="0072"/>
        <commandClass id="007a"/>
        <commandClass id="009c" version="0"/>
      </commandClasses>
  
    <assocGroups>
        <assocGroup number="1" maxNodes="5">
            <description>
                <lang xml:lang="de">Auslösen des Einganges IN1 und des Magnetsensors (Sendet BASIC und ALARM)</lang>
                <lang xml:lang="en">Group I is assigned to input IN1 (and the magnetic sensor). Sending BASIC SET or ALARM command frames. </lang>
                <lang xml:lang="ru">Устройства управляемые событиями открытия/закрытия и входом IN1. Отправляется Basic Set или Alarm.</lang>
              </description>
          </assocGroup>
        <assocGroup number="2" maxNodes="5">
            <description>
                <lang xml:lang="de">Auslösen des Manipulationsschutzes (Sendet ALARM)</lang>
                <lang xml:lang="en">Group II is assigned to TMP button. Once the button is released, ALARM GENERIC frame is sent to associated devices.</lang>
                <lang xml:lang="ru">Устройства управляемые кнопкой TMP. При отпускании кнопки отправляется Alarm Generic</lang>
              </description>
          </assocGroup>
        <assocGroup number="3" maxNodes="1">
            <description>
                <lang xml:lang="de">Report des Gerätestatus</lang>
                <lang xml:lang="en">Group III reports on the condition of the device, only one device may be assigned to the group (main controller, by default).</lang>
                <lang xml:lang="ru">Отправлять отчет об изменении состояния устройства, заряда батареи и температуры</lang>
              </description>
          </assocGroup>
      </assocGroups>
  
    <configParams>
        <configParam number="1" type="range" size="2" default="0000">
            <name>
                <lang xml:lang="de">Alarm Verzögerung Eingang IN </lang>
                <lang xml:lang="en">Input IN alarm cancellation delay</lang>
                <lang xml:lang="ru">Через  какое время отправлять команду - окно закрыто</lang>
              </name>
                  <description>
                <lang xml:lang="de">ermöglicht, das Auslösen eines Alarms durch Signal an Eingang IN zu verzögern</lang>
                <lang xml:lang="en">Additional delay after an alarm from input IN has ceased. The parameter allows user to specify additional time, after which the input IN alarm is cancelled once its violation has ceased. </lang>
                <lang xml:lang="ru">При открытии окна или размыкании IN и GND мгновенно отправляется команда - окно открыто. Но после закрытия окна или замыкания IN и GND команду - окно закрыто, можно отправить с задержкой. Это удобно при быстрых открытиях/закрытиях, чтобы устройство управляемое датчиком не выключалось после каждого закрытия.</lang>
              </description>
      
                  <value from="0000" to="ffff">
                <description>
                    <lang xml:lang="de">Sekunden</lang>
                    <lang xml:lang="en">seconds</lang>
                    <lang xml:lang="ru">секунды</lang>
                  </description>
              </value>
                </configParam>
        <configParam number="2" type="rangemapped" size="1" default="00">
            <name>
                <lang xml:lang="de">Anzeige der Statusänderung durch LED</lang>
                <lang xml:lang="en">Status change signalled by LED</lang>
                <lang xml:lang="ru">Режим световой индикации</lang>
              </name>
                  <description>
                <lang xml:lang="de"></lang>
                <lang xml:lang="en"></lang>
                <lang xml:lang="ru"></lang>
              </description>
      
                  <value from="00" to="00">
                <description>
                    <lang xml:lang="de">LED geht aus</lang>
                    <lang xml:lang="en">LED turned Off</lang>
                    <lang xml:lang="ru">LED отключен</lang>
                  </description>
              </value>
            <value from="01" to="01">
                <description>
                    <lang xml:lang="de">LED geht an</lang>
                    <lang xml:lang="en">LED turned On</lang>
                    <lang xml:lang="ru">LED включен</lang>
                  </description>
              </value>
                </configParam>
        <configParam number="3" type="rangemapped" size="1" default="00">
            <name>
                <lang xml:lang="de">Typ des Eingangssignals an IN</lang>
                <lang xml:lang="en">Type of IN input</lang>
                <lang xml:lang="ru">Тип входа IN</lang>
              </name>
                  <description>
                <lang xml:lang="de"></lang>
                <lang xml:lang="en"></lang>
                <lang xml:lang="ru"></lang>
              </description>
      
                  <value from="00" to="00">
                <description>
                    <lang xml:lang="de"> normaler Schließer</lang>
                    <lang xml:lang="en">Normal Close</lang>
                    <lang xml:lang="ru"> Нормально замкнут</lang>
                  </description>
              </value>
            <value from="01" to="01">
                <description>
                    <lang xml:lang="de">Normaler Öffner</lang>
                    <lang xml:lang="en">Normal Open</lang>
                    <lang xml:lang="ru">Нормально разомкнут</lang>
                  </description>
              </value>
            <value from="02" to="02">
                <description>
                    <lang xml:lang="de">Monostabil</lang>
                    <lang xml:lang="en">Mono Stable</lang>
                    <lang xml:lang="ru">Моностабильный</lang>
                  </description>
              </value>
            <value from="03" to="03">
                <description>
                    <lang xml:lang="de">bistabil</lang>
                    <lang xml:lang="en">bistable</lang>
                    <lang xml:lang="ru">Бистабильный</lang>
                  </description>
              </value>
                </configParam>
        <configParam number="5" type="rangemapped" size="1" default="ff">
            <name>
                <lang xml:lang="de"> Art der Alarmmeldung</lang>
                <lang xml:lang="en">Type of control frame transmitted for association group 1, activated via IN input</lang>
                <lang xml:lang="ru"> Тип сигнала тревоги, отправляемый устройствам из группы 1</lang>
              </name>
                  <description>
                <lang xml:lang="de"> erlaubt die Art der Alarmmeldung des Gerätes zu spezifizieren.</lang>
                <lang xml:lang="en">The parameter allows you to specify the type of an alarm frame or to force control frames transmission (BASIC_SET)</lang>
                <lang xml:lang="ru">Устройства из группы 1 управляются входом IN или магнитом. При размыкании IN и GND или сенсора и магнита этим устройствам отправляется сигнал тревоги.</lang>
              </description>
      
                  <value from="00" to="00">
                <description>
                    <lang xml:lang="de">Allgemeiner Alarm</lang>
                    <lang xml:lang="en">ALARM GENERIC frame</lang>
                    <lang xml:lang="ru">Общий сигнал тревоги</lang>
                  </description>
              </value>
            <value from="01" to="01">
                <description>
                    <lang xml:lang="de">Rauchmelder</lang>
                    <lang xml:lang="en">ALARM SMOKE frame</lang>
                    <lang xml:lang="ru">Задымление</lang>
                  </description>
              </value>
            <value from="02" to="02">
                <description>
                    <lang xml:lang="de">Kohlenmonoxid-Alarm</lang>
                    <lang xml:lang="en">ALARM CO frame</lang>
                    <lang xml:lang="ru">Угарный газ </lang>
                  </description>
              </value>
            <value from="03" to="03">
                <description>
                    <lang xml:lang="de">Kohlendioxid-Alarm</lang>
                    <lang xml:lang="en">ALARM CO2 frame</lang>
                    <lang xml:lang="ru">Углекислый газ</lang>
                  </description>
              </value>
            <value from="04" to="04">
                <description>
                    <lang xml:lang="de">Überhitzungs-Alarm</lang>
                    <lang xml:lang="en">ALARM HEAT frame</lang>
                    <lang xml:lang="ru">Высокая температура</lang>
                  </description>
              </value>
            <value from="05" to="05">
                <description>
                    <lang xml:lang="de">Überflutungs-Alarm</lang>
                    <lang xml:lang="en">ALARM WATER frame</lang>
                    <lang xml:lang="ru">Протечка</lang>
                  </description>
              </value>
            <value from="ff" to="ff">
                <description>
                    <lang xml:lang="de">BASIC SET Kommando</lang>
                    <lang xml:lang="en">Control frame BASIC_SET</lang>
                    <lang xml:lang="ru">BASIC_SET</lang>
                  </description>
              </value>
                </configParam>
        <configParam number="7" type="range" size="1" default="ff">
            <name>
                <lang xml:lang="de">Dimmer/Motorsteuerung Niveau bei Alarmsteuerung</lang>
                <lang xml:lang="en">Value of the parameter specifying the forced level of dimming/opening roller blinds when “switch on”/”open” commands are sent to devices from association group no.1</lang>
                <lang xml:lang="ru">Уровень диммирования, отправляемый устройствам из группы 1</lang>
              </name>
                  <description>
                <lang xml:lang="de"> Im Alarmfall wird eine Alarmmeldung ausgesendet und es kann ein Aktor geschaltet werden. Für Dimmer und Jalousiecontroller kann definiert werden, auf welches Dimmerniveau oder welche Motorposition der Aktor gesteuert werden soll</lang>
                <lang xml:lang="en">In case of alarm frames an alarm priority is specified. Value of 255 makes it possible to activate a device. In case of the Dimmer module it means activating the device and setting it to the
previously stored condition, e.g. when Dimmer is set to 30%, deactivated and then reactivated using 255 commend, it will be automatically set to the previous condition i.e. 30%.
</lang>
                <lang xml:lang="ru">Отправлять устройствам из группы 1 заданный уровень диммирования. Так можно при срабатывании датчика открытия включать свет на 50% или открывать жалюзи на 30%.</lang>
              </description>
      
                  <value from="01" to="63">
                <description>
                    <lang xml:lang="de">Dimmerniveau</lang>
                    <lang xml:lang="en">Dimming level</lang>
                    <lang xml:lang="ru">Уровень диммирования</lang>
                  </description>
              </value>
            <value from="ff" to="ff">
                <description>
                    <lang xml:lang="de">Aus</lang>
                    <lang xml:lang="en">Turn On</lang>
                    <lang xml:lang="ru">Включить</lang>
                  </description>
              </value>
                </configParam>
        <configParam number="9" type="rangemapped" size="1" default="00">
            <name>
                <lang xml:lang="de">Senden einer Alarmdeaktivierungsnachricht </lang>
                <lang xml:lang="en">Deactivating transmission of the alarm cancelling frame or the control frame deactivating the device (Basic)</lang>
                <lang xml:lang="ru">Отправлять устройствам из группы 1 сигнал тревоги или команду отключения</lang>
              </name>
                  <description>
                <lang xml:lang="de"> Es wird definiert, das Verschwinden der Alarmbedingung zum erneuten Schalten eines Aktors oder zum Aussenden einer Alarmdeaktivierungsnachricht führen soll.</lang>
                <lang xml:lang="en">It allows for disabling the function of deactivating the device and cancelling alarms for devices associated with IN input.</lang>
                <lang xml:lang="ru">Deactivating transmission of the alarm cancelling frame or the control frame deactivating the device (Basic). It allows for disabling
the function of deactivating the device and cancelling alarms for devices associated with IN input.</lang>
              </description>
      
                  <value from="00" to="00">
                <description>
                    <lang xml:lang="de">Information wird gesendet an Gruppe 1</lang>
                    <lang xml:lang="en">for association group no. 1 information is sent

</lang>
                    <lang xml:lang="ru">Отправлять</lang>
                  </description>
              </value>
            <value from="01" to="01">
                <description>
                    <lang xml:lang="de">Information wird  nicht gesendet</lang>
                    <lang xml:lang="en">for association group no. 1 information is not sent</lang>
                    <lang xml:lang="ru">Не отправлять</lang>
                  </description>
              </value>
                </configParam>
        <configParam number="12" type="range" size="1" default="08">
            <name>
                <lang xml:lang="de">Schwellwert zum Aussenden eines Temperatur-Reports</lang>
                <lang xml:lang="en">Sensitivity to temperature changes</lang>
                <lang xml:lang="ru">Отправлять отчет при изменении температуры на Температура = значение/16 </lang>
              </name>
                  <description>
                <lang xml:lang="de">Es wird die Abweichung der gemessenen Temperatur zur letzten per Funk gesendeten Temperatur definiert, die zu einem erneuten Report der Temperatur an die Geräte in Assoziationsgruppe 3 führt. Ist der Wert = Null, wird ein Temperatur mindestens aller 4 Minuten oder bei jedem Aufweckintervall gesendet. </lang>
                <lang xml:lang="en">The maximum acceptable difference between the last reported temperature and the current temperature read from the sensor. If the temperatures differ by the set value or more, a report with the current temperature value is sent to the device assigned to association group no. 3.

To set an appropriate parameter value use the following formula:

x = delta T x 16 - for Celsius;

x = delta T x 80 / 9 - for Fahrenheit;

x = parameter value;

delta T – maximum acceptable temperature gradient in Celsius or

Fahrenheit.

If the value is set to 0:

- if the wake-up interval is set to 255 seconds, temperature report

will be sent according to the interval;

- if the wake-up interval is set to over 255, temperature report will be

sent each ca. 4 minutes.

Available parameter settings: 0 – 255 [0oC to 16oC] [32oF –

60,8oF]



</lang>
                <lang xml:lang="ru">Если с последнего замера температура изменилась больше чем на заданное значение, например 0.5 градусов, то будет отправлен отчет устройству из группы 3. Значение для градусов Цельсия высчитывается по формуле: X = deltaT*16; X - нужное значение; deltaT - разница температур (например 0.5);

Если мы хотим получать отчет при изменении температуры на 0.5 градусов формула такова: 8 = 0.5*15. Если задано значение 0 и интервал пробуждения 255 секунд, то отчет о температуре будет присылаться при пробуждении (каждые 255 секунд). Если задано 0 и интервал пробуждения больше 255, то отчет будет присылаться каждые 4 минуты.</lang>
              </description>
      
                  <value from="00" to="ff">
                <description>
                    <lang xml:lang="de">1/16 K</lang>
                    <lang xml:lang="en">1/16 K</lang>
                    <lang xml:lang="ru">1/16 K</lang>
                  </description>
              </value>
                </configParam>
        <configParam number="13" type="rangemapped" size="1" default="00">
            <name>
                <lang xml:lang="de">Sendemodus für Alarm-Nachricht </lang>
                <lang xml:lang="en">Sending an alarm or control frame (for IN input, depending on parameter no.5 value), and TMP button alarm frame</lang>
                <lang xml:lang="ru">Отправлять широковещательные сообщения от IN и TMP </lang>
              </name>
                  <description>
                <lang xml:lang="de">Definiert, wie Alarmmeldungen gesendet werden. Nachrichten im Broadcast Mode werden von allen umgebenden Geräten empfangen jedoch nicht geroutet. </lang>
                <lang xml:lang="en">The frame is sent in “broadcast” mode, i.e. to all devices within range - information sent in this mode is not repeated by the mesh network. </lang>
                <lang xml:lang="ru">Широковещательные сообщения отправляются всем устройствам в сети.</lang>
              </description>
      
                  <value from="00" to="00">
                <description>
                    <lang xml:lang="de">IN und TMP Broadcast inaktiv</lang>
                    <lang xml:lang="en">IN and TMP Broadcast mode inactive</lang>
                    <lang xml:lang="ru">от IN не отправлять, от TMP не отправлять</lang>
                  </description>
              </value>
            <value from="01" to="01">
                <description>
                    <lang xml:lang="de">IN Broadcast aktiv, TMP Broadcast inaktiv</lang>
                    <lang xml:lang="en">IN broadcast mode active, TMP broadcast mode inactive</lang>
                    <lang xml:lang="ru">от IN отправлять, от TMP не отправлять</lang>
                  </description>
              </value>
            <value from="02" to="02">
                <description>
                    <lang xml:lang="de">IN Broadcast inaktiv und TMP Broadcast aktiv</lang>
                    <lang xml:lang="en">IN broadcast mode inactive, TMP broadcast mode active</lang>
                    <lang xml:lang="ru">от IN не отправлять, от TMP отправлять</lang>
                  </description>
              </value>
            <value from="03" to="03">
                <description>
                    <lang xml:lang="de">IN und TMP Broadcast aktiv</lang>
                    <lang xml:lang="en">IN and TMP broadcast mode active</lang>
                    <lang xml:lang="ru">от IN отправлять, от TMP отправлять</lang>
                  </description>
              </value>
                </configParam>
        <configParam number="14" type="rangemapped" size="1" default="00">
            <name>
                <lang xml:lang="de">Szenenaktivierungsoption des Eingangs IN</lang>
                <lang xml:lang="en">Scene activation functionality</lang>
                <lang xml:lang="ru">Использовать сцены</lang>
              </name>
                  <description>
                <lang xml:lang="de">von &quot;AUS&quot; nach &quot;EIN&quot; generiert id 10, von &quot;EIN&quot; nach &quot;AUS&quot; generiert id 11, Taste gedrückt halten generiert id 12, Loslassen generiert id 13, Doppelklick generiert id 14, Dreifachklick generiert id 15: Achtung: Szenenaktivierung entlädt die Batterie schneller. </lang>
                <lang xml:lang="en">IN input:

Switch from “off” to “on” ID10;

Switch from “on” to “off” ID11;

Remaining IDs are recognized correctly if the value of parameter

no.3 was set to 2

Holding down ID12;

Releasing ID13;

Double click ID14;

Triple click ID 15;

Scene activation functionality may shorten the battery 

life, even by 25%. </lang>
                <lang xml:lang="ru">Это устройство позволяет выполнять сцены. Команды на выполнения сцен отправляются устройствам находящимся в группе 3. Контроллеры, такие как Home Center 2, Z-Box понимают эти команды и могут исполнить сцену, ID которой указан в команде. Нажатие кнопки подключенной к IN отправляет определенный ID. Таким образом можно по двойному нажатию запускать сцену &quot;Включить везде свет&quot;, а по тройному &quot;Выключить везде свет&quot;. Для бистабильного выключателя: ID 10 - переключение с ВЫКЛ на ВКЛ; ID 11 - переключение с ВКЛ на ВЫКЛ. Для моностабильного выключателя: ID 12 - удержание; ID 13 - отпускание; ID 14 - двойное нажатие; ID 15 - тройное нажатие.</lang>
              </description>
      
                  <value from="00" to="00">
                <description>
                    <lang xml:lang="de">Deaktiviert </lang>
                    <lang xml:lang="en">functionality deactivated </lang>
                    <lang xml:lang="ru">Не использовать</lang>
                  </description>
              </value>
            <value from="01" to="01">
                <description>
                    <lang xml:lang="de">Aktiviert </lang>
                    <lang xml:lang="en">functionality activated</lang>
                    <lang xml:lang="ru">Использовать</lang>
                  </description>
              </value>
                </configParam>
      </configParams>
  
    <endpoints>
           <endpoint number="2">
            <name>
                <lang xml:lang="en"></lang>
                <lang xml:lang="ru"></lang>
              </name>
                  <description>
                <lang xml:lang="en"></lang>
                <lang xml:lang="ru"></lang>
              </description>
                  <genericClass value="21"/>
                  <specificClass value="01"/>
                  <commandClass id="0020"/>
            <commandClass id="0031"/>
          </endpoint>
           <endpoint number="1">
            <name>
                <lang xml:lang="en"></lang>
                <lang xml:lang="ru"></lang>
              </name>
                  <description>
                <lang xml:lang="en"></lang>
                <lang xml:lang="ru"></lang>
              </description>
                  <genericClass value="20"/>
                  <specificClass value="01"/>
                  <commandClass id="0030"/>
            <commandClass id="0020"/>
          </endpoint>
      </endpoints>
    
  
    <resourceLinks>
     
    <deviceImage url="http://www.pepper1.net/zwavedb/uploads/resources/caaee9747e7cd1f6c4d6d69103b2cb789164cea0.jpg" />
      </resourceLinks>
    
  </ZWaveDevice>


