<?xml version="1.0" encoding="utf-8"?>
<ZWaveDevice xmlns="http://www.pepper1.net/zwavedb/xml-schemata/z-wave" schemaVersion="2">

  <descriptorVersion>1</descriptorVersion>

  <deviceData>
            <manufacturerId value="0109"/>
        <productType value="2004"/>
    <productId value="0403"/>
    <libType value="06"/>
    <protoVersion value="03"/>
    <protoSubVersion value="34"/>
    <appVersion value="03"/>
    <appSubVersion value="05"/>
        <basicClass value="04"/>
            <genericClass value="a1"/>
            <specificClass value="00"/>
        <optional value="true"/>
    <listening value="false"/>
    <routing value="true"/>
        <beamSensor>0</beamSensor>
                    
      </deviceData>

  <deviceDescription>
                <description>
            <lang xml:lang="de">Rauchmelder</lang>
            <lang xml:lang="en">Smoke Detector</lang>
          </description>
            <wakeupNote>
            <lang xml:lang="de">Interne Taste drücken</lang>
            <lang xml:lang="en">Hit internal button</lang>
          </wakeupNote>
            <inclusionNote>
            <lang xml:lang="de">Interne Taste drücken</lang>
            <lang xml:lang="en">Hit internal button</lang>
          </inclusionNote>
            <productName>ZS6101EU 2013</productName>
            <brandName>Vision Security</brandName>
                        <batteryType>CR123A</batteryType>
            <batteryCount>1</batteryCount>
            </deviceDescription>

    <commandClasses>
        <commandClass id="0080"/>
        <commandClass id="0020" inNIF="false"/>
        <commandClass id="0084" version="2"/>
        <commandClass id="0085"/>
        <commandClass id="0086"/>
        <commandClass id="0071" version="2"/>
        <commandClass id="0072"/>
      </commandClasses>
  
    <assocGroups>
        <assocGroup number="1" maxNodes="5">
            <description>
                <lang xml:lang="de">Alarmmeldungen</lang>
                <lang xml:lang="en">Alarm Messages</lang>
              </description>
          </assocGroup>
      </assocGroups>
  
  
    
  
    <resourceLinks>
     
    <deviceImage url="http://www.pepper1.net/zwavedb/uploads/resources/c73b83440b8bbe64177288a64a0750038ad67fb3.jpg" />
      </resourceLinks>
    
  </ZWaveDevice>


