<?xml version="1.0" encoding="utf-8"?>
<ZWaveDevice xmlns="http://www.pepper1.net/zwavedb/xml-schemata/z-wave" schemaVersion="2">

  <descriptorVersion>1</descriptorVersion>

  <deviceData>
            <manufacturerId value="013c"/>
        <productType value="0002"/>
    <productId value="0002"/>
    <libType value="06"/>
    <protoVersion value="03"/>
    <protoSubVersion value="53"/>
    <appVersion value="01"/>
    <appSubVersion value="00"/>
        <basicClass value="04"/>
            <genericClass value="20"/>
            <specificClass value="01"/>
        <optional value="true"/>
    <listening value="false"/>
    <routing value="false"/>
        <beamSensor>0</beamSensor>
            <rfFrequency>Japan (922-926 MHz)</rfFrequency>
            <certId>15432</certId>
            <certNumber>ZC08-13050008</certNumber>
        
      </deviceData>

  <deviceDescription>
                <description>
            <lang xml:lang="en">PIR, door/window, temperature and illumination Sensor</lang>
          </description>
            <wakeupNote>
            <lang xml:lang="en"></lang>
          </wakeupNote>
            <inclusionNote>
            <lang xml:lang="en"></lang>
          </inclusionNote>
            <productName>Slim Multi-Sensor PSM02-3</productName>
            <brandName>Philio</brandName>
            <productLine>Philio Z-Wave Product</productLine>
            <productCode>PSM02-3</productCode>
                        </deviceDescription>

    <commandClasses>
        <commandClass id="0080"/>
        <commandClass id="0085" version="2"/>
        <commandClass id="0070"/>
        <commandClass id="0072" version="2"/>
        <commandClass id="0086"/>
        <commandClass id="0030" version="2"/>
        <commandClass id="0031" version="5"/>
        <commandClass id="0084" version="2"/>
        <commandClass id="0020"/>
      </commandClasses>
  
    <assocGroups>
        <assocGroup number="2" maxNodes="7">
            <description>
                <lang xml:lang="en"></lang>
              </description>
          </assocGroup>
        <assocGroup number="1" maxNodes="7">
            <description>
                <lang xml:lang="en"></lang>
              </description>
          </assocGroup>
      </assocGroups>
  
  
    
  
    <resourceLinks>
     
    <deviceImage url="http://www.pepper1.net/zwavedb/uploads/resources/536762cefeea1bd889d84eefbc710d39e5defdfe.jpg" />
      </resourceLinks>
    
  </ZWaveDevice>


