<?xml version="1.0" encoding="utf-8"?>
<ZWaveDevice xmlns="http://www.pepper1.net/zwavedb/xml-schemata/z-wave" schemaVersion="2">

  <descriptorVersion>1</descriptorVersion>

  <deviceData>
            <manufacturerId value="0099"/>
        <productType value="0001"/>
    <productId value="0002"/>
    <libType value="01"/>
    <protoVersion value="03"/>
    <protoSubVersion value="41"/>
    <appVersion value="01"/>
    <appSubVersion value="00"/>
        <basicClass value="02"/>
            <genericClass value="02"/>
            <specificClass value="00"/>
        <optional value="true"/>
    <listening value="true"/>
    <routing value="false"/>
        <beamSensor>0</beamSensor>
            <rfFrequency>EU</rfFrequency>
            <certId>15430</certId>
            <certNumber>ZC08-13050009</certNumber>
        
      </deviceData>

  <deviceDescription>
                <description>
            <lang xml:lang="en">Greenwave Reality Energy Gateway</lang>
          </description>
            <wakeupNote>
            <lang xml:lang="en"></lang>
          </wakeupNote>
            <inclusionNote>
            <lang xml:lang="en"></lang>
          </inclusionNote>
            <productName>Greenwave One Gateway</productName>
            <brandName>Greenwave One Gateway</brandName>
            <productLine>Greenwave Reality Energy Gateway</productLine>
            <productCode>GS1110-1-GR-1</productCode>
            <productVersion>0.18.35</productVersion>
                    </deviceDescription>

    <commandClasses>
        <commandClass id="0056" controlled="true"/>
        <commandClass id="0072" version="2" controlled="true"/>
        <commandClass id="0077"/>
        <commandClass id="0081"/>
        <commandClass id="0086" controlled="true"/>
        <commandClass id="008a"/>
        <commandClass id="008f" controlled="true"/>
        <commandClass id="0092"/>
        <commandClass id="0020" controlled="true"/>
        <commandClass id="0071" controlled="true" inNIF="false"/>
        <commandClass id="009c" controlled="true" inNIF="false"/>
        <commandClass id="0085" controlled="true" inNIF="false"/>
        <commandClass id="0080" controlled="true" inNIF="false"/>
        <commandClass id="0030" controlled="true" inNIF="false"/>
        <commandClass id="0070" controlled="true" inNIF="false"/>
        <commandClass id="0032" controlled="true" inNIF="false"/>
        <commandClass id="003d" controlled="true" inNIF="false"/>
        <commandClass id="0060" controlled="true" inNIF="false"/>
        <commandClass id="0031" controlled="true" inNIF="false"/>
        <commandClass id="0026" controlled="true" inNIF="false"/>
        <commandClass id="0000" controlled="true" inNIF="false"/>
        <commandClass id="0044" controlled="true" inNIF="false"/>
        <commandClass id="0045" controlled="true" inNIF="false"/>
        <commandClass id="0040" controlled="true" inNIF="false"/>
        <commandClass id="0042" controlled="true" inNIF="false"/>
        <commandClass id="0043" controlled="true" inNIF="false"/>
        <commandClass id="0084" controlled="true" inNIF="false"/>
      </commandClasses>
  
  
  
    
  
    <resourceLinks>
     
    <deviceImage url="http://www.pepper1.net/zwavedb/uploads/resources/bed0157aca2d8258ad37e354b63c15960e0d4261.jpg" />
      </resourceLinks>
    
  </ZWaveDevice>


