<?xml version="1.0" encoding="utf-8"?>
<ZWaveDevice xmlns="http://www.pepper1.net/zwavedb/xml-schemata/z-wave" schemaVersion="2">

  <descriptorVersion>1</descriptorVersion>

  <deviceData>
            <manufacturerId value="0126"/>
        <productType value="0001"/>
    <productId value="0006"/>
    <libType value="00"/>
    <protoVersion value="03"/>
    <protoSubVersion value="36"/>
    <appVersion value="01"/>
    <appSubVersion value="00"/>
        <basicClass value="02"/>
            <genericClass value="02"/>
            <specificClass value="00"/>
        <optional value="true"/>
    <listening value="true"/>
    <routing value="false"/>
            <rfFrequency>US</rfFrequency>
            <certId>15384</certId>
            <certNumber>ZC08-13050005</certNumber>
        
      </deviceData>

  <deviceDescription>
                <description>
            <lang xml:lang="en">Hub is an embedded in-home z-wave controller device which connects to our data centres using broadband or Cellular network. It supports both Z-wave and Zigbee.</lang>
          </description>
            <wakeupNote>
            <lang xml:lang="en"></lang>
          </wakeupNote>
            <inclusionNote>
            <lang xml:lang="en"></lang>
          </inclusionNote>
            <productName>Jupiter Hub</productName>
                <productLine>Iris</productLine>
            <productCode>HUB520</productCode>
            <productVersion>1.00</productVersion>
                    </deviceDescription>

    <commandClasses>
        <commandClass id="0071" controlled="true" inNIF="false"/>
        <commandClass id="009c" controlled="true" inNIF="false"/>
        <commandClass id="0085" controlled="true" inNIF="false"/>
        <commandClass id="0020" controlled="true" inNIF="false"/>
        <commandClass id="0080" controlled="true" inNIF="false"/>
        <commandClass id="0025" controlled="true" inNIF="false"/>
        <commandClass id="0081" controlled="true" inNIF="false"/>
        <commandClass id="0070" controlled="true" inNIF="false"/>
        <commandClass id="0062" controlled="true" inNIF="false"/>
        <commandClass id="0072" controlled="true"/>
        <commandClass id="0031" controlled="true" inNIF="false"/>
        <commandClass id="0026" controlled="true" inNIF="false"/>
        <commandClass id="0098" controlled="true"/>
        <commandClass id="0040" controlled="true" inNIF="false"/>
        <commandClass id="0043" controlled="true" inNIF="false"/>
        <commandClass id="0063" controlled="true" inNIF="false"/>
        <commandClass id="0086" controlled="true" inNIF="false"/>
        <commandClass id="0084" controlled="true" inNIF="false"/>
      </commandClasses>
  
  
  
    
  
    <resourceLinks>
     
    <deviceImage url="http://www.pepper1.net/zwavedb/uploads/resources/e78dc965f8a4b10208b68a43e130e7ea06ed7f11.jpg" />
      </resourceLinks>
    
  </ZWaveDevice>


