<?xml version="1.0" encoding="utf-8"?>
<ZWaveDevice xmlns="http://www.pepper1.net/zwavedb/xml-schemata/z-wave" schemaVersion="2">

  <descriptorVersion>1</descriptorVersion>

  <deviceData>
            <manufacturerId value="0128"/>
        <productType value="0128"/>
    <productId value="0000"/>
    <libType value="00"/>
    <protoVersion value="00"/>
    <protoSubVersion value="00"/>
    <appVersion value="00"/>
    <appSubVersion value="00"/>
                <optional value="false"/>
    <listening value="false"/>
    <routing value="false"/>
            <rfFrequency>EU</rfFrequency>
            <certId>14843</certId>
            
      </deviceData>

  <deviceDescription>
                <description>
            <lang xml:lang="en">The Eneco Display provides a 7 inch TFT screen with touch screen interface. It provides a hardware platform, a boot loader and a bare OS image. A Z-Wave hardware module is included and connected to by means of a UART connection. The Z-Wave module is programmed with a standard Z-Wave firmware image that expose the Serial API to be able to control the Z-Wave by any application running on the Display.</lang>
          </description>
            <wakeupNote>
            <lang xml:lang="en"></lang>
          </wakeupNote>
            <inclusionNote>
            <lang xml:lang="en"></lang>
          </inclusionNote>
            <productName>ED2.0 Display</productName>
            <brandName>Eneco Display</brandName>
            <productLine>Toon</productLine>
            <productCode>6500-1102-0301</productCode>
            <productVersion>1</productVersion>
                    </deviceDescription>

  
  
  
    
  
    <resourceLinks>
     
    <deviceImage url="http://www.pepper1.net/zwavedb/uploads/resources/2237a59913e167f68baa0c2ff59db76f5cd5dd23.jpg" />
      </resourceLinks>
    
  </ZWaveDevice>


