<?xml version="1.0" encoding="utf-8"?>
<ZWaveDevice xmlns="http://www.pepper1.net/zwavedb/xml-schemata/z-wave" schemaVersion="2">

  <descriptorVersion>1</descriptorVersion>

  <deviceData>
            <manufacturerId value="0059"/>
        <productType value="0001"/>
    <productId value="0001"/>
    <libType value="04"/>
    <protoVersion value="01"/>
    <protoSubVersion value="5b"/>
    <appVersion value="03"/>
    <appSubVersion value="00"/>
        <basicClass value="03"/>
            <genericClass value="08"/>
            <specificClass value="00"/>
        <optional value="true"/>
    <listening value="true"/>
    <routing value="true"/>
        <beamSensor>0</beamSensor>
            <rfFrequency>EU</rfFrequency>
            <certId>14036</certId>
            <certNumber>ZC08-10120002</certNumber>
        
      </deviceData>

  <deviceDescription>
                <description>
            <lang xml:lang="de">Einfach-Schalter zur Steuerung einer Warmwasserheizung</lang>
            <lang xml:lang="en">Single Channel Switch to control a boiler</lang>
          </description>
            <wakeupNote>
            <lang xml:lang="de"></lang>
            <lang xml:lang="en"></lang>
          </wakeupNote>
            <inclusionNote>
            <lang xml:lang="de">Gleichzeitiges Drücken von Zone 1 und Zone 2</lang>
            <lang xml:lang="en">Press Zone1 + Zone2</lang>
          </inclusionNote>
            <productName>Thermoplus ASR-RF</productName>
            <brandName>Thermoplus ASR-RF Receiver</brandName>
            <productLine>Thermoplus</productLine>
            <productCode>NU0690401000</productCode>
            <productVersion>1</productVersion>
                    </deviceDescription>

    <commandClasses>
        <commandClass id="0040"/>
        <commandClass id="0072"/>
        <commandClass id="0086"/>
      </commandClasses>
  
  
  
    
  
    <resourceLinks>
     
    <deviceImage url="http://www.pepper1.net/zwavedb/uploads/resources/04e5c692f9b6c6a5c2a26baa6cf577bbf92fabe7.jpg" />
      </resourceLinks>
    
  </ZWaveDevice>


