<?xml version="1.0" encoding="utf-8"?>
<ZWaveDevice xmlns="http://www.pepper1.net/zwavedb/xml-schemata/z-wave" schemaVersion="2">

  <descriptorVersion>1</descriptorVersion>

  <deviceData>
            <manufacturerId value="0086"/>
        <productType value="0003"/>
    <productId value="001a"/>
    <libType value="03"/>
    <protoVersion value="03"/>
    <protoSubVersion value="28"/>
    <appVersion value="03"/>
    <appSubVersion value="00"/>
        <basicClass value="04"/>
            <genericClass value="10"/>
            <specificClass value="01"/>
        <optional value="true"/>
    <listening value="true"/>
    <routing value="true"/>
        <beamSensor>0</beamSensor>
                    
      </deviceData>

  <deviceDescription>
                <description>
            <lang xml:lang="de"></lang>
            <lang xml:lang="en">Switching Insert</lang>
          </description>
            <wakeupNote>
            <lang xml:lang="de"></lang>
            <lang xml:lang="en">Single click on inclusion button</lang>
          </wakeupNote>
            <inclusionNote>
            <lang xml:lang="de"></lang>
            <lang xml:lang="en">Single click on inclusion button</lang>
          </inclusionNote>
            <productName>MES</productName>
            <brandName>Aeolabs MES</brandName>
            <productLine>MES</productLine>
                            </deviceDescription>

    <commandClasses>
        <commandClass id="0020" inNIF="false"/>
        <commandClass id="0085"/>
        <commandClass id="0086"/>
        <commandClass id="0027"/>
        <commandClass id="002b"/>
        <commandClass id="002c"/>
        <commandClass id="0070"/>
        <commandClass id="0072" version="2"/>
        <commandClass id="0025"/>
      </commandClasses>
  
    <assocGroups>
        <assocGroup number="2" maxNodes="5">
            <description>
                <lang xml:lang="de"></lang>
                <lang xml:lang="en"></lang>
              </description>
          </assocGroup>
        <assocGroup number="1" maxNodes="5">
            <description>
                <lang xml:lang="de"></lang>
                <lang xml:lang="en"></lang>
              </description>
          </assocGroup>
      </assocGroups>
  
  
    
  
    <resourceLinks>
     
    <deviceImage url="http://www.pepper1.net/zwavedb/uploads/resources/7ac4d713fbe174c30f95cdf970b3b84ac4e82252.jpg" />
      </resourceLinks>
    
  </ZWaveDevice>


