<?xml version="1.0" encoding="utf-8"?>
<ZWaveDevice xmlns="http://www.pepper1.net/zwavedb/xml-schemata/z-wave" schemaVersion="2">

  <descriptorVersion>1</descriptorVersion>

  <deviceData>
            <manufacturerId value="013c"/>
        <productType value="0001"/>
    <productId value="0006"/>
    <libType value="03"/>
    <protoVersion value="03"/>
    <protoSubVersion value="41"/>
    <appVersion value="01"/>
    <appSubVersion value="00"/>
        <basicClass value="04"/>
            <genericClass value="11"/>
            <specificClass value="07"/>
        <optional value="true"/>
    <listening value="true"/>
    <routing value="true"/>
        <beamSensor>0</beamSensor>
            <rfFrequency>EU</rfFrequency>
            <certId>15475</certId>
            <certNumber>ZC08-13070030</certNumber>
        
      </deviceData>

  <deviceDescription>
                <description>
            <lang xml:lang="de"></lang>
            <lang xml:lang="en">In-Wall Roller Shutter Controller PAN08-1</lang>
          </description>
            <wakeupNote>
            <lang xml:lang="de"></lang>
            <lang xml:lang="en"></lang>
          </wakeupNote>
            <inclusionNote>
            <lang xml:lang="de"></lang>
            <lang xml:lang="en"></lang>
          </inclusionNote>
            <productName>In-Wall Roller Shutter Controller PAN08</productName>
            <brandName>Philio</brandName>
            <productLine>Philio Z-wave Products</productLine>
            <productCode>PAN08-1</productCode>
            <productVersion>1.0</productVersion>
                    </deviceDescription>

    <commandClasses>
        <commandClass id="0020"/>
        <commandClass id="0025"/>
        <commandClass id="0026" version="3"/>
        <commandClass id="0072" version="2"/>
        <commandClass id="0086"/>
        <commandClass id="0032" version="3"/>
        <commandClass id="0085"/>
        <commandClass id="0070"/>
        <commandClass id="0071"/>
      </commandClasses>
  
    <assocGroups>
        <assocGroup number="1" maxNodes="1">
            <description>
                <lang xml:lang="de"></lang>
                <lang xml:lang="en"></lang>
              </description>
          </assocGroup>
      </assocGroups>
  
    <configParams>
        <configParam number="1" type="range" size="2" default="02d0">
            <name>
                <lang xml:lang="de">Leistungsmessung Report Periode</lang>
                <lang xml:lang="en">Watt Meter Report Period</lang>
              </name>
                  <description>
                <lang xml:lang="de">Momentanverbrauchsmeldung Periode</lang>
                <lang xml:lang="en">instant power consumption report period</lang>
              </description>
      
                  <value from="0001" to="7fff" unit="5s">
                <description>
                    <lang xml:lang="de">5*720s=3600s=1 Stunde</lang>
                    <lang xml:lang="en">5*720s=3600s=1 hour</lang>
                  </description>
              </value>
                </configParam>
        <configParam number="2" type="range" size="2" default="0006">
            <name>
                <lang xml:lang="de">KWH Messung Report Periode</lang>
                <lang xml:lang="en">KWH Meter Report Period</lang>
              </name>
                  <description>
                <lang xml:lang="de">Gesamtverbrauchsmeldung Periode</lang>
                <lang xml:lang="en">accumulated power consumption</lang>
              </description>
      
                  <value from="0001" to="7fff" unit="10min">
                <description>
                    <lang xml:lang="de">6*10min= 1 Stunde</lang>
                    <lang xml:lang="en">6*10min= 1 hour</lang>
                  </description>
              </value>
                </configParam>
        <configParam number="3" type="range" size="2" default="044c">
            <name>
                <lang xml:lang="de">Grenzwert für Leistungsalarm</lang>
                <lang xml:lang="en">Threshol d of Watt for Load Caution</lang>
              </name>
                  <description>
                <lang xml:lang="de">überschreiten des Wertes führt zum Senden eines Watt Meter Report Kommandos</lang>
                <lang xml:lang="en">exceeding the value sends a watt meter report command</lang>
              </description>
      
                  <value from="000a" to="044c" unit="1 W">
                <description>
                    <lang xml:lang="de"></lang>
                    <lang xml:lang="en"></lang>
                  </description>
              </value>
                </configParam>
        <configParam number="4" type="range" size="2" default="2710">
            <name>
                <lang xml:lang="de">Grenzwert für KWH Alarm</lang>
                <lang xml:lang="en">Threshol d of KWH for Load Caution</lang>
              </name>
                  <description>
                <lang xml:lang="de">überschreiten des Wertes führt zum Senden eines KWh Meter Report Kommandos</lang>
                <lang xml:lang="en">exceeding the value sends a KWh meter report command</lang>
              </description>
      
                  <value from="0001" to="2710" unit="1 KWh">
                <description>
                    <lang xml:lang="de"></lang>
                    <lang xml:lang="en"></lang>
                  </description>
              </value>
                </configParam>
      </configParams>
  
    
  
    <resourceLinks>
     
    <deviceImage url="http://www.pepper1.net/zwavedb/uploads/resources/5fded4209314b343fef5b3bb5634d431711c4499.jpg" />
      </resourceLinks>
    
  </ZWaveDevice>


