<?xml version="1.0" encoding="utf-8"?>
<ZWaveDevice xmlns="http://www.pepper1.net/zwavedb/xml-schemata/z-wave" schemaVersion="2">

  <descriptorVersion>1</descriptorVersion>

  <deviceData>
            <manufacturerId value="010f"/>
        <productType value="0b00"/>
    <productId value="1001"/>
    <libType value="03"/>
    <protoVersion value="03"/>
    <protoSubVersion value="34"/>
    <appVersion value="17"/>
    <appSubVersion value="17"/>
        <basicClass value="04"/>
            <genericClass value="a1"/>
            <specificClass value="02"/>
        <optional value="true"/>
    <listening value="false"/>
    <routing value="true"/>
        <beamSensor>0</beamSensor>
            <rfFrequency>US</rfFrequency>
                
      </deviceData>

  <deviceDescription>
                <description>
            <lang xml:lang="de">Überflutungssensor mit Neigungssensor und Manipulationsschutz</lang>
            <lang xml:lang="en">Flood Sensor with Temp and Tilt</lang>
            <lang xml:lang="ru">Датчик протечки со встроенным датчиком температуры и перемещения</lang>
          </description>
            <wakeupNote>
            <lang xml:lang="de"></lang>
            <lang xml:lang="en"></lang>
            <lang xml:lang="ru"></lang>
          </wakeupNote>
            <inclusionNote>
            <lang xml:lang="de"></lang>
            <lang xml:lang="en"></lang>
            <lang xml:lang="ru"></lang>
          </inclusionNote>
            <productName>Flood Sensor FGFS-101</productName>
                    <productCode>FGFS-101</productCode>
                <batteryType>CR123A</batteryType>
            <batteryCount>1</batteryCount>
            </deviceDescription>

    <commandClasses>
        <commandClass id="0060" version="2"/>
        <commandClass id="0020" inNIF="false"/>
        <commandClass id="0084"/>
        <commandClass id="0085" version="2"/>
        <commandClass id="0086"/>
        <commandClass id="0030"/>
        <commandClass id="0080"/>
        <commandClass id="008e" version="2"/>
        <commandClass id="0070"/>
        <commandClass id="0072"/>
        <commandClass id="007a"/>
        <commandClass id="009c"/>
      </commandClasses>
  
    <assocGroups>
        <assocGroup number="1" maxNodes="5">
            <description>
                <lang xml:lang="de">Flut Alarm mit BASIC Set Kommando</lang>
                <lang xml:lang="en">Flood Alarm with BASIC SET</lang>
                <lang xml:lang="ru">Для устройств управляемых датчиком протечки, отправляется BASIC SET или ALARM</lang>
              </description>
          </assocGroup>
        <assocGroup number="2" maxNodes="5">
            <description>
                <lang xml:lang="de">Neigungssensor und Programmiertaster</lang>
                <lang xml:lang="en">Tilt Sensor alarm and TMP button events</lang>
                <lang xml:lang="ru">Для устройств управляемых при срабатывании кнопки TMP и при срабатывании датчика наклона, отправляется ALARM GENERIC </lang>
              </description>
          </assocGroup>
        <assocGroup number="3" maxNodes="1">
            <description>
                <lang xml:lang="de">allgemeiner Statusreport</lang>
                <lang xml:lang="en">reports device status</lang>
                <lang xml:lang="ru">Для контроллера, которому будут отправляться отчеты о состоянии устройства</lang>
              </description>
          </assocGroup>
      </assocGroups>
  
    <configParams>
        <configParam number="1" type="range" size="2" default="0000">
            <name>
                <lang xml:lang="de">Alarm Abschalt-Verzögerung</lang>
                <lang xml:lang="en">Alarm cancellation delay</lang>
                <lang xml:lang="ru">Через какое время после устранения протечки отключать сигнал тревоги</lang>
              </name>
                  <description>
                <lang xml:lang="de">Definiert wird die Verzögerungszeit, nach der der Alarm abgeschaltet wird, wenn das Flut wieder weg ist</lang>
                <lang xml:lang="en">Delays flood alarm cancelation for the device after flooding has ceased</lang>
                <lang xml:lang="ru">Определяет период времени в секундах, в течение которого датчик протечки будет отправлять сигнал тревоги после исчезновения внешних аварийных факторов. Датчик в течение этого времени будет отчитываться главному контроллеру сети о своем аварийном состоянии. Значение этого параметра не влияет на звуковые и световые сигналы оповещения, действие которых прекращается немедленно после исчезновения внешних аварийных факторов.</lang>
              </description>
      
                  <value from="0000" to="0e10" unit="s">
                <description>
                    <lang xml:lang="de">Verzögerung in Sekunden (jeweils 1s); 0 (keine Verzögerung, direkte Beendigung des Alarms)</lang>
                    <lang xml:lang="en">delay in seconds (each 1s);
0 (no delay, immediate alarm cancelation)</lang>
                    <lang xml:lang="ru">в секундах, 0 - никогда</lang>
                  </description>
              </value>
                </configParam>
        <configParam number="2" type="rangemapped" size="1" default="03">
            <name>
                <lang xml:lang="de">Akustische und Optische Signale An/Aus bei Flut</lang>
                <lang xml:lang="en">Acoustic and visual signals On / Off in case of flooding</lang>
                <lang xml:lang="ru">Звуковое и световое оповещение ВКЛ/ВЫКЛ при протечки</lang>
              </name>
                  <description>
                <lang xml:lang="de">legt fest, ob akustisches und/oder optisches Signal bei Flut aktiviert oder deaktiviert ist</lang>
                <lang xml:lang="en">parameter allows for LED indicator and acoustic alarm deactivation in case of
flooding detection</lang>
                <lang xml:lang="ru">Этот параметр позволяет отключать звуковое и световое оповещения в случае обнаружения протечки. Изменение значения этого параметра позволяет увеличить срок службы батареи датчика. Его изменения не влияют на связь датчика с главным контроллером сети. Команды для устройств из групп ассоциаций, отчеты о состоянии и аварийных ситуациях по-прежнему будет отправляться.</lang>
              </description>
      
                  <value from="00" to="00">
                <description>
                    <lang xml:lang="de">akustischer und optischer Alarm inaktiv</lang>
                    <lang xml:lang="en">acoustic and visual alarms inactive</lang>
                    <lang xml:lang="ru">звуковое и световое оповещения отключены</lang>
                  </description>
              </value>
            <value from="01" to="01">
                <description>
                    <lang xml:lang="de">akustischer Alarm inaktiv, optischer Alarm aktiv</lang>
                    <lang xml:lang="en">acoustic alarm inactive, visual alarm active</lang>
                    <lang xml:lang="ru">звуковое оповещение отключено, световое оповещение включено</lang>
                  </description>
              </value>
            <value from="02" to="02">
                <description>
                    <lang xml:lang="de">akustischer Alarm aktiv, optischer Alarm inaktiv</lang>
                    <lang xml:lang="en">acoustic alarm active, visual alarm inactive</lang>
                    <lang xml:lang="ru">звуковое оповещение включено, световое оповещение отключено</lang>
                  </description>
              </value>
            <value from="03" to="03">
                <description>
                    <lang xml:lang="de">akustischer und optischer Alarm aktiv</lang>
                    <lang xml:lang="en">acoustic and visual alarms active</lang>
                    <lang xml:lang="ru">звуковое и световое оповещения включены</lang>
                  </description>
              </value>
                </configParam>
        <configParam number="5" type="rangemapped" size="1" default="81">
            <name>
                <lang xml:lang="de">Typ des Alarms für die 1. Assoziationsgruppe (Flut)</lang>
                <lang xml:lang="en">Type of alarm frame sent to 1-st association group (FLOOD)</lang>
                <lang xml:lang="ru">Тип сигнала тревоги для устройств из группы №1 (Протечка)</lang>
              </name>
                  <description>
                <lang xml:lang="de">legt fest, welches Kommando vom Sensor bei Flut oder Flutende gesendet wird</lang>
                <lang xml:lang="en">parameter determines a type of command frame sent by the Sensor in case
flooding has been detected or cancelled</lang>
                <lang xml:lang="ru">Параметр определяет тип сигнала тревоги, посылаемого датчиком в случае обнаружения протечки или его отмены.</lang>
              </description>
      
                  <value from="00" to="00">
                <description>
                    <lang xml:lang="de">ALARM WATER command frame</lang>
                    <lang xml:lang="en">ALARM WATER command frame</lang>
                    <lang xml:lang="ru">ALARM WATER</lang>
                  </description>
              </value>
            <value from="81" to="81">
                <description>
                    <lang xml:lang="de">BASIC SET command frame</lang>
                    <lang xml:lang="en">BASIC SET command frame</lang>
                    <lang xml:lang="ru">BASIС SET</lang>
                  </description>
              </value>
                </configParam>
        <configParam number="7" type="range" size="1" default="63">
            <name>
                <lang xml:lang="de">prozentuales Niveau beim Senden an erste Assoziationsgruppe</lang>
                <lang xml:lang="en">Forced dimming level sent to 1-st association group devices</lang>
                <lang xml:lang="ru">Уровень диммирования/процент открытия жалюзи, отправляемый устройствам из группы №1</lang>
              </name>
                  <description>
                <lang xml:lang="de">legt fest, welches Niveau ein Dimmer oder eine Jalousie beim Senden die erste Assoziationsgruppe erhält</lang>
                <lang xml:lang="en">Forced dimming level / roller blind opening level, when sending turn on /
open</lang>
                <lang xml:lang="ru">Значение 255 включит диммер на последний установленный уровень, значение 30 включит диммер на 30%.</lang>
              </description>
      
                  <value from="01" to="63" unit="%">
                <description>
                    <lang xml:lang="de">1-99 (oder 255)</lang>
                    <lang xml:lang="en">1-99 (or 255)</lang>
                    <lang xml:lang="ru">1-99 (или 255)</lang>
                  </description>
              </value>
                </configParam>
        <configParam number="9" type="rangemapped" size="1" default="00">
            <name>
                <lang xml:lang="de">Aktivieren oder deaktivieren der Alarmmeldung nach Ende der Flut</lang>
                <lang xml:lang="en">Alarm cancelling or turning a device off (Basic) command frame deactivation</lang>
                <lang xml:lang="ru">Отмена “Отключение сигнала тревоги” или “Отправка команды ВЫКЛ” для устройств из группы №1</lang>
              </name>
                  <description>
                <lang xml:lang="de">Blockiert oder lässt zu, dass die Alarmmeldung nach Flutende abgeschaltet wird</lang>
                <lang xml:lang="en">Allows for deactivating device turn off and alarm cancellation functions for the
devices assigned to 1-st association group</lang>
                <lang xml:lang="ru">Значение параметра, равное 0, приводит к отмене отправки сообщений  BASIC SET = 0 или ALARM WATER = 0. То есть, после возникновения аварийной ситуации устройство будет продолжать отправку сигнала тревоги даже, если все внешние аварийные факторы прекратили свое действие. Такой режим работы может быть в дальнейшем отключен через МЕНЮ, отмеченное зеленым светодиодом.</lang>
              </description>
      
                  <value from="00" to="00">
                <description>
                    <lang xml:lang="de">Alarmbeendigung (Flut) inaktiv</lang>
                    <lang xml:lang="en">Alarm (flooding) cancellation inactive</lang>
                    <lang xml:lang="ru">Отмена сигнала тревоги не активна</lang>
                  </description>
              </value>
            <value from="01" to="01">
                <description>
                    <lang xml:lang="de">Alarmbeendigung (Flut) aktiv</lang>
                    <lang xml:lang="en">Alarm (flooding) cancellation active</lang>
                    <lang xml:lang="ru">Отмена сигнала тревоги активна</lang>
                  </description>
              </value>
                </configParam>
        <configParam number="10" type="range" size="2" default="012c">
            <name>
                <lang xml:lang="de">Temperatur Mess-Intervalle</lang>
                <lang xml:lang="en">Temperature measurement interval</lang>
                <lang xml:lang="ru">Период измерения температуры</lang>
              </name>
                  <description>
                <lang xml:lang="de">Zeit-Intervalle, in Sekunden, zwischen den Temperaturmessungen</lang>
                <lang xml:lang="en">Time interval, in seconds, between consecutive temperature measurements</lang>
                <lang xml:lang="ru">Временной интервал, в секундах, через который будут проводиться измерения температуры воздуха внутренним температурным датчиком. Измеренное значение будет передано главному контроллеру сети в случае, если оно изменилось по сравнению с предыдущим на величину, большую, чем гистерезис (определяется параметром №12). Этот параметр определяет величину временного интервала, через который Fibaro Flood Sensor будет измерять температуру окружающего воздуха и уровень заряда батареи, а затем отправлять их значения на главный контроллер.
Если измеренная температура отличается от измеренной ранее на величину большую, чем определяемая параметром №12 (например, P12 = 50, то есть, гистерезис равен 0.5°С), то на контроллер будет отправлено новое значение температуры. Если уровень заряда батареи изменяется, его новая величина отправляется на контроллер посредством отчета Battery Report.
Значение этого параметра чрезвычайно важно в режиме работы от батареек – больший период измерения означает менее частые сеансы связи, что увеличивает срок службы батареек.
После последовательных НЕУДАВШЕЙСЯ и УДАВШЕЙСЯ попыток связи датчик переходит в режим ожидания.</lang>
              </description>
      
                  <value from="0001" to="7fff" unit="s">
                <description>
                    <lang xml:lang="de">Zeitintervall in Sekunden</lang>
                    <lang xml:lang="en">Time interval in seconds</lang>
                    <lang xml:lang="ru">В секундах</lang>
                  </description>
              </value>
                </configParam>
        <configParam number="12" type="range" size="2" default="0032">
            <name>
                <lang xml:lang="de">Temperatur Mess-Schaltschwelle</lang>
                <lang xml:lang="en">Temperature measurement hysteresis</lang>
                <lang xml:lang="ru">Отчет при изменении температуры на определенную величину (гистерезис)</lang>
              </name>
                  <description>
                <lang xml:lang="de">definiert den Temperaturunterschied, bei dem ein Temperaturreport gesendet wird</lang>
                <lang xml:lang="en">Determines a minimum temperature change value (insensitivity level), resulting in
a temperature report being sent</lang>
                <lang xml:lang="ru">Этот параметр определяет величину температуры, при изменении на которую отправляется отчет главному контроллеру сети, в соответствии со значением параметра №10.</lang>
              </description>
      
                  <value from="0001" to="03e8" unit="°C">
                <description>
                    <lang xml:lang="de">alle 0,01°C;
(standard 50 = 0,5°C)</lang>
                    <lang xml:lang="en">each 0,01°C;
(default 50 = 0,5°C)</lang>
                    <lang xml:lang="ru">1 = 0,01°C
(по умолчанию 50 = 0,5°C)</lang>
                  </description>
              </value>
                </configParam>
        <configParam number="13" type="rangemapped" size="1" default="00">
            <name>
                <lang xml:lang="de">Alarm BROADCAST</lang>
                <lang xml:lang="en">Alarm BROADCAST</lang>
                <lang xml:lang="ru">Широковещательный сигнал тревоги</lang>
              </name>
                  <description>
                <lang xml:lang="de">Werte außer 0 führen zum Aussenden eines BROADCAST (mit höherer Priorität als alle anderen Sendungen) an alle Geräte in direkter Reichweite des Senders</lang>
                <lang xml:lang="en">Value other than 0 means alarms are sent in BROADCAST mode (with a priority
over other communicates), to all devices within the Sensor’s range</lang>
                <lang xml:lang="ru">Значения параметра, отличное от 0,  означает, что все сигналы тревоги будут посылаться широковещательно (BROADCAST) всем устройствам в зоне действия радиосвязи датчика Fibaro Flood Sensor (с приоритетом над другими пересылаемыми сообщениями). </lang>
              </description>
      
                  <value from="00" to="00">
                <description>
                    <lang xml:lang="de">broadcasts inaktiv</lang>
                    <lang xml:lang="en">broadcasts inactive</lang>
                    <lang xml:lang="ru">широковещательные сообщения отключены</lang>
                  </description>
              </value>
            <value from="01" to="01">
                <description>
                    <lang xml:lang="de">Flut (1. Assoziationsgruppe) broadcast aktiv; Schutzschalter (2. Assoziationsgruppe) broadcast inaktiv</lang>
                    <lang xml:lang="en">flood (1-st Association Group) broadcast active; tamper (2-nd Association
Group) broadcast inactive</lang>
                    <lang xml:lang="ru">широковещательное оповещение о затоплении (для группы №1) включено, широковещательное сообщения о сработке темпера (для группы №2) выключено</lang>
                  </description>
              </value>
            <value from="02" to="02">
                <description>
                    <lang xml:lang="de">Flut broadcast inaktiv; Schutzschalter broadcast aktiv</lang>
                    <lang xml:lang="en">flood broadcast inactive; tamper broadcast active</lang>
                    <lang xml:lang="ru">широковещательное оповещение о затоплении выключено, широковещательное сообщения о сработке темпера включено</lang>
                  </description>
              </value>
            <value from="03" to="03">
                <description>
                    <lang xml:lang="de">Flut broadcast aktiv; Schutzschalter broadcast aktiv</lang>
                    <lang xml:lang="en">flood broadcast active; tamper broadcast active</lang>
                    <lang xml:lang="ru">широковещательное оповещение о затоплении включено, широковещательное сообщения о сработке темпера включено</lang>
                  </description>
              </value>
                </configParam>
        <configParam number="50" type="range" size="2" default="05dc">
            <name>
                <lang xml:lang="de">untere Temperatur-Alarm-Grenze</lang>
                <lang xml:lang="en">Low temperature alarm threshold</lang>
                <lang xml:lang="ru">Настройка нижней критичной границы температуры</lang>
              </name>
                  <description>
                <lang xml:lang="de">Temperatur-Wert unter dem die Anzeige LED mit einstellbarer Farbe blinkt</lang>
                <lang xml:lang="en">parameter stores a temperature value, below which LED indicator blinks with
a definable colour</lang>
                <lang xml:lang="ru">Этот параметр определяет значение температуры, ниже которой светодиодный индикатор будет мигать цветом, определяющимся параметром №61. По умолчанию светодиодный индикатор мигает синим цветом.</lang>
              </description>
      
                  <value from="d8f0" to="2710" unit="0,01°C">
                <description>
                    <lang xml:lang="de">Wert 1500 (15,00°C)</lang>
                    <lang xml:lang="en">value 1500 (15,00°C)</lang>
                    <lang xml:lang="ru">1 =  0.01°С (по умолчанию 1500 = 15,0 °C)</lang>
                  </description>
              </value>
                </configParam>
        <configParam number="51" type="range" size="2" default="0dac">
            <name>
                <lang xml:lang="de">obere Temperatur-Alarm-Grenze</lang>
                <lang xml:lang="en">High temperature alarm threshold</lang>
                <lang xml:lang="ru">Настройка верхней критичной границы температуры</lang>
              </name>
                  <description>
                <lang xml:lang="de">Temperatur-Wert über dem die Anzeige LED mit einstellbarer Farbe blinkt</lang>
                <lang xml:lang="en">parameter stores a temperature value, above which LED indicator blinks with
a definable colour</lang>
                <lang xml:lang="ru">Этот параметр определяет значение температуры, выше которой светодиодный индикатор будет мигать цветом, определяющимся параметром №62. По умолчанию светодиодный индикатор мигает красным цветом.</lang>
              </description>
      
                  <value from="d8f0" to="2710" unit="0,01°C">
                <description>
                    <lang xml:lang="de">Wert 3500 (35,0°C)</lang>
                    <lang xml:lang="en">value 3500 (35,0°C)</lang>
                    <lang xml:lang="ru">1 =  0.01°С (по умолчанию 3500 = 35,0 °C)</lang>
                  </description>
              </value>
                </configParam>
        <configParam number="61" type="range" size="4" default="000000ff">
            <name>
                <lang xml:lang="de">untere Temperatur-Alarm-Grenze LED Farbe</lang>
                <lang xml:lang="en">Low temperature alarm indicator LED colour</lang>
                <lang xml:lang="ru">Цвет светодиодного индикатора, предупреждающего о низкой температуре</lang>
              </name>
                  <description>
                <lang xml:lang="de">Parameter speichert RGB Farbwert</lang>
                <lang xml:lang="en">Parameter stores RGB colour value</lang>
                <lang xml:lang="ru">Главный контроллер сети воспринимает цвет как сумму значений его компонент (в формате RGB). Каждому цвету при этом соответствует значение от 0 до 255. Пример: Цвет индикатора= 65536 * КРАСНЫЙ + 256 * ЗЕЛЕНЫЙ + СИНИЙ</lang>
              </description>
      
                  <value from="00000000" to="00ffffff">
                <description>
                    <lang xml:lang="de">255 (Blau 0x000000FF)</lang>
                    <lang xml:lang="en">255 (blue 0x000000FF)</lang>
                    <lang xml:lang="ru">255 (синий 0x000000FF)</lang>
                  </description>
              </value>
                </configParam>
        <configParam number="62" type="range" size="4" default="00ff0000">
            <name>
                <lang xml:lang="de">obere Temperatur-Alarm-Grenze LED Farbe</lang>
                <lang xml:lang="en">High temperature alarm indicator LED colour</lang>
                <lang xml:lang="ru">Цвет сигнального индикатора, предупреждающего о высокой температуре</lang>
              </name>
                  <description>
                <lang xml:lang="de">Parameter speichert RGB Farbwert</lang>
                <lang xml:lang="en">Parameter stores RGB colour value</lang>
                <lang xml:lang="ru">Главный контроллер сети воспринимает цвет как сумму значений его компонент (в формате RGB). Каждому цвету при этом соответствует значение от 0 до 255. Пример: Цвет индикатора= 65536 * КРАСНЫЙ + 256 * ЗЕЛЕНЫЙ + СИНИЙ</lang>
              </description>
      
                  <value from="00000000" to="00ffffff">
                <description>
                    <lang xml:lang="de">16711680 (Rot 0x00FF0000)</lang>
                    <lang xml:lang="en">16711680 (red 0x00FF0000)</lang>
                    <lang xml:lang="ru">16711680 (красный 0x00FF0000)</lang>
                  </description>
              </value>
                </configParam>
        <configParam number="63" type="rangemapped" size="1" default="02">
            <name>
                <lang xml:lang="de">Festlegen der Anzeige LED Einstellungen</lang>
                <lang xml:lang="en">Managing a LED indicator under standard operation</lang>
                <lang xml:lang="ru">Управление светодиодным индикатором в стандартных условиях эксплуатации</lang>
              </name>
                  <description>
                <lang xml:lang="de">Parameter legt die Funktion der Anzeige LED fest. Wert 0 deaktiviert die LED um Strom zu sparen</lang>
                <lang xml:lang="en">Parameter determines LED indicator’s operation. Set to 0 turns the indicator off,
saving a battery life</lang>
                <lang xml:lang="ru">Этот параметр определяет режим работы светодиодного индикатора. Если установить параметру значения «0», то светодиод отключится, сохраняя заряд батареи.</lang>
              </description>
      
                  <value from="00" to="00">
                <description>
                    <lang xml:lang="de">LED Anzeige zeigt keine Temperatur an</lang>
                    <lang xml:lang="en">LED indicator doesn’t indicate the temperature</lang>
                    <lang xml:lang="ru">Светодиодный индикатор не отображает температуру</lang>
                  </description>
              </value>
            <value from="01" to="01">
                <description>
                    <lang xml:lang="de">LED Anzeige zeigt die Temperatur und blinkt bei jeder Temperatur-Messung (Parameter 10, Netzbetrieb und Batteriebetrieb) oder Wake Up Interval (Batteriebetrieb)</lang>
                    <lang xml:lang="en">LED indicator indicates the temperature (blink) every Temperature
Measurement Interval (Parameter 10, constant current and battery) or Wake
Up Interval (battery mode)</lang>
                    <lang xml:lang="ru">Светодиодный индикатор отображает температуру (мигает) на каждом интервале измерения температуры (параметр №10, питание  от батареи или от блока питания) или каждом интервале пробуждения (в режиме работы от батареи).</lang>
                  </description>
              </value>
            <value from="02" to="02">
                <description>
                    <lang xml:lang="de">LED Anzeige zeigt die Temperatur fortlaufend an, nur im Batteriebetrieb</lang>
                    <lang xml:lang="en">LED indicator indicates the temperature continuously, only in constant power
mode</lang>
                    <lang xml:lang="ru">Светодиодный индикатор постоянно отображает температуру. Этот режим доступен только при питании устройства  от блока питания.</lang>
                  </description>
              </value>
                </configParam>
        <configParam number="73" type="range" size="2" default="0000">
            <name>
                <lang xml:lang="de">Temperatur Messungs-Ausgleich</lang>
                <lang xml:lang="en">Temperature measurement compensation</lang>
                <lang xml:lang="ru">Компенсация при измерении температуры</lang>
              </name>
                  <description>
                <lang xml:lang="de">Parameter speichert Temperaturwert, der vom Messwert addiert oder subtrahiert wird, um Messabweichungen auszugleichen</lang>
                <lang xml:lang="en">Parameter stores a temperature value to be added to or deducted from the current
temperature measured to compensate temperature deflection</lang>
                <lang xml:lang="ru">Этот параметр хранит в себе значение температуры, которая должна быть добавлена (или вычтена, в зависимости от знака) к температуре, измеряемой внутренним температурным датчиком. Эта коррекция необходима для того, чтобы учесть разницу температур воздуха на уровне пола и на уровне датчика. </lang>
              </description>
      
                  <value from="d8f0" to="2710" unit="0,00°C">
                <description>
                    <lang xml:lang="de"></lang>
                    <lang xml:lang="en"></lang>
                    <lang xml:lang="ru"></lang>
                  </description>
              </value>
                </configParam>
        <configParam number="74" type="rangemapped" size="1" default="02">
            <name>
                <lang xml:lang="de">Alarm Frame für die 2. Assoziationsgruppe</lang>
                <lang xml:lang="en">Alarm frame sent to 2-nd Association Group activation</lang>
                <lang xml:lang="ru">Отключение сигнала тревоги для устройств из группы №2</lang>
              </name>
                  <description>
                <lang xml:lang="de">Parameter legt fest, welche Sensoren einen Alarm an die 2. Assoziationsgruppe senden</lang>
                <lang xml:lang="en">parameter to device wich sensors send Alarm to 2. association group</lang>
                <lang xml:lang="ru">Настройка данного параметра позволяет включить отправку сигналов, оповещающих о вибрациях датчика (например, при его перемещениях) или о отжатии кнопки TMP (вскрытие). Сигналы тревоги для группы №2 при этом не отключаются.</lang>
              </description>
      
                  <value from="00" to="00">
                <description>
                    <lang xml:lang="de">Schutzschalter-Alarme inaktiv</lang>
                    <lang xml:lang="en">tamper alarms inactive</lang>
                    <lang xml:lang="ru">Отключение оповещений о перемещении датчика и вскрытии</lang>
                  </description>
              </value>
            <value from="01" to="01">
                <description>
                    <lang xml:lang="de">Manipulationsschutzschalter-Alarm aktiv</lang>
                    <lang xml:lang="en">button tamper alarm active</lang>
                    <lang xml:lang="ru">Включение оповещений о вскрытии датчика</lang>
                  </description>
              </value>
            <value from="02" to="02">
                <description>
                    <lang xml:lang="de">Bewegungsschutzschalter-Alarm aktiv</lang>
                    <lang xml:lang="en">movement tamper alarm active</lang>
                    <lang xml:lang="ru">Включение оповещений о перемещении датчика</lang>
                  </description>
              </value>
            <value from="03" to="03">
                <description>
                    <lang xml:lang="de">Manipulations- und Bewegungsschutzschalter aktiv</lang>
                    <lang xml:lang="en">button and movement tampers alarm active</lang>
                    <lang xml:lang="ru">Включение оповещений о перемещении датчика и вскрытии</lang>
                  </description>
              </value>
                </configParam>
        <configParam number="75" type="range" size="2" default="0000">
            <name>
                <lang xml:lang="de">optische und akustische Alarmdauer</lang>
                <lang xml:lang="en">Visual and audible alarms duration</lang>
                <lang xml:lang="ru">Длительность звуковых и световых оповещений</lang>
              </name>
                  <description>
                <lang xml:lang="de">Parameter legt fest, nach welcher Dauer der optische und akustische Alarm endet</lang>
                <lang xml:lang="en">parameter determines a time period after which visual and audible alarm will become “quiet”</lang>
                <lang xml:lang="ru">При желании пользователь может отключить звуковое оповещение датчика Fibaro Flood Sensor. Это обуславливается тем, что оповещение об аварийной ситуации может продолжаться в течение долгого периода времени, а своевременное отключение звуковых и световых сигналов позволит сохранить заряд батареи устройства. Значение этого параметра определяет длительность периода времени, после которого сигнализация датчика перейдет в «тихий» режим (оповещение об аварийной ситуации продолжается, однако устройство переходит в режим экономии заряда батареи). Звуковые и световые сигналы оповещения будут выключены по прошествии времени, указанном в параметре №76. Сигнал тревоги отключится сразу же как только будет устранена аварийная ситуацию.
Значение этого параметра 0 означает, что звуковые и световые сигналы оповещения не будут отключаться, пока существует аварийная ситуация. В режиме работы от батареи, в этом случае, устройство не будет переходить в спящий режим, что может значительно сократить заряд батареи. Значение этого параметра игнорируется, если значение параметра №2 равно 0.</lang>
              </description>
      
                  <value from="0000" to="7fff" unit="s">
                <description>
                    <lang xml:lang="de">Wert 0 bedeutet optischer und akustischer Alarm werden nicht beendet</lang>
                    <lang xml:lang="en">value of 0 means visual and acoustic alarms are active indefinitely</lang>
                    <lang xml:lang="ru">в секундах, 0 - тревога не будет отключаться</lang>
                  </description>
              </value>
                </configParam>
        <configParam number="76" type="range" size="2" default="0000">
            <name>
                <lang xml:lang="de">Alarm Frame/Basic Set Frame Zeit für erneutes Aussenden bei anhaltender Flut</lang>
                <lang xml:lang="en">Alarm frame / Basic Set frame retransmission time when retaining flood alarm</lang>
                <lang xml:lang="ru">Величина задержки перед повторной отправкой сигнала оповещения  (Alarm или Basic Set)</lang>
              </name>
                  <description>
                <lang xml:lang="de">Parameter legt fest, nach welcher Zeit ein Alarm Frame erneut ausgesendet wird</lang>
                <lang xml:lang="en">Parameter determines a time period after which an alarm frame will be retransmitted</lang>
                <lang xml:lang="ru">Значение этого параметра определяет, через какой интервал времени по сети будет послан повторный сигнал оповещения об аварийной ситуации. Значение 0 означает, что сигнал оповещения посылаться не будет. В случае если интервал времени в этом параметре будет установлен меньшим, чем в параметре №75, устройство никогда не остановит передачу сигнала самостоятельно, оповещение будет работать всегда.</lang>
              </description>
      
                  <value from="0000" to="7fff" unit="s">
                <description>
                    <lang xml:lang="de">Wert 0 deaktiviert das erneute Aussenden des Alarms</lang>
                    <lang xml:lang="en">value of 0 cancels an alarm frame retransmission</lang>
                    <lang xml:lang="ru">в секундах, 0 - тревога не будет отправляться</lang>
                  </description>
              </value>
                </configParam>
        <configParam number="77" type="range" size="1" default="00">
            <name>
                <lang xml:lang="de">Flutsensor Funktion deaktivieren</lang>
                <lang xml:lang="en">Flood sensor functionality turned off</lang>
                <lang xml:lang="ru">Отключение функции обнаружения протечки</lang>
              </name>
                  <description>
                <lang xml:lang="de">Aktivieren/Deaktivieren des internen Flutsensors. Schutzschalter und Temperatursensor bleiben aktiv</lang>
                <lang xml:lang="en">Allows for turning off the internal flood sensor. Tamper and built in temperature
sensor will remain active.</lang>
                <lang xml:lang="ru">Этот параметр позволяет настроить режим работы датчика протечки. Значение этого параметра не влияет на работу встроенного датчика перемещения и температурного датчика – они будут работать всегда.</lang>
              </description>
      
                  <value from="00" to="00">
                <description>
                    <lang xml:lang="de">Normale Funktion des Flutsensors (Flut-Erkennung, Reaktionen)</lang>
                    <lang xml:lang="en">Default flood sensor operation (flood detection, reactions)</lang>
                    <lang xml:lang="ru">Функции обнаружения протечки работает</lang>
                  </description>
              </value>
            <value from="01" to="01">
                <description>
                    <lang xml:lang="de">Flutsensor deaktiviert (Status im Controller ändert sich nicht, sendet keine Alarme und Basic Set Frames mit Änderungen des Flutstatus. Anzeige im Controller immer &quot;Aus&quot;)</lang>
                    <lang xml:lang="en">Built in flood sensor TURNED OFF (doesn’t change its state in the main
controller, doesn’t send Alarms and Basic Set frames with flood state changes.
Always visible in the main controller as turned off)</lang>
                    <lang xml:lang="ru">Встроенный датчик протечки отключен</lang>
                  </description>
              </value>
                </configParam>
      </configParams>
  
    <endpoints>
           <endpoint number="2">
            <name>
                <lang xml:lang="de"></lang>
                <lang xml:lang="en"></lang>
                <lang xml:lang="ru"></lang>
              </name>
                  <description>
                <lang xml:lang="de"></lang>
                <lang xml:lang="en"></lang>
                <lang xml:lang="ru"></lang>
              </description>
                  <genericClass value="21"/>
                  <specificClass value="01"/>
                  <commandClass id="0020"/>
            <commandClass id="0031"/>
          </endpoint>
           <endpoint number="1">
            <name>
                <lang xml:lang="de"></lang>
                <lang xml:lang="en"></lang>
                <lang xml:lang="ru"></lang>
              </name>
                  <description>
                <lang xml:lang="de"></lang>
                <lang xml:lang="en"></lang>
                <lang xml:lang="ru"></lang>
              </description>
                  <genericClass value="20"/>
                  <specificClass value="01"/>
                  <commandClass id="0030"/>
            <commandClass id="0020"/>
          </endpoint>
      </endpoints>
    
  
    <resourceLinks>
     
    <deviceImage url="http://www.pepper1.net/zwavedb/uploads/resources/f79b4f7a9cdb77704b9903d483062e79b3628cb0.png" />
      </resourceLinks>
    
  </ZWaveDevice>


