<?xml version="1.0" encoding="utf-8"?>
<ZWaveDevice xmlns="http://www.pepper1.net/zwavedb/xml-schemata/z-wave" schemaVersion="2">

  <descriptorVersion>1</descriptorVersion>

  <deviceData>
            <manufacturerId value="0109"/>
        <productType value="2008"/>
    <productId value="0803"/>
    <libType value="06"/>
    <protoVersion value="03"/>
    <protoSubVersion value="52"/>
    <appVersion value="01"/>
    <appSubVersion value="10"/>
        <basicClass value="04"/>
            <genericClass value="11"/>
            <specificClass value="01"/>
        <optional value="true"/>
    <listening value="true"/>
    <routing value="false"/>
        <beamSensor>0</beamSensor>
            <rfFrequency>US</rfFrequency>
            <certId>15216</certId>
            <certNumber>ZC08-13080008</certNumber>
        
      </deviceData>

  <deviceDescription>
                <description>
            <lang xml:lang="en">Dimmer Module</lang>
          </description>
            <wakeupNote>
            <lang xml:lang="en"></lang>
          </wakeupNote>
            <inclusionNote>
            <lang xml:lang="en"></lang>
          </inclusionNote>
            <productName>Lamp Dimmer Module</productName>
            <brandName>Vision</brandName>
            <productLine>Home Security</productLine>
            <productCode>08</productCode>
            <productVersion>03</productVersion>
                    </deviceDescription>

    <commandClasses>
        <commandClass id="0026"/>
        <commandClass id="0027"/>
        <commandClass id="0075"/>
        <commandClass id="0072"/>
        <commandClass id="0086"/>
        <commandClass id="0020"/>
      </commandClasses>
  
  
  
    
  
    <resourceLinks>
     
    <deviceImage url="http://www.pepper1.net/zwavedb/uploads/resources/92de311432843b308e26ea2ac1178ed6cae5fb1b.jpg" />
      </resourceLinks>
    
  </ZWaveDevice>


