<?xml version="1.0" encoding="utf-8"?>
<ZWaveDevice xmlns="http://www.pepper1.net/zwavedb/xml-schemata/z-wave" schemaVersion="2">

  <descriptorVersion>1</descriptorVersion>

  <deviceData>
            <manufacturerId value="0138"/>
        <productType value="0001"/>
    <productId value="0002"/>
    <libType value="06"/>
    <protoVersion value="03"/>
    <protoSubVersion value="52"/>
    <appVersion value="00"/>
    <appSubVersion value="03"/>
        <basicClass value="04"/>
            <genericClass value="a1"/>
            <specificClass value="00"/>
        <optional value="true"/>
    <listening value="false"/>
    <routing value="false"/>
        <beamSensor>0</beamSensor>
            <rfFrequency>US</rfFrequency>
            <certId>15444</certId>
            <certNumber>ZC08-13060006</certNumber>
        
      </deviceData>

  <deviceDescription>
                <description>
            <lang xml:lang="en">Smoke and Cabon Monoxide detector</lang>
          </description>
            <wakeupNote>
            <lang xml:lang="en"></lang>
          </wakeupNote>
            <inclusionNote>
            <lang xml:lang="en"></lang>
          </inclusionNote>
            <productName>Smoke and Carbon and Monoxide Alarm</productName>
            <brandName>First Alert</brandName>
            <productLine>Smoke and Carbon Monoxide Alarms</productLine>
            <productCode>ZCOMBO</productCode>
            <productVersion>0.03</productVersion>
                    </deviceDescription>

    <commandClasses>
        <commandClass id="0020"/>
        <commandClass id="0080"/>
        <commandClass id="0070"/>
        <commandClass id="0085"/>
        <commandClass id="0071"/>
        <commandClass id="0072"/>
        <commandClass id="0086"/>
      </commandClasses>
  
    <assocGroups>
        <assocGroup number="1" maxNodes="5">
            <description>
                <lang xml:lang="en"></lang>
              </description>
          </assocGroup>
      </assocGroups>
  
    <configParams>
        <configParam number="1" type="rangemapped" size="1" default="00">
            <name>
                <lang xml:lang="en"></lang>
              </name>
                  <description>
                <lang xml:lang="en">when set to 1 causes the device to send double
alarm messages</lang>
              </description>
      
          </configParam>
      </configParams>
  
    
  
    <resourceLinks>
     
    <deviceImage url="http://www.pepper1.net/zwavedb/uploads/resources/32d3f5666ca62e7b23d09c269f684d10b455d58c.jpg" />
      </resourceLinks>
    
  </ZWaveDevice>


