<?xml version="1.0" encoding="utf-8"?>
<ZWaveDevice xmlns="http://www.pepper1.net/zwavedb/xml-schemata/z-wave" schemaVersion="2">

  <descriptorVersion>1</descriptorVersion>

  <deviceData>
            <manufacturerId value="0002"/>
        <productType value="8004"/>
    <productId value="2000"/>
    <libType value="01"/>
    <protoVersion value="02"/>
    <protoSubVersion value="67"/>
    <appVersion value="05"/>
    <appSubVersion value="05"/>
        <basicClass value="02"/>
            <genericClass value="10"/>
            <specificClass value="00"/>
        <optional value="true"/>
    <listening value="true"/>
    <routing value="false"/>
        <beamSensor>0</beamSensor>
            <rfFrequency>EU</rfFrequency>
                
      </deviceData>

  <deviceDescription>
                <description>
            <lang xml:lang="en">230VAC powered static controller with binary switch capability, containing 3 power relay.</lang>
          </description>
            <wakeupNote>
            <lang xml:lang="en"></lang>
          </wakeupNote>
            <inclusionNote>
            <lang xml:lang="en"></lang>
          </inclusionNote>
            <productName>RXZ3 (RF relay switching unit)</productName>
            <brandName>RXZ3</brandName>
            <productLine>Z-wave products</productLine>
            <productCode>087N743100</productCode>
            <productVersion>N/A</productVersion>
                    </deviceDescription>

    <commandClasses>
        <commandClass id="0025"/>
        <commandClass id="0060" version="3"/>
        <commandClass id="0091"/>
        <commandClass id="0072"/>
        <commandClass id="008f"/>
        <commandClass id="0086"/>
        <commandClass id="0043"/>
        <commandClass id="0020"/>
      </commandClasses>
  
  
  
    <endpoints>
           <endpoint number="3">
            <name>
                <lang xml:lang="en"></lang>
              </name>
                  <description>
                <lang xml:lang="en"></lang>
              </description>
                  <genericClass value="10"/>
                  <specificClass value="00"/>
                  <commandClass id="0025"/>
            <commandClass id="0020"/>
            <commandClass id="0043"/>
          </endpoint>
           <endpoint number="2">
            <name>
                <lang xml:lang="en"></lang>
              </name>
                  <description>
                <lang xml:lang="en"></lang>
              </description>
                  <genericClass value="10"/>
                  <specificClass value="00"/>
                  <commandClass id="0025"/>
            <commandClass id="0020"/>
            <commandClass id="0043"/>
          </endpoint>
           <endpoint number="1">
            <name>
                <lang xml:lang="en"></lang>
              </name>
                  <description>
                <lang xml:lang="en"></lang>
              </description>
                  <genericClass value="10"/>
                  <specificClass value="00"/>
                  <commandClass id="0025"/>
            <commandClass id="0020"/>
            <commandClass id="0043"/>
          </endpoint>
      </endpoints>
    
  
    <resourceLinks>
     
    <deviceImage url="http://www.pepper1.net/zwavedb/uploads/resources/56ac9043fff91480b853c9033ccacda8ffdd39b4.jpg" />
      </resourceLinks>
    
  </ZWaveDevice>


