<?xml version="1.0" encoding="utf-8"?>
<ZWaveDevice xmlns="http://www.pepper1.net/zwavedb/xml-schemata/z-wave" schemaVersion="2">

  <descriptorVersion>1</descriptorVersion>

  <deviceData>
            <manufacturerId value="0059"/>
        <productType value="0003"/>
    <productId value="0001"/>
    <libType value="06"/>
    <protoVersion value="02"/>
    <protoSubVersion value="4e"/>
    <appVersion value="01"/>
    <appSubVersion value="00"/>
        <basicClass value="04"/>
            <genericClass value="08"/>
            <specificClass value="00"/>
        <optional value="false"/>
    <listening value="true"/>
    <routing value="false"/>
        <beamSensor>0</beamSensor>
            <rfFrequency>EU</rfFrequency>
            <certId>14037</certId>
            <certNumber>ZC08-10120003</certNumber>
        
      </deviceData>

  <deviceDescription>
                <description>
            <lang xml:lang="de">Einfach-Schalter zur Steuerung einer Warmwasserheizung</lang>
            <lang xml:lang="en">Single Channel Switch to control a boiler</lang>
          </description>
            <wakeupNote>
            <lang xml:lang="de"></lang>
            <lang xml:lang="en"></lang>
          </wakeupNote>
            <inclusionNote>
            <lang xml:lang="de">Drücken der || Taste</lang>
            <lang xml:lang="en">Press || Button </lang>
          </inclusionNote>
            <productName>HRT4 ASR-ZW </productName>
            <brandName>HRT4 </brandName>
            <productLine>HRT4</productLine>
            <productCode>NU0690401000</productCode>
            <productVersion>1</productVersion>
                    </deviceDescription>

    <commandClasses>
        <commandClass id="0020" inNIF="false"/>
        <commandClass id="0040"/>
        <commandClass id="0072"/>
        <commandClass id="0025"/>
        <commandClass id="0086"/>
      </commandClasses>
  
  
  
    
  
    <resourceLinks>
     
    <deviceImage url="http://www.pepper1.net/zwavedb/uploads/resources/999e34106c7c8466822f698796d45f7ccb69fe07.jpg" />
      </resourceLinks>
    
  </ZWaveDevice>


