<?xml version="1.0" encoding="utf-8"?>
<ZWaveDevice xmlns="http://www.pepper1.net/zwavedb/xml-schemata/z-wave" schemaVersion="2">

  <descriptorVersion>1</descriptorVersion>

  <deviceData>
            <manufacturerId value="0085"/>
        <productType value="0016"/>
    <productId value="0001"/>
    <libType value="06"/>
    <protoVersion value="03"/>
    <protoSubVersion value="67"/>
    <appVersion value="02"/>
    <appSubVersion value="01"/>
        <basicClass value="04"/>
            <genericClass value="11"/>
            <specificClass value="06"/>
        <optional value="true"/>
    <listening value="false"/>
    <routing value="false"/>
        <beamSensor>250</beamSensor>
            <rfFrequency>EU</rfFrequency>
            <certId>15434</certId>
            <certNumber>ZC08-13070012</certNumber>
        
      </deviceData>

  <deviceDescription>
                <description>
            <lang xml:lang="en">Module for roof window roller shutter working as FLiRS, supplied from rechargable battery pack 12V, charged from 1 or 2W sollar cells </lang>
          </description>
            <wakeupNote>
            <lang xml:lang="en"></lang>
          </wakeupNote>
            <inclusionNote>
            <lang xml:lang="en"></lang>
          </inclusionNote>
            <productName>ZWRS MODULE</productName>
            <brandName>Part of roller shutter ARZ-Solar Z-Wave</brandName>
            <productLine>ZW</productLine>
                <productVersion>01</productVersion>
                    </deviceDescription>

    <commandClasses>
        <commandClass id="0026" version="3"/>
        <commandClass id="0027"/>
        <commandClass id="0025"/>
        <commandClass id="0072"/>
        <commandClass id="0086"/>
        <commandClass id="0080"/>
        <commandClass id="0020"/>
      </commandClasses>
  
  
  
    
  
    
  </ZWaveDevice>


