<?xml version="1.0" encoding="utf-8"?>
<ZWaveDevice xmlns="http://www.pepper1.net/zwavedb/xml-schemata/z-wave" schemaVersion="2">

  <descriptorVersion>1</descriptorVersion>

  <deviceData>
            <manufacturerId value="0109"/>
        <productType value="2017"/>
    <productId value="1717"/>
    <libType value="06"/>
    <protoVersion value="03"/>
    <protoSubVersion value="67"/>
    <appVersion value="13"/>
    <appSubVersion value="06"/>
        <basicClass value="04"/>
            <genericClass value="10"/>
            <specificClass value="01"/>
        <optional value="true"/>
    <listening value="true"/>
    <routing value="false"/>
        <beamSensor>0</beamSensor>
            <rfFrequency>EU</rfFrequency>
            <certId>15240</certId>
            <certNumber>ZC08-13070013</certNumber>
        
      </deviceData>

  <deviceDescription>
                <description>
            <lang xml:lang="en">ZL7432 In-Wall Dual Relay Switch</lang>
          </description>
            <wakeupNote>
            <lang xml:lang="en"></lang>
          </wakeupNote>
            <inclusionNote>
            <lang xml:lang="en"></lang>
          </inclusionNote>
            <productName>In-Wall 2 relays switch</productName>
            <brandName>Vision</brandName>
            <productLine>Home Security</productLine>
            <productCode>17</productCode>
            <productVersion>17</productVersion>
                    </deviceDescription>

    <commandClasses>
        <commandClass id="0060" version="3"/>
        <commandClass id="0025"/>
        <commandClass id="0027"/>
        <commandClass id="0085"/>
        <commandClass id="0072"/>
        <commandClass id="0086"/>
        <commandClass id="0020"/>
      </commandClasses>
  
    <assocGroups>
        <assocGroup number="1" maxNodes="5">
            <description>
                <lang xml:lang="en"></lang>
              </description>
          </assocGroup>
      </assocGroups>
  
  
    <endpoints>
           <endpoint number="2">
            <name>
                <lang xml:lang="en"></lang>
              </name>
                  <description>
                <lang xml:lang="en"></lang>
              </description>
                  <genericClass value="10"/>
                  <specificClass value="01"/>
                  <commandClass id="0020"/>
            <commandClass id="0025"/>
          </endpoint>
           <endpoint number="1">
            <name>
                <lang xml:lang="en"></lang>
              </name>
                  <description>
                <lang xml:lang="en"></lang>
              </description>
                  <genericClass value="10"/>
                  <specificClass value="01"/>
                  <commandClass id="0020"/>
            <commandClass id="0025"/>
          </endpoint>
      </endpoints>
    
  
    <resourceLinks>
     
    <deviceImage url="http://www.pepper1.net/zwavedb/uploads/resources/776a04fcafa8c44e0dcfab8ba02faeb65824f6ca.jpg" />
      </resourceLinks>
    
  </ZWaveDevice>


