<?xml version="1.0" encoding="utf-8"?>
<ZWaveDevice xmlns="http://www.pepper1.net/zwavedb/xml-schemata/z-wave" schemaVersion="2">

  <descriptorVersion>1</descriptorVersion>

  <deviceData>
            <manufacturerId value="0137"/>
        <productType value="3001"/>
    <productId value="0002"/>
    <libType value="06"/>
    <protoVersion value="03"/>
    <protoSubVersion value="22"/>
    <appVersion value="01"/>
    <appSubVersion value="01"/>
        <basicClass value="04"/>
            <genericClass value="10"/>
            <specificClass value="01"/>
        <optional value="true"/>
    <listening value="true"/>
    <routing value="false"/>
        <beamSensor>0</beamSensor>
            <rfFrequency>EU</rfFrequency>
            <certId>15380</certId>
            <certNumber>ZC08-13060001</certNumber>
        
      </deviceData>

  <deviceDescription>
                <description>
            <lang xml:lang="en">Binary Power Switch SWZ-1002</lang>
          </description>
            <wakeupNote>
            <lang xml:lang="en"></lang>
          </wakeupNote>
            <inclusionNote>
            <lang xml:lang="en"></lang>
          </inclusionNote>
            <productName>Binary Power Switch</productName>
            <brandName>Followgood</brandName>
            <productLine>Switch</productLine>
            <productCode>SWZ-1002</productCode>
            <productVersion>1.01</productVersion>
                    </deviceDescription>

    <commandClasses>
        <commandClass id="0025"/>
        <commandClass id="0027"/>
        <commandClass id="0060" version="3"/>
        <commandClass id="0072"/>
        <commandClass id="0086"/>
        <commandClass id="0020"/>
      </commandClasses>
  
  
  
    <endpoints>
           <endpoint number="2">
            <name>
                <lang xml:lang="en"></lang>
              </name>
                  <description>
                <lang xml:lang="en"></lang>
              </description>
                  <genericClass value="10"/>
                  <specificClass value="01"/>
                  <commandClass id="0020"/>
            <commandClass id="0025"/>
          </endpoint>
           <endpoint number="1">
            <name>
                <lang xml:lang="en"></lang>
              </name>
                  <description>
                <lang xml:lang="en"></lang>
              </description>
                  <genericClass value="10"/>
                  <specificClass value="01"/>
                  <commandClass id="0020"/>
            <commandClass id="0025"/>
          </endpoint>
      </endpoints>
    
  
    <resourceLinks>
     
    <deviceImage url="http://www.pepper1.net/zwavedb/uploads/resources/0c84fe3cffcf6f12d20996a4d9ca749d6d680566.jpg" />
      </resourceLinks>
    
  </ZWaveDevice>


