<?xml version="1.0" encoding="utf-8"?>
<ZWaveDevice xmlns="http://www.pepper1.net/zwavedb/xml-schemata/z-wave" schemaVersion="2">

  <descriptorVersion>1</descriptorVersion>

  <deviceData>
            <manufacturerId value="0109"/>
        <productType value="2002"/>
    <productId value="0204"/>
    <libType value="03"/>
    <protoVersion value="03"/>
    <protoSubVersion value="53"/>
    <appVersion value="03"/>
    <appSubVersion value="10"/>
        <basicClass value="04"/>
            <genericClass value="20"/>
            <specificClass value="01"/>
        <optional value="true"/>
    <listening value="false"/>
    <routing value="false"/>
        <beamSensor>0</beamSensor>
            <rfFrequency>Japan (922-926 MHz)</rfFrequency>
            <certId>15246</certId>
            <certNumber>ZC08-13060010</certNumber>
        
      </deviceData>

  <deviceDescription>
                <description>
            <lang xml:lang="en">Motion Detection ZP3102 JP</lang>
          </description>
            <wakeupNote>
            <lang xml:lang="en"></lang>
          </wakeupNote>
            <inclusionNote>
            <lang xml:lang="en"></lang>
          </inclusionNote>
            <productName>PIR Motion Sensor</productName>
            <brandName>Vision</brandName>
            <productLine>Home Security </productLine>
            <productCode>02</productCode>
            <productVersion>04</productVersion>
                    </deviceDescription>

    <commandClasses>
        <commandClass id="0030"/>
        <commandClass id="0072"/>
        <commandClass id="0086"/>
        <commandClass id="0085"/>
        <commandClass id="0080"/>
        <commandClass id="0071" version="2"/>
        <commandClass id="0031" version="4"/>
        <commandClass id="0070"/>
        <commandClass id="0084" version="2"/>
        <commandClass id="0020"/>
      </commandClasses>
  
    <assocGroups>
        <assocGroup number="1" maxNodes="5">
            <description>
                <lang xml:lang="en"></lang>
              </description>
          </assocGroup>
      </assocGroups>
  
  
    
  
    <resourceLinks>
     
    <deviceImage url="http://www.pepper1.net/zwavedb/uploads/resources/94edf113be1922b3b5deba3731128a5b0597b971.jpg" />
      </resourceLinks>
    
  </ZWaveDevice>


