<?xml version="1.0" encoding="utf-8"?>
<ZWaveDevice xmlns="http://www.pepper1.net/zwavedb/xml-schemata/z-wave" schemaVersion="2">

  <descriptorVersion>1</descriptorVersion>

  <deviceData>
            <manufacturerId value="0109"/>
        <productType value="0000"/>
    <productId value="0000"/>
    <libType value="00"/>
    <protoVersion value="00"/>
    <protoSubVersion value="00"/>
    <appVersion value="00"/>
    <appSubVersion value="00"/>
                <optional value="false"/>
    <listening value="false"/>
    <routing value="false"/>
            <rfFrequency>Japan (922-926 MHz)</rfFrequency>
            <certId>15324</certId>
            <certNumber>ZC08-13060007</certNumber>
        
      </deviceData>

  <deviceDescription>
                <description>
            <lang xml:lang="en">USB Dongle ZU1401JP</lang>
          </description>
            <wakeupNote>
            <lang xml:lang="en"></lang>
          </wakeupNote>
            <inclusionNote>
            <lang xml:lang="en"></lang>
          </inclusionNote>
            <productName>USB Dongle</productName>
            <brandName>Vision</brandName>
            <productLine>Home Security</productLine>
            <productCode>01</productCode>
            <productVersion>01</productVersion>
                    </deviceDescription>

  
  
  
    
  
    <resourceLinks>
     
    <deviceImage url="http://www.pepper1.net/zwavedb/uploads/resources/aa477c8e8f4d6d7c923cc45932559a3e85af600c.jpg" />
      </resourceLinks>
    
  </ZWaveDevice>


