<?xml version="1.0" encoding="utf-8"?>
<ZWaveDevice xmlns="http://www.pepper1.net/zwavedb/xml-schemata/z-wave" schemaVersion="2">

  <descriptorVersion>1</descriptorVersion>

  <deviceData>
            <manufacturerId value="0059"/>
        <productType value="0005"/>
    <productId value="0001"/>
    <libType value="01"/>
    <protoVersion value="02"/>
    <protoSubVersion value="24"/>
    <appVersion value="01"/>
    <appSubVersion value="00"/>
        <basicClass value="02"/>
            <genericClass value="31"/>
            <specificClass value="01"/>
        <optional value="false"/>
    <listening value="true"/>
    <routing value="false"/>
        <beamSensor>0</beamSensor>
            <rfFrequency>EU</rfFrequency>
            <certId>13790</certId>
            <certNumber>ZC08-09120007</certNumber>
        
      </deviceData>

  <deviceDescription>
                <description>
            <lang xml:lang="de">Hausstromzähler</lang>
            <lang xml:lang="en">Multirate E-Meter</lang>
          </description>
            <wakeupNote>
            <lang xml:lang="de"></lang>
            <lang xml:lang="en"></lang>
          </wakeupNote>
            <inclusionNote>
            <lang xml:lang="de">Mahrfaches Drücken der blauen Taste, bis &quot;net&quot; im Display erscheint</lang>
            <lang xml:lang="en">Press Button until &quot;learn&quot; appears in display</lang>
          </inclusionNote>
            <productName>E-Meter S123R</productName>
            <brandName>S123R</brandName>
                <productCode>S123xxxR</productCode>
            <productVersion>V1</productVersion>
                    </deviceDescription>

    <commandClasses>
        <commandClass id="0020" inNIF="false"/>
        <commandClass id="0086"/>
        <commandClass id="008a"/>
        <commandClass id="0072"/>
        <commandClass id="0031" version="2"/>
        <commandClass id="0032"/>
        <commandClass id="0035" controlled="true"/>
        <commandClass id="0036"/>
        <commandClass id="0084" controlled="true"/>
        <commandClass id="0080" controlled="true"/>
        <commandClass id="0030" controlled="true"/>
      </commandClasses>
  
  
  
    
  
    <resourceLinks>
     
    <deviceImage url="http://www.pepper1.net/zwavedb/uploads/resources/ebb7ee3c4098df43ceba7f1af58ebd5837afe6f5.jpg" />
      </resourceLinks>
    
  </ZWaveDevice>


