<?xml version="1.0" encoding="utf-8"?>
<ZWaveDevice xmlns="http://www.pepper1.net/zwavedb/xml-schemata/z-wave" schemaVersion="2">

  <descriptorVersion>1</descriptorVersion>

  <deviceData>
            <manufacturerId value="0123"/>
        <productType value="0102"/>
    <productId value="0102"/>
    <libType value="03"/>
    <protoVersion value="03"/>
    <protoSubVersion value="45"/>
    <appVersion value="01"/>
    <appSubVersion value="00"/>
        <basicClass value="04"/>
            <genericClass value="31"/>
            <specificClass value="01"/>
        <optional value="true"/>
    <listening value="true"/>
    <routing value="false"/>
        <beamSensor>0</beamSensor>
            <rfFrequency>Japan (922-926 MHz)</rfFrequency>
                
      </deviceData>

  <deviceDescription>
                <description>
            <lang xml:lang="en">Electric power measuring equipment with Z-Wave</lang>
          </description>
            <wakeupNote>
            <lang xml:lang="en"></lang>
          </wakeupNote>
            <inclusionNote>
            <lang xml:lang="en">Push &quot;Inclusion/Exclusion Button&quot; once.</lang>
          </inclusionNote>
            <productName>Smart-CONNECT NE-4CT-2P</productName>
                <productLine>Electric power measuring equipment</productLine>
            <productCode>NE-4CT-2P</productCode>
            <productVersion>Ver. 1.00</productVersion>
                    </deviceDescription>

    <commandClasses>
        <commandClass id="0032" version="3"/>
        <commandClass id="0060" version="3"/>
        <commandClass id="0072" version="2"/>
        <commandClass id="0073"/>
        <commandClass id="0085"/>
        <commandClass id="0086"/>
        <commandClass id="0091"/>
        <commandClass id="0020" inNIF="false"/>
      </commandClasses>
  
    <assocGroups>
        <assocGroup number="1" maxNodes="1">
            <description>
                <lang xml:lang="en">A NOP is sent to the node in this group if there is no other communication for 60 seconds.</lang>
              </description>
          </assocGroup>
      </assocGroups>
  
  
    <endpoints>
           <endpoint number="9">
            <name>
                <lang xml:lang="en">Water Pulse Count</lang>
              </name>
                  <description>
                <lang xml:lang="en"></lang>
              </description>
                  <genericClass value="31"/>
                  <specificClass value="01"/>
                  <commandClass id="0032"/>
            <commandClass id="0072"/>
            <commandClass id="0086"/>
          </endpoint>
           <endpoint number="8">
            <name>
                <lang xml:lang="en">Gas Pulse Count</lang>
              </name>
                  <description>
                <lang xml:lang="en"></lang>
              </description>
                  <genericClass value="31"/>
                  <specificClass value="01"/>
                  <commandClass id="0032"/>
            <commandClass id="0072"/>
            <commandClass id="0086"/>
          </endpoint>
           <endpoint number="7">
            <name>
                <lang xml:lang="en">CH4 Apparent Power</lang>
              </name>
                  <description>
                <lang xml:lang="en"></lang>
              </description>
                  <genericClass value="31"/>
                  <specificClass value="01"/>
                  <commandClass id="0032"/>
            <commandClass id="0072"/>
            <commandClass id="0086"/>
          </endpoint>
           <endpoint number="6">
            <name>
                <lang xml:lang="en">CH3 Produced Power</lang>
              </name>
                  <description>
                <lang xml:lang="en"></lang>
              </description>
                  <genericClass value="31"/>
                  <specificClass value="01"/>
                  <commandClass id="0032"/>
            <commandClass id="0072"/>
            <commandClass id="0086"/>
          </endpoint>
           <endpoint number="5">
            <name>
                <lang xml:lang="en">CH3 Consumed Power</lang>
              </name>
                  <description>
                <lang xml:lang="en"></lang>
              </description>
                  <genericClass value="31"/>
                  <specificClass value="01"/>
                  <commandClass id="0032"/>
            <commandClass id="0072"/>
            <commandClass id="0086"/>
          </endpoint>
           <endpoint number="4">
            <name>
                <lang xml:lang="en">CH2 Produced Power</lang>
              </name>
                  <description>
                <lang xml:lang="en"></lang>
              </description>
                  <genericClass value="31"/>
                  <specificClass value="01"/>
                  <commandClass id="0032"/>
            <commandClass id="0072"/>
            <commandClass id="0086"/>
          </endpoint>
           <endpoint number="3">
            <name>
                <lang xml:lang="en">CH2 Consumed Power</lang>
              </name>
                  <description>
                <lang xml:lang="en"></lang>
              </description>
                  <genericClass value="31"/>
                  <specificClass value="01"/>
                  <commandClass id="0032"/>
            <commandClass id="0072"/>
            <commandClass id="0086"/>
          </endpoint>
           <endpoint number="2">
            <name>
                <lang xml:lang="en">CH1 Produced Power</lang>
              </name>
                  <description>
                <lang xml:lang="en"></lang>
              </description>
                  <genericClass value="31"/>
                  <specificClass value="01"/>
                  <commandClass id="0032"/>
            <commandClass id="0072"/>
            <commandClass id="0086"/>
          </endpoint>
           <endpoint number="1">
            <name>
                <lang xml:lang="en">CH1 Consumed Power</lang>
              </name>
                  <description>
                <lang xml:lang="en"></lang>
              </description>
                  <genericClass value="31"/>
                  <specificClass value="01"/>
                  <commandClass id="0032"/>
            <commandClass id="0072"/>
            <commandClass id="0086"/>
          </endpoint>
      </endpoints>
    
  
    <resourceLinks>
     
    <deviceImage url="http://www.pepper1.net/zwavedb/uploads/resources/3d7ea6939f32c6a32e9d06f90328b58967788f96.jpg" />
      </resourceLinks>
    
  </ZWaveDevice>


