<?xml version="1.0" encoding="utf-8"?>
<ZWaveDevice xmlns="http://www.pepper1.net/zwavedb/xml-schemata/z-wave" schemaVersion="2">

  <descriptorVersion>1</descriptorVersion>

  <deviceData>
            <manufacturerId value="015e"/>
        <productType value="8015"/>
    <productId value="0001"/>
    <libType value="03"/>
    <protoVersion value="03"/>
    <protoSubVersion value="67"/>
    <appVersion value="01"/>
    <appSubVersion value="71"/>
        <basicClass value="04"/>
            <genericClass value="40"/>
            <specificClass value="03"/>
        <optional value="true"/>
    <listening value="false"/>
    <routing value="false"/>
        <beamSensor>1000</beamSensor>
                    
      </deviceData>

  <deviceDescription>
                <description>
            <lang xml:lang="en">Zwave enabled single latch door lock with 20 user codes,access logging and scheduled access.</lang>
          </description>
            <wakeupNote>
            <lang xml:lang="en"></lang>
          </wakeupNote>
            <inclusionNote>
            <lang xml:lang="en">Input {programming code} + {0}
Default: 12345678 </lang>
          </inclusionNote>
            <productName>Single latch door lock</productName>
            <brandName>Locstar</brandName>
            <productLine>Zwave locks</productLine>
            <productCode>LS-8015-ZW</productCode>
            <productVersion>1.00</productVersion>
            <batteryType>AA</batteryType>
            <batteryCount>4</batteryCount>
            </deviceDescription>

    <commandClasses>
        <commandClass id="0072"/>
        <commandClass id="0086"/>
        <commandClass id="0098"/>
        <commandClass id="0022" secure="true" nonSecure="false"/>
        <commandClass id="0080" secure="true" nonSecure="false"/>
        <commandClass id="004c" secure="true" nonSecure="false"/>
        <commandClass id="0077" secure="true" nonSecure="false"/>
        <commandClass id="008b" secure="true" nonSecure="false"/>
        <commandClass id="0020" inNIF="false"/>
        <commandClass id="0085"/>
        <commandClass id="0070" version="2"/>
      </commandClasses>
  
    <assocGroups>
        <assocGroup number="1" maxNodes="2">
            <description>
                <lang xml:lang="en">Sends out unsolicited operation and alarm reports. </lang>
              </description>
          </assocGroup>
        <assocGroup number="2" maxNodes="2">
            <description>
                <lang xml:lang="en">Sends out a BASIC SET ON(0xFF) and OFF(0x00) command while vacation mode is enable and disable.  </lang>
              </description>
          </assocGroup>
      </assocGroups>
  
  
    
  
    <resourceLinks>
     
    <deviceImage url="http://www.pepper1.net/zwavedb/uploads/resources/ed996a548a0a658302fc1d382f153ff41f10ce14.jpg" />
      </resourceLinks>
    
  </ZWaveDevice>


