<?xml version="1.0" encoding="utf-8"?>
<ZWaveDevice xmlns="http://www.pepper1.net/zwavedb/xml-schemata/z-wave" schemaVersion="2">

  <descriptorVersion>1</descriptorVersion>

  <deviceData>
            <manufacturerId value="0163"/>
        <productType value="3001"/>
    <productId value="0301"/>
    <libType value="03"/>
    <protoVersion value="03"/>
    <protoSubVersion value="40"/>
    <appVersion value="19"/>
    <appSubVersion value="16"/>
        <basicClass value="04"/>
            <genericClass value="40"/>
            <specificClass value="03"/>
        <optional value="true"/>
    <listening value="false"/>
    <routing value="false"/>
        <beamSensor>1000</beamSensor>
            <rfFrequency>US</rfFrequency>
                
      </deviceData>

  <deviceDescription>
                <description>
            <lang xml:lang="en">Use AES encryption to Lock/Unlock Door，have User Code management、Logging and schedule setting</lang>
          </description>
            <wakeupNote>
            <lang xml:lang="en"></lang>
          </wakeupNote>
            <inclusionNote>
            <lang xml:lang="en">Press the Keypads {C} {8}{8}{8} and manually turn the Turn Piece for inclusion.</lang>
          </inclusionNote>
            <productName>ZW-702</productName>
            <brandName>Prowell</brandName>
            <productLine>Home Security</productLine>
            <productCode>03</productCode>
            <productVersion>01</productVersion>
            <batteryType>AA</batteryType>
            <batteryCount>4</batteryCount>
            </deviceDescription>

    <commandClasses>
        <commandClass id="0080"/>
        <commandClass id="0072"/>
        <commandClass id="0098"/>
        <commandClass id="0086"/>
        <commandClass id="0020" secure="true" nonSecure="false"/>
        <commandClass id="0085" secure="true" nonSecure="false"/>
        <commandClass id="0062" secure="true" nonSecure="false"/>
        <commandClass id="004e" secure="true" nonSecure="false"/>
        <commandClass id="008b" secure="true" nonSecure="false"/>
      </commandClasses>
  
    <assocGroups>
        <assocGroup number="1" maxNodes="5">
            <description>
                <lang xml:lang="en">reports the lock and unlock status</lang>
              </description>
          </assocGroup>
      </assocGroups>
  
  
    
  
    <resourceLinks>
     
    <deviceImage url="http://www.pepper1.net/zwavedb/uploads/resources/b04ea1895f026915a189fda22e78e1a115bb0d4e.jpg" />
      </resourceLinks>
    
  </ZWaveDevice>


