<?xml version="1.0" encoding="utf-8"?>
<ZWaveDevice xmlns="http://www.pepper1.net/zwavedb/xml-schemata/z-wave" schemaVersion="2">

  <descriptorVersion>1</descriptorVersion>

  <deviceData>
            <manufacturerId value="014f"/>
        <productType value="5246"/>
    <productId value="3133"/>
    <libType value="06"/>
    <protoVersion value="03"/>
    <protoSubVersion value="2a"/>
    <appVersion value="05"/>
    <appSubVersion value="29"/>
        <basicClass value="04"/>
            <genericClass value="10"/>
            <specificClass value="03"/>
        <optional value="true"/>
    <listening value="true"/>
    <routing value="true"/>
        <beamSensor>0</beamSensor>
            <rfFrequency>US</rfFrequency>
                
      </deviceData>

  <deviceDescription>
                <description>
            <lang xml:lang="en">Z-Wave isolated contact fixture module.</lang>
          </description>
            <wakeupNote>
            <lang xml:lang="en"></lang>
          </wakeupNote>
            <inclusionNote>
            <lang xml:lang="en">Tap the button to add.</lang>
          </inclusionNote>
            <productName>FS20Z</productName>
            <brandName>Linear</brandName>
            <productLine>Wireless Lighting Controls</productLine>
                            </deviceDescription>

    <commandClasses>
        <commandClass id="0020" inNIF="false"/>
        <commandClass id="0025"/>
        <commandClass id="0086"/>
        <commandClass id="0027"/>
        <commandClass id="002b"/>
        <commandClass id="002c"/>
        <commandClass id="0070"/>
        <commandClass id="0072"/>
        <commandClass id="0073"/>
        <commandClass id="0075"/>
      </commandClasses>
  
  
  
    
  
    
  </ZWaveDevice>


