<?xml version="1.0" encoding="utf-8"?>
<ZWaveDevice xmlns="http://www.pepper1.net/zwavedb/xml-schemata/z-wave" schemaVersion="2">

  <descriptorVersion>1</descriptorVersion>

  <deviceData>
            <manufacturerId value="014f"/>
        <productType value="4457"/>
    <productId value="3034"/>
    <libType value="06"/>
    <protoVersion value="03"/>
    <protoSubVersion value="2a"/>
    <appVersion value="05"/>
    <appSubVersion value="29"/>
        <basicClass value="04"/>
            <genericClass value="11"/>
            <specificClass value="04"/>
        <optional value="true"/>
    <listening value="true"/>
    <routing value="true"/>
        <beamSensor>0</beamSensor>
            <rfFrequency>US</rfFrequency>
                
      </deviceData>

  <deviceDescription>
                <description>
            <lang xml:lang="en">Z-Wave Wall Dimmer Switch</lang>
          </description>
            <wakeupNote>
            <lang xml:lang="en"></lang>
          </wakeupNote>
            <inclusionNote>
            <lang xml:lang="en">Tap either the top or bottom of the switch once.</lang>
          </inclusionNote>
            <productName>WD500Z-1</productName>
            <brandName>Linear</brandName>
            <productLine>Wireless Lighting Controls</productLine>
                            </deviceDescription>

    <commandClasses>
        <commandClass id="0020" inNIF="false"/>
        <commandClass id="0086"/>
        <commandClass id="0026"/>
        <commandClass id="0027"/>
        <commandClass id="002b"/>
        <commandClass id="002c" version="2"/>
        <commandClass id="0070"/>
        <commandClass id="0072"/>
        <commandClass id="0073"/>
      </commandClasses>
  
    <assocGroups>
        <assocGroup number="2" maxNodes="5">
            <description>
                <lang xml:lang="en">Turn devices on an off by tapping the top or the bottom of the switch twice. Brighten or dim devices by tapping and then hold the top or the bottom of the switch.</lang>
              </description>
          </assocGroup>
        <assocGroup number="3" maxNodes="5">
            <description>
                <lang xml:lang="en">Turn devices on an off by tapping the top or the bottom of the switch three times. Brighten or dim devices by tapping twice and then hold the top or the bottom of the switch.</lang>
              </description>
          </assocGroup>
      </assocGroups>
  
    <configParams>
        <configParam number="1" type="constant" size="1" default="01">
            <name>
                <lang xml:lang="en">Dim Start Level</lang>
              </name>
                  <description>
                <lang xml:lang="en">A dimmer receiving this command will start dimming from that start level if this bit is set to 0. If the bit is set to 1, the dimmer will ignore the start level and instead start dimming from its current level.</lang>
              </description>
      
          </configParam>
        <configParam number="3" type="constant" size="1" default="00">
            <name>
                <lang xml:lang="en">LED Indication</lang>
              </name>
                  <description>
                <lang xml:lang="en">The WD500Z-1 will flicker its LED when it is transmitting to any of its groups. This can be changed if desired.</lang>
              </description>
      
          </configParam>
        <configParam number="4" type="constant" size="1" default="00">
            <name>
                <lang xml:lang="en">Invert Switch</lang>
              </name>
                  <description>
                <lang xml:lang="en">To change the top of the switch to OFF and the bottom to ON change parameter to 1.</lang>
              </description>
      
          </configParam>
        <configParam number="14" type="constant" size="1" default="00">
            <name>
                <lang xml:lang="en">Enable Shade Control Group 2</lang>
              </name>
                  <description>
                <lang xml:lang="en">The switch can control shade control devices if this parameter is set to 1.</lang>
              </description>
      
          </configParam>
        <configParam number="15" type="constant" size="1" default="00">
            <name>
                <lang xml:lang="en">Enable Shade Control Group 3</lang>
              </name>
                  <description>
                <lang xml:lang="en">The switch can control shade control devices if this parameter is set to 1.</lang>
              </description>
      
          </configParam>
        <configParam number="19" type="constant" size="1" default="02">
            <name>
                <lang xml:lang="en">LED Transmission Indication</lang>
              </name>
                  <description>
                <lang xml:lang="en">The WD500Z-1 will flicker its LED when it is transmitting to any of its groups.
Parameter set to 0 = not flicker
Parameter set to 1 = flicker the entire time of transmitting
Parameter set to 2 = flicker for only 1 second</lang>
              </description>
      
          </configParam>
      </configParams>
  
    
  
    
  </ZWaveDevice>


