<?xml version="1.0" encoding="utf-8"?>
<ZWaveDevice xmlns="http://www.pepper1.net/zwavedb/xml-schemata/z-wave" schemaVersion="2">

  <descriptorVersion>1</descriptorVersion>

  <deviceData>
            <manufacturerId value="014f"/>
        <productType value="5457"/>
    <productId value="3033"/>
    <libType value="06"/>
    <protoVersion value="03"/>
    <protoSubVersion value="2a"/>
    <appVersion value="05"/>
    <appSubVersion value="29"/>
        <basicClass value="04"/>
            <genericClass value="12"/>
            <specificClass value="00"/>
        <optional value="true"/>
    <listening value="true"/>
    <routing value="true"/>
        <beamSensor>0</beamSensor>
            <rfFrequency>US</rfFrequency>
                
      </deviceData>

  <deviceDescription>
                <description>
            <lang xml:lang="en">Z-Wave 3-Way wall Accessory Switch</lang>
          </description>
            <wakeupNote>
            <lang xml:lang="en"></lang>
          </wakeupNote>
            <inclusionNote>
            <lang xml:lang="en">Tap either the top or the bottom once to add.</lang>
          </inclusionNote>
            <productName>WT00Z-1</productName>
            <brandName>Linear</brandName>
            <productLine>Wireless Lighting Controls</productLine>
                            </deviceDescription>

    <commandClasses>
        <commandClass id="0085"/>
        <commandClass id="0026"/>
        <commandClass id="0087"/>
        <commandClass id="0027"/>
        <commandClass id="0070"/>
        <commandClass id="0072"/>
        <commandClass id="0086"/>
        <commandClass id="0025"/>
      </commandClasses>
  
    <assocGroups>
        <assocGroup number="1" maxNodes="5">
            <description>
                <lang xml:lang="en">Turn devices on an off by tapping the top or the bottom of the switch once. Brighten or dim devices by tapping and then hold the top or the bottom of the switch.</lang>
              </description>
          </assocGroup>
        <assocGroup number="2" maxNodes="5">
            <description>
                <lang xml:lang="en">Turn devices on an off by tapping the top or the bottom of the switch twice. Brighten or dim devices by tapping and then hold the top or the bottom of the switch.</lang>
              </description>
          </assocGroup>
        <assocGroup number="3" maxNodes="5">
            <description>
                <lang xml:lang="en">Turn devices on an off by tapping the top or the bottom of the switch three times. Brighten or dim devices by tapping twice and then hold the top or the bottom of the switch.</lang>
              </description>
          </assocGroup>
        <assocGroup number="4" maxNodes="5">
            <description>
                <lang xml:lang="en">Nodes in this group are turned ON or OFF or set to a specific dim level when the WT00Z-1 is controllesd remotely.</lang>
              </description>
          </assocGroup>
      </assocGroups>
  
    <configParams>
        <configParam number="1" type="constant" size="1" default="01">
            <name>
                <lang xml:lang="en">Dim Start Level</lang>
              </name>
                  <description>
                <lang xml:lang="en">A dimmer receiving this command will start dimming from that start level if this bit is set to 0. If the bit is set to 1, the dimmer will ignore the start level and instead start dimming from its current level.</lang>
              </description>
      
          </configParam>
        <configParam number="2" type="constant" size="1" default="00">
            <name>
                <lang xml:lang="en">Suspend Group 4</lang>
              </name>
                  <description>
                <lang xml:lang="en">Setting parameter to 1 will stop the WT00Z-1 from transmitting to devices that are associated in group 4.</lang>
              </description>
      
          </configParam>
        <configParam number="3" type="constant" size="1" default="00">
            <name>
                <lang xml:lang="en">Night Light</lang>
              </name>
                  <description>
                <lang xml:lang="en">The LED will turn ON when the status of the devices in group 1 is ON. To make the LED turn ON when the status of the devices is OFF set this parameter to 1.</lang>
              </description>
      
          </configParam>
        <configParam number="4" type="constant" size="1" default="00">
            <name>
                <lang xml:lang="en">Invert Switch</lang>
              </name>
                  <description>
                <lang xml:lang="en">To change the top of the switch to OFF and the bottom to ON change parameter to 1.</lang>
              </description>
      
          </configParam>
        <configParam number="5" type="constant" size="1" default="01">
            <name>
                <lang xml:lang="en">Ignore start level when recieving dim commands</lang>
              </name>
                  <description>
                <lang xml:lang="en">By default the WT00Z-1 sends the dim command so that the dimmer will start dimming from its current dim level rather then the start level embedded in the command. To change this set the configuration parameter to 0.</lang>
              </description>
      
          </configParam>
        <configParam number="7" type="range" size="1" default="03">
            <name>
                <lang xml:lang="en">ON/OFF dim rate</lang>
              </name>
                  <description>
                <lang xml:lang="en">dim step parameter
valid values: 1-99</lang>
              </description>
      
          </configParam>
        <configParam number="8" type="range" size="1" default="0a">
            <name>
                <lang xml:lang="en">ON/OFF dim rate</lang>
              </name>
                  <description>
                <lang xml:lang="en">dim timer parameter
valid values: 1-255</lang>
              </description>
      
          </configParam>
        <configParam number="9" type="range" size="1" default="03">
            <name>
                <lang xml:lang="en">Local control dim rate</lang>
              </name>
                  <description>
                <lang xml:lang="en">dim step parameter
valid values: 1-99</lang>
              </description>
      
          </configParam>
        <configParam number="10" type="range" size="1" default="0a">
            <name>
                <lang xml:lang="en">Local control dim rate</lang>
              </name>
                  <description>
                <lang xml:lang="en">dim timer parameter
valid values: 1-255</lang>
              </description>
      
          </configParam>
        <configParam number="11" type="range" size="1" default="03">
            <name>
                <lang xml:lang="en">ALL ON/ ALL OFF dim rate</lang>
              </name>
                  <description>
                <lang xml:lang="en">dim step parameter
valid values: 1-99</lang>
              </description>
      
          </configParam>
        <configParam number="12" type="range" size="1" default="0a">
            <name>
                <lang xml:lang="en">ALL ON/ ALL OFF dim rate</lang>
              </name>
                  <description>
                <lang xml:lang="en">dim timer parameter
valid values: 1-255</lang>
              </description>
      
          </configParam>
        <configParam number="13" type="constant" size="1" default="00">
            <name>
                <lang xml:lang="en">Disable group 4 during a dim command</lang>
              </name>
                  <description>
                <lang xml:lang="en">Prevent the WT00Z-1 from commanding the devices in group 4 duringthe DIM START command, set parameter 13 to 1.</lang>
              </description>
      
          </configParam>
        <configParam number="16" type="constant" size="1" default="00">
            <name>
                <lang xml:lang="en">Enable Shade Control Group 1</lang>
              </name>
                  <description>
                <lang xml:lang="en">The switch can control shade control devices if this parameter is set to 1.</lang>
              </description>
      
          </configParam>
        <configParam number="14" type="constant" size="1" default="00">
            <name>
                <lang xml:lang="en">Enable Shade Control Group 2</lang>
              </name>
                  <description>
                <lang xml:lang="en">The switch can control shade control devices if this parameter is set to 1.</lang>
              </description>
      
          </configParam>
        <configParam number="15" type="constant" size="1" default="00">
            <name>
                <lang xml:lang="en">Enable Shade Control Group 3</lang>
              </name>
                  <description>
                <lang xml:lang="en">The switch can control shade control devices if this parameter is set to 1.</lang>
              </description>
      
          </configParam>
        <configParam number="19" type="constant" size="1" default="02">
            <name>
                <lang xml:lang="en">LED Transmission Indication</lang>
              </name>
                  <description>
                <lang xml:lang="en">The WD500Z-1 will flicker its LED when it is transmitting to any of its groups. Parameter set to 0 = not flicker Parameter set to 1 = flicker the entire time of transmitting Parameter set to 2 = flicker for only 1 second</lang>
              </description>
      
          </configParam>
        <configParam number="20" type="constant" size="1" default="02">
            <name>
                <lang xml:lang="en">Poll: minutes</lang>
              </name>
                  <description>
                <lang xml:lang="en">Will poll the first node in group 1in order to keep itself synchronized with the group if this configuration parameter is set to 1. How often it will poll is configured with this parameter.
Valid values: 1-255</lang>
              </description>
      
          </configParam>
        <configParam number="21" type="constant" size="1" default="00">
            <name>
                <lang xml:lang="en">Poll first node in group 1</lang>
              </name>
                  <description>
                <lang xml:lang="en">Will poll the first node in group 1in order to keep itself synchronized with the group if this configuration parameter is set to 1</lang>
              </description>
      
          </configParam>
      </configParams>
  
    
  
    
  </ZWaveDevice>


