<?xml version="1.0" encoding="utf-8"?>
<ZWaveDevice xmlns="http://www.pepper1.net/zwavedb/xml-schemata/z-wave" schemaVersion="2">

  <descriptorVersion>1</descriptorVersion>

  <deviceData>
            <manufacturerId value="0059"/>
        <productType value="0001"/>
    <productId value="0002"/>
    <libType value="06"/>
    <protoVersion value="02"/>
    <protoSubVersion value="4e"/>
    <appVersion value="01"/>
    <appSubVersion value="00"/>
        <basicClass value="04"/>
            <genericClass value="08"/>
            <specificClass value="00"/>
        <optional value="false"/>
    <listening value="true"/>
    <routing value="false"/>
        <beamSensor>0</beamSensor>
                    
      </deviceData>

  <deviceDescription>
                <description>
            <lang xml:lang="de">Batteriebetriebener Wandthermostat mit lokaler Programmiermöglichkeit</lang>
            <lang xml:lang="en">Battery Powered Wall Thermostat with local Control</lang>
          </description>
            <wakeupNote>
            <lang xml:lang="de"></lang>
            <lang xml:lang="en"></lang>
          </wakeupNote>
            <inclusionNote>
            <lang xml:lang="de">Jumper J8 setzen, in Programmiermode gehen und runde Taste drücken bis ET im Display erscheint.</lang>
            <lang xml:lang="en">Set Jumper J8, turn into programming mode and press the round button until ET appears on the display. Keep pressing for 2 more seconds.</lang>
          </inclusionNote>
            <productName>AS2-RF</productName>
            <brandName>Z-Wave</brandName>
                                </deviceDescription>

    <commandClasses>
        <commandClass id="0072"/>
        <commandClass id="0086"/>
      </commandClasses>
  
  
  
    
  
    <resourceLinks>
     
    <deviceImage url="http://www.pepper1.net/zwavedb/uploads/resources/f5c6cebdcde3adb2449f27497563901e299e1f78.jpg" />
      </resourceLinks>
    
  </ZWaveDevice>


