<?xml version="1.0" encoding="utf-8"?>
<ZWaveDevice xmlns="http://www.pepper1.net/zwavedb/xml-schemata/z-wave" schemaVersion="2">

  <descriptorVersion>1</descriptorVersion>

  <deviceData>
            <manufacturerId value="0171"/>
        <productType value="0001"/>
    <productId value="0001"/>
    <libType value="01"/>
    <protoVersion value="03"/>
    <protoSubVersion value="67"/>
    <appVersion value="01"/>
    <appSubVersion value="02"/>
        <basicClass value="02"/>
            <genericClass value="02"/>
            <specificClass value="00"/>
        <optional value="true"/>
    <listening value="true"/>
    <routing value="false"/>
        <beamSensor>0</beamSensor>
            <rfFrequency>EU</rfFrequency>
                <certNumber>15765</certNumber>
        
      </deviceData>

  <deviceDescription>
                <description>
            <lang xml:lang="en">Z-wave Home Gateway for connection to WeBeHome cloud based service</lang>
          </description>
            <wakeupNote>
            <lang xml:lang="en"></lang>
          </wakeupNote>
            <inclusionNote>
            <lang xml:lang="en">Is done by pressing the “Add new Z-wave device” in the web user interface and follow the
instructions there.</lang>
          </inclusionNote>
            <productName>Home Gateway</productName>
            <brandName>WeBeHome Home Gateway 900</brandName>
            <productLine>Home Gateway</productLine>
            <productCode>WBH HG-900</productCode>
            <productVersion>02.02</productVersion>
                    </deviceDescription>

    <commandClasses>
        <commandClass id="0072" controlled="true"/>
        <commandClass id="0086" controlled="true"/>
        <commandClass id="008f" controlled="true"/>
        <commandClass id="0020" controlled="true" inNIF="false"/>
        <commandClass id="0084" controlled="true" inNIF="false"/>
        <commandClass id="0035" controlled="true" inNIF="false"/>
        <commandClass id="0071" version="3" controlled="true" inNIF="false"/>
        <commandClass id="0000" controlled="true" inNIF="false"/>
        <commandClass id="0026" controlled="true" inNIF="false"/>
        <commandClass id="0031" version="4" controlled="true" inNIF="false"/>
        <commandClass id="0060" version="3" controlled="true" inNIF="false"/>
        <commandClass id="0032" version="3" controlled="true" inNIF="false"/>
        <commandClass id="005a" controlled="true" inNIF="false"/>
        <commandClass id="0070" controlled="true" inNIF="false"/>
        <commandClass id="0025" controlled="true" inNIF="false"/>
        <commandClass id="0030" version="2" controlled="true" inNIF="false"/>
        <commandClass id="0080" controlled="true" inNIF="false"/>
        <commandClass id="0085" controlled="true" inNIF="false"/>
        <commandClass id="009c" version="2" controlled="true" inNIF="false"/>
      </commandClasses>
  
  
  
    
  
    <resourceLinks>
     
    <deviceImage url="http://www.pepper1.net/zwavedb/uploads/resources/aa093426e00357f9f2ba7f456c5d241b57673eb3.jpg" />
      </resourceLinks>
    
  </ZWaveDevice>


