<?xml version="1.0" encoding="utf-8"?>
<ZWaveDevice xmlns="http://www.pepper1.net/zwavedb/xml-schemata/z-wave" schemaVersion="2">

  <descriptorVersion>1</descriptorVersion>

  <deviceData>
            <manufacturerId value="0160"/>
        <productType value="0000"/>
    <productId value="0000"/>
    <libType value="00"/>
    <protoVersion value="00"/>
    <protoSubVersion value="00"/>
    <appVersion value="00"/>
    <appSubVersion value="00"/>
        <basicClass value="02"/>
            <genericClass value="02"/>
            <specificClass value="00"/>
        <optional value="true"/>
    <listening value="true"/>
    <routing value="false"/>
        <beamSensor>0</beamSensor>
                    
      </deviceData>

  <deviceDescription>
                <description>
            <lang xml:lang="en">The Essence Z-wave dongle is an add-on device that connects to the We.R Control Panel via its USB connector. This dongle enables the We.R Control Panel to manage Z-Wave devices addition to  other security / safety devices that the control panel managing, using  the same infrastructure and applications.</lang>
          </description>
            <wakeupNote>
            <lang xml:lang="en"></lang>
          </wakeupNote>
            <inclusionNote>
            <lang xml:lang="en"></lang>
          </inclusionNote>
            <productName>Z-Wave Dongle</productName>
            <brandName>We.R</brandName>
            <productLine>We.R</productLine>
            <productCode>ES800ZWD</productCode>
            <productVersion>V1.0</productVersion>
                    </deviceDescription>

    <commandClasses>
        <commandClass id="0098" controlled="true"/>
        <commandClass id="0020" controlled="true" inNIF="false"/>
        <commandClass id="0043" controlled="true" inNIF="false"/>
        <commandClass id="0040" controlled="true" inNIF="false"/>
        <commandClass id="0044" controlled="true" inNIF="false"/>
        <commandClass id="0026" controlled="true" inNIF="false"/>
        <commandClass id="0031" controlled="true" inNIF="false"/>
        <commandClass id="0062" controlled="true" inNIF="false"/>
        <commandClass id="0025" controlled="true" inNIF="false"/>
        <commandClass id="0080" controlled="true" inNIF="false"/>
      </commandClasses>
  
  
  
    
  
    <resourceLinks>
     
    <deviceImage url="http://www.pepper1.net/zwavedb/uploads/resources/0e96fd6f5083094548098c5074bff8f0bdb5538d.jpg" />
      </resourceLinks>
    
  </ZWaveDevice>


