<?xml version="1.0" encoding="utf-8"?>
<ZWaveDevice xmlns="http://www.pepper1.net/zwavedb/xml-schemata/z-wave" schemaVersion="2">

  <descriptorVersion>1</descriptorVersion>

  <deviceData>
            <manufacturerId value="0109"/>
        <productType value="2012"/>
    <productId value="1203"/>
    <libType value="06"/>
    <protoVersion value="03"/>
    <protoSubVersion value="29"/>
    <appVersion value="01"/>
    <appSubVersion value="4a"/>
        <basicClass value="04"/>
            <genericClass value="0f"/>
            <specificClass value="01"/>
        <optional value="true"/>
    <listening value="true"/>
    <routing value="false"/>
        <beamSensor>0</beamSensor>
            <rfFrequency>US</rfFrequency>
                
      </deviceData>

  <deviceDescription>
                <description>
            <lang xml:lang="en">VISION’s Repeater enables to extend the Z-wave transmission range. Its small and durable design can easily to install anywhere. </lang>
          </description>
            <wakeupNote>
            <lang xml:lang="en"></lang>
          </wakeupNote>
            <inclusionNote>
            <lang xml:lang="en">Press the program switch once.</lang>
          </inclusionNote>
            <productName>Repeater</productName>
            <brandName>Vision</brandName>
            <productLine>Home Security</productLine>
            <productCode>12</productCode>
            <productVersion>03</productVersion>
                    </deviceDescription>

    <commandClasses>
        <commandClass id="0073"/>
        <commandClass id="0072"/>
        <commandClass id="0086"/>
        <commandClass id="0020" inNIF="false"/>
      </commandClasses>
  
  
  
    
  
    <resourceLinks>
     
    <deviceImage url="http://www.pepper1.net/zwavedb/uploads/resources/0ae34ffc41c6bec7e89d2db1208ecfa124c08b78.jpg" />
      </resourceLinks>
    
  </ZWaveDevice>


