<?xml version="1.0" encoding="utf-8"?>
<ZWaveDevice xmlns="http://www.pepper1.net/zwavedb/xml-schemata/z-wave" schemaVersion="2">

  <descriptorVersion>1</descriptorVersion>

  <deviceData>
            <manufacturerId value="0115"/>
        <productType value="0024"/>
    <productId value="0001"/>
    <libType value="03"/>
    <protoVersion value="03"/>
    <protoSubVersion value="2a"/>
    <appVersion value="01"/>
    <appSubVersion value="02"/>
        <basicClass value="04"/>
            <genericClass value="08"/>
            <specificClass value="06"/>
        <optional value="true"/>
    <listening value="true"/>
    <routing value="true"/>
        <beamSensor>0</beamSensor>
            <rfFrequency>Russia</rfFrequency>
                
      </deviceData>

  <deviceDescription>
                <description>
            <lang xml:lang="en">Electric floor thermostat</lang>
            <lang xml:lang="ru">Термостат электрического тёплого пола</lang>
          </description>
            <wakeupNote>
            <lang xml:lang="en"></lang>
            <lang xml:lang="ru"></lang>
          </wakeupNote>
            <inclusionNote>
            <lang xml:lang="en">Hold button for 5 seconds</lang>
            <lang xml:lang="ru">Удержание кнопки 5 секунд</lang>
          </inclusionNote>
            <productName>Floor thermostat 1.2</productName>
            <brandName>Z-Wave.Me</brandName>
            <productLine>Devilink modification</productLine>
            <productCode>FT</productCode>
            <productVersion>1.2</productVersion>
                    </deviceDescription>

    <commandClasses>
        <commandClass id="0040" version="2"/>
        <commandClass id="0020"/>
        <commandClass id="0043" version="2"/>
        <commandClass id="0085" version="2"/>
        <commandClass id="0086"/>
        <commandClass id="0070"/>
        <commandClass id="0031" version="4"/>
        <commandClass id="0072"/>
        <commandClass id="0075"/>
        <commandClass id="0077"/>
      </commandClasses>
  
    <assocGroups>
        <assocGroup number="1" maxNodes="10">
            <description>
                <lang xml:lang="de"></lang>
                <lang xml:lang="en">Unsolicited notifications about thermostat mode and setpoint temperature changes</lang>
                <lang xml:lang="ru">Оповещения об изменении режима термостата и значения температуры</lang>
              </description>
          </assocGroup>
      </assocGroups>
  
    <configParams>
        <configParam number="1" type="range" size="2" default="0708">
            <name>
                <lang xml:lang="de"></lang>
                <lang xml:lang="en">Boost Dry mode duration</lang>
                <lang xml:lang="ru">Длительность режима быстрой сушки</lang>
              </name>
                  <description>
                <lang xml:lang="de"></lang>
                <lang xml:lang="en"></lang>
                <lang xml:lang="ru"></lang>
              </description>
      
                  <value from="0001" to="ffff">
                <description>
                    <lang xml:lang="de"></lang>
                    <lang xml:lang="en">sec</lang>
                    <lang xml:lang="ru">секунд</lang>
                  </description>
              </value>
                </configParam>
        <configParam number="2" type="rangemapped" size="1" default="00">
            <name>
                <lang xml:lang="de"></lang>
                <lang xml:lang="en">Button mode</lang>
                <lang xml:lang="ru">Режим кнопки</lang>
              </name>
                  <description>
                <lang xml:lang="de"></lang>
                <lang xml:lang="en"></lang>
                <lang xml:lang="ru"></lang>
              </description>
      
                  <value from="00" to="00">
                <description>
                    <lang xml:lang="de"></lang>
                    <lang xml:lang="en">Toggle Normal Heating / Off</lang>
                    <lang xml:lang="ru">Переключает нормальный нагрев / выключено</lang>
                  </description>
              </value>
            <value from="01" to="01">
                <description>
                    <lang xml:lang="de"></lang>
                    <lang xml:lang="en">Toggle Normal Heating / Energy Save</lang>
                    <lang xml:lang="ru">Переключает нормальный нагрев / экономный режим</lang>
                  </description>
              </value>
            <value from="02" to="02">
                <description>
                    <lang xml:lang="de"></lang>
                    <lang xml:lang="en">Toggle Boost Dry</lang>
                    <lang xml:lang="ru">Включает/выключает режим быстрой сушки</lang>
                  </description>
              </value>
                </configParam>
        <configParam number="3" type="rangemapped" size="1" default="00">
            <name>
                <lang xml:lang="de"></lang>
                <lang xml:lang="en">Basic mode</lang>
                <lang xml:lang="ru">Режим Basic</lang>
              </name>
                  <description>
                <lang xml:lang="de"></lang>
                <lang xml:lang="en"></lang>
                <lang xml:lang="ru"></lang>
              </description>
      
                  <value from="00" to="00">
                <description>
                    <lang xml:lang="de"></lang>
                    <lang xml:lang="en">Toggle Normal Heating / Off</lang>
                    <lang xml:lang="ru">Переключает нормальный нагрев / выключено</lang>
                  </description>
              </value>
            <value from="01" to="01">
                <description>
                    <lang xml:lang="de"></lang>
                    <lang xml:lang="en">Toggle Normal Heating / Energy Save</lang>
                    <lang xml:lang="ru">Переключает нормальный нагрев / экономный режим</lang>
                  </description>
              </value>
            <value from="02" to="02">
                <description>
                    <lang xml:lang="de"></lang>
                    <lang xml:lang="en">Toggle Boost Dry</lang>
                    <lang xml:lang="ru">Включает/выключает режим быстрой сушки</lang>
                  </description>
              </value>
            <value from="03" to="03">
                <description>
                    <lang xml:lang="de"></lang>
                    <lang xml:lang="en">Set Normal Heating set point temperature (in 0.1 C units)</lang>
                    <lang xml:lang="ru">Задаёт температуру для режима нормального обогрева (в единицах 0.1 C)</lang>
                  </description>
              </value>
            <value from="04" to="04">
                <description>
                    <lang xml:lang="de"></lang>
                    <lang xml:lang="en">Switch on/off relay directly (only if Thermostat Mode is in Off state)</lang>
                    <lang xml:lang="ru">Включает/выключает реле (только при Thermostat Mode в режиме Off)</lang>
                  </description>
              </value>
                </configParam>
        <configParam number="4" type="range" size="1" default="12">
            <name>
                <lang xml:lang="de"></lang>
                <lang xml:lang="en">Temperature control interval</lang>
                <lang xml:lang="ru">Интервал управления температурой</lang>
              </name>
                  <description>
                <lang xml:lang="de"></lang>
                <lang xml:lang="en"></lang>
                <lang xml:lang="ru"></lang>
              </description>
      
                  <value from="01" to="3c">
                <description>
                    <lang xml:lang="de"></lang>
                    <lang xml:lang="en">in 10 sec</lang>
                    <lang xml:lang="ru">в единицах 10 секунд</lang>
                  </description>
              </value>
                </configParam>
        <configParam number="5" type="range" size="1" default="1e">
            <name>
                <lang xml:lang="de"></lang>
                <lang xml:lang="en">Maximum allowed temperature deviation</lang>
                <lang xml:lang="ru">Максимальная ширина коридора температурой</lang>
              </name>
                  <description>
                <lang xml:lang="de"></lang>
                <lang xml:lang="en"></lang>
                <lang xml:lang="ru"></lang>
              </description>
      
                  <value from="01" to="3c">
                <description>
                    <lang xml:lang="de"></lang>
                    <lang xml:lang="en">in 0.1 C</lang>
                    <lang xml:lang="ru">в единицах 0.1 C</lang>
                  </description>
              </value>
                </configParam>
        <configParam number="10" type="range" size="1" default="32">
            <name>
                <lang xml:lang="de"></lang>
                <lang xml:lang="en">Typical click timeout</lang>
                <lang xml:lang="ru">Характерное время нажатия</lang>
              </name>
                  <description>
                <lang xml:lang="de"></lang>
                <lang xml:lang="en">Typical time used to differenciate click from hold</lang>
                <lang xml:lang="ru">Характерное время для отличия нажатия от удержания</lang>
              </description>
      
                  <value from="01" to="64">
                <description>
                    <lang xml:lang="de"></lang>
                    <lang xml:lang="en">in 10ms units</lang>
                    <lang xml:lang="ru">в единицах 10мс</lang>
                  </description>
              </value>
                </configParam>
        <configParam number="6" type="range" size="1" default="1b">
            <name>
                <lang xml:lang="en">Maximal allowed temperature</lang>
                <lang xml:lang="ru">Максимальная допустимая температура</lang>
              </name>
                  <description>
                <lang xml:lang="en">In all modes the thermostat will switch off heating until temperature drops below this limit.

For wooden and laminate floor maximal allowed temperature is 27 degree.
For tile and concrete floor maximal allowed temperature value is 45 degree.</lang>
                <lang xml:lang="ru">Во всех режимах работы термостат отключает обогрев до снижения температуры ниже данного предела.

Для деревянного пола и ламината максимальная допустимая температура - 27 градусов Цельсия.
Для кафельного и бетонного пола максимальная допустимая температура - 45 градусов Цельсия.</lang>
              </description>
      
                  <value from="14" to="37" unit="deg">
                <description>
                    <lang xml:lang="en">degree Celsus</lang>
                    <lang xml:lang="ru">градусы Цельсия</lang>
                  </description>
              </value>
                </configParam>
      </configParams>
  
    
  
    <resourceLinks>
     
    <deviceImage url="http://www.pepper1.net/zwavedb/uploads/resources/56821762599b4af87d188aa919006787874f3fcc.jpg" />
      </resourceLinks>
    
  </ZWaveDevice>


