<?xml version="1.0" encoding="utf-8"?>
<ZWaveDevice xmlns="http://www.pepper1.net/zwavedb/xml-schemata/z-wave" schemaVersion="2">

  <descriptorVersion>1</descriptorVersion>

  <deviceData>
            <manufacturerId value="0002"/>
        <productType value="0064"/>
    <productId value="0001"/>
    <libType value="00"/>
    <protoVersion value="00"/>
    <protoSubVersion value="00"/>
    <appVersion value="00"/>
    <appSubVersion value="00"/>
        <basicClass value="04"/>
            <genericClass value="08"/>
            <specificClass value="03"/>
        <optional value="false"/>
    <listening value="false"/>
    <routing value="false"/>
        <beamSensor>0</beamSensor>
                    
      </deviceData>

  <deviceDescription>
                <description>
            <lang xml:lang="de">Rücksetz-Thermostat</lang>
            <lang xml:lang="en">Radiator Thermostat</lang>
          </description>
            <wakeupNote>
            <lang xml:lang="de">Override Taste </lang>
            <lang xml:lang="en">Override button</lang>
          </wakeupNote>
            <inclusionNote>
            <lang xml:lang="de">Override Taste dreifach</lang>
            <lang xml:lang="en">Override button tripple press</lang>
          </inclusionNote>
            <productName>RA-PLUS-w</productName>
            <brandName>Danfoss</brandName>
            <productLine>Radiator Thermostat</productLine>
                    <batteryType>AAA</batteryType>
            <batteryCount>2</batteryCount>
            </deviceDescription>

    <commandClasses>
        <commandClass id="0080"/>
        <commandClass id="0081" controlled="true"/>
        <commandClass id="0084" version="2"/>
        <commandClass id="0085"/>
        <commandClass id="0046"/>
        <commandClass id="008f"/>
        <commandClass id="0072"/>
        <commandClass id="0086"/>
      </commandClasses>
  
    <assocGroups>
        <assocGroup number="1" maxNodes="1">
            <description>
                <lang xml:lang="de">Benachrichtungen des Gerätes</lang>
                <lang xml:lang="en">target of wakeup and override notifications</lang>
              </description>
          </assocGroup>
      </assocGroups>
  
  
    
  
    <resourceLinks>
     
    <deviceImage url="http://www.pepper1.net/zwavedb/uploads/resources/65756b0778d74cb1cdff0e75e1bf5074bc2b1256.gif" />
      </resourceLinks>
    
  </ZWaveDevice>


