<?xml version="1.0" encoding="utf-8"?>
<ZWaveDevice xmlns="http://www.pepper1.net/zwavedb/xml-schemata/z-wave" schemaVersion="2">

  <descriptorVersion>1</descriptorVersion>

  <deviceData>
            <manufacturerId value="0109"/>
        <productType value="2005"/>
    <productId value="0505"/>
    <libType value="03"/>
    <protoVersion value="03"/>
    <protoSubVersion value="53"/>
    <appVersion value="0e"/>
    <appSubVersion value="01"/>
        <basicClass value="04"/>
            <genericClass value="10"/>
            <optional value="true"/>
    <listening value="false"/>
    <routing value="true"/>
        <beamSensor>1000</beamSensor>
                    
      </deviceData>

  <deviceDescription>
                <description>
            <lang xml:lang="de">Überflutungssensor</lang>
            <lang xml:lang="en">Flood Sensor</lang>
          </description>
            <wakeupNote>
            <lang xml:lang="de">internen Taster drücken</lang>
            <lang xml:lang="en">Push Tamper Switch</lang>
          </wakeupNote>
            <inclusionNote>
            <lang xml:lang="de">internen Taster mindestens 1 Sekunde drücken</lang>
            <lang xml:lang="en">Keep Tamper Switch Pushed for &gt; 1 sec.</lang>
          </inclusionNote>
            <productName>ZF5201</productName>
            <brandName>ZF5201</brandName>
            <productLine>ZF5201</productLine>
            <productCode>ZF5201</productCode>
                <batteryType>CR123A</batteryType>
            <batteryCount>1</batteryCount>
            </deviceDescription>

    <commandClasses>
        <commandClass id="0080"/>
        <commandClass id="0020" inNIF="false"/>
        <commandClass id="0085" version="2"/>
        <commandClass id="0086" version="2"/>
        <commandClass id="0070"/>
        <commandClass id="0071" version="4"/>
        <commandClass id="0072" version="2"/>
        <commandClass id="0073"/>
        <commandClass id="007a" version="2"/>
        <commandClass id="0025"/>
      </commandClasses>
  
    <assocGroups>
        <assocGroup number="1" maxNodes="5">
            <description>
                <lang xml:lang="de">Überflutung erkannt</lang>
                <lang xml:lang="en">Flood detected</lang>
              </description>
          </assocGroup>
      </assocGroups>
  
  
    
  
    
  </ZWaveDevice>


