<?xml version="1.0" encoding="utf-8"?>
<ZWaveDevice xmlns="http://www.pepper1.net/zwavedb/xml-schemata/z-wave" schemaVersion="2">

  <descriptorVersion>1</descriptorVersion>

  <deviceData>
            <manufacturerId value="5254"/>
        <productType value="0001"/>
    <productId value="8380"/>
    <libType value="02"/>
    <protoVersion value="03"/>
    <protoSubVersion value="22"/>
    <appVersion value="01"/>
    <appSubVersion value="02"/>
        <basicClass value="01"/>
            <genericClass value="01"/>
            <specificClass value="02"/>
        <optional value="true"/>
    <listening value="false"/>
    <routing value="false"/>
        <beamSensor>0</beamSensor>
                    
      </deviceData>

  <deviceDescription>
                <description>
            <lang xml:lang="de">Remotek Z-Wave Universalfernbedienung</lang>
            <lang xml:lang="en">Remotec Universal Z-Wave Remote Control</lang>
          </description>
            <wakeupNote>
            <lang xml:lang="de">wird durch jeden Tastendruck aufgeweckt</lang>
            <lang xml:lang="en">manually by pressing any button</lang>
          </wakeupNote>
            <inclusionNote>
            <lang xml:lang="de">halten der Hoch + Runter Pfeiltaste für 3 Sekunden und wählen des &quot;Learning Mode&quot;</lang>
            <lang xml:lang="en">hold the up + down arrow keys simultaneously for 3 seconds and select &quot;Learning Mode&quot;</lang>
          </inclusionNote>
            <productName>ZRC-100</productName>
            <brandName>Remotec</brandName>
            <productLine>Z-Wave Home Automation</productLine>
            <productCode>REM_ZRC100</productCode>
                <batteryType>AAA</batteryType>
            <batteryCount>4</batteryCount>
            </deviceDescription>

    <commandClasses>
        <commandClass id="0021"/>
        <commandClass id="0084"/>
        <commandClass id="0085" version="2"/>
        <commandClass id="0086"/>
        <commandClass id="002d"/>
        <commandClass id="008e" version="2"/>
        <commandClass id="0072"/>
      </commandClasses>
  
    <assocGroups>
        <assocGroup number="12" maxNodes="32">
            <description>
                <lang xml:lang="de"></lang>
                <lang xml:lang="en"></lang>
              </description>
          </assocGroup>
        <assocGroup number="11" maxNodes="32">
            <description>
                <lang xml:lang="de"></lang>
                <lang xml:lang="en"></lang>
              </description>
          </assocGroup>
        <assocGroup number="10" maxNodes="32">
            <description>
                <lang xml:lang="de"></lang>
                <lang xml:lang="en"></lang>
              </description>
          </assocGroup>
        <assocGroup number="9" maxNodes="0">
            <description>
                <lang xml:lang="de"></lang>
                <lang xml:lang="en"></lang>
              </description>
          </assocGroup>
        <assocGroup number="8" maxNodes="0">
            <description>
                <lang xml:lang="de"></lang>
                <lang xml:lang="en"></lang>
              </description>
          </assocGroup>
        <assocGroup number="7" maxNodes="0">
            <description>
                <lang xml:lang="de"></lang>
                <lang xml:lang="en"></lang>
              </description>
          </assocGroup>
        <assocGroup number="6" maxNodes="32">
            <description>
                <lang xml:lang="de"></lang>
                <lang xml:lang="en"></lang>
              </description>
          </assocGroup>
        <assocGroup number="5" maxNodes="0">
            <description>
                <lang xml:lang="de"></lang>
                <lang xml:lang="en"></lang>
              </description>
          </assocGroup>
        <assocGroup number="4" maxNodes="0">
            <description>
                <lang xml:lang="de"></lang>
                <lang xml:lang="en"></lang>
              </description>
          </assocGroup>
        <assocGroup number="3" maxNodes="0">
            <description>
                <lang xml:lang="de"></lang>
                <lang xml:lang="en"></lang>
              </description>
          </assocGroup>
        <assocGroup number="2" maxNodes="0">
            <description>
                <lang xml:lang="de"></lang>
                <lang xml:lang="en"></lang>
              </description>
          </assocGroup>
        <assocGroup number="1" maxNodes="32">
            <description>
                <lang xml:lang="de"></lang>
                <lang xml:lang="en"></lang>
              </description>
          </assocGroup>
      </assocGroups>
  
  
    
  
    
  </ZWaveDevice>


