<?xml version="1.0" encoding="utf-8"?>
<ZWaveDevice xmlns="http://www.pepper1.net/zwavedb/xml-schemata/z-wave" schemaVersion="2">

  <descriptorVersion>1</descriptorVersion>

  <deviceData>
            <manufacturerId value="0000"/>
        <productType value="0000"/>
    <productId value="0000"/>
    <libType value="00"/>
    <protoVersion value="00"/>
    <protoSubVersion value="00"/>
    <appVersion value="00"/>
    <appSubVersion value="00"/>
        <basicClass value="01"/>
            <genericClass value="08"/>
            <specificClass value="00"/>
        <optional value="false"/>
    <listening value="true"/>
    <routing value="false"/>
        <beamSensor>0</beamSensor>
                    
      </deviceData>

  <deviceDescription>
                <description>
            <lang xml:lang="de">7 Tage progammierbares Raum-Thermostat Z-Wave</lang>
            <lang xml:lang="en">7 Day Programmable Room Thermostat Z-Wave</lang>
          </description>
            <wakeupNote>
            <lang xml:lang="de">2 x Enter um Menü zu öffnen; Rechte Pfeiltaste Menü &quot;Setup&quot; öffnen; Menü &quot;Set up Z-Wave&quot; öffnen; &quot;Learn&quot; öffnen</lang>
            <lang xml:lang="en">2 x Enter to start menu; right arrow key to open menu &quot;Setup&quot;; open menu &quot;Set up Z-Wave&quot;; select &quot;Learn&quot;</lang>
          </wakeupNote>
            <inclusionNote>
            <lang xml:lang="de">2 x Enter um Menü zu öffnen; Rechte Pfeiltaste Menü &quot;Setup&quot; öffnen; Menü &quot;Set up Z-Wave&quot; öffnen; &quot;Include node&quot; öffnen</lang>
            <lang xml:lang="en">2 x Enter to start menu; right arrow key to open menu &quot;Setup&quot;; open menu &quot;Set up Z-Wave&quot;; select &quot;Include node&quot;</lang>
          </inclusionNote>
            <productName>SCS-317</productName>
            <brandName>Secure</brandName>
                <productCode>SEC_SCS317</productCode>
                <batteryType>AA</batteryType>
            <batteryCount>2</batteryCount>
            </deviceDescription>

    <commandClasses>
        <commandClass id="0080"/>
        <commandClass id="0042"/>
        <commandClass id="0043"/>
        <commandClass id="0084"/>
        <commandClass id="0085"/>
        <commandClass id="0086"/>
        <commandClass id="0070"/>
        <commandClass id="0031"/>
        <commandClass id="0072"/>
        <commandClass id="0053"/>
        <commandClass id="0025"/>
      </commandClasses>
  
    <assocGroups>
        <assocGroup number="1" maxNodes="1">
            <description>
                <lang xml:lang="de">Das Gerät empfängt folgende Events:
- Thermostat set point
- Thermostat operating state
- Schedule
- Multilevel sensor
- Battery
- Binary switch</lang>
                <lang xml:lang="en">This node receives unsolicited
message from the following events: 
- Thermostat set point
- Thermostat operating state
- Schedule
- Multilevel sensor
- Battery
- Binary switch</lang>
              </description>
          </assocGroup>
        <assocGroup number="2" maxNodes="4">
            <description>
                <lang xml:lang="de">Zentrales Heizgerät. Wird der Thermostat Heat Mode unterstützt, wird die Steuerung mit Thermostat Set HEAT und Thermostat mode Set Off gemacht. Andernfalls mit Basic set On and Off commands.</lang>
                <lang xml:lang="en">Central heating nodes. If
thermostat mode Heat Mode is supported the control message will be sent as Thermostat Set HEAT and Thermostat mode Set Off, otherwise the device will be controlled by Basic set On and Off commands.</lang>
              </description>
          </assocGroup>
      </assocGroups>
  
    <configParams>
        <configParam number="1" type="constant" size="1" default="00">
            <name>
                <lang xml:lang="de">Temperatur Einheit wählen</lang>
                <lang xml:lang="en">Temperature unit selection</lang>
              </name>
                  <description>
                <lang xml:lang="de"></lang>
                <lang xml:lang="en"></lang>
              </description>
      
                  <value from="81" to="00" unit="°C">
                <description>
                    <lang xml:lang="de">°C Wert (0/-127)</lang>
                    <lang xml:lang="en">°C value (0/-127)</lang>
                  </description>
              </value>
            <value from="01" to="7f" unit="°F">
                <description>
                    <lang xml:lang="de">°F Wert (128/-255)</lang>
                    <lang xml:lang="en">°F value (128/-255)</lang>
                  </description>
              </value>
                </configParam>
        <configParam number="2" type="constant" size="1" default="05">
            <name>
                <lang xml:lang="de">Untere Temperaturgrenze</lang>
                <lang xml:lang="en">Lower temperature limit</lang>
              </name>
                  <description>
                <lang xml:lang="de"></lang>
                <lang xml:lang="en"></lang>
              </description>
      
                  <value from="05" to="1e" unit="°C/°F">
                <description>
                    <lang xml:lang="de"></lang>
                    <lang xml:lang="en"></lang>
                  </description>
              </value>
                </configParam>
        <configParam number="3" type="constant" size="1" default="05">
            <name>
                <lang xml:lang="de">Obere Temperaturgrenze</lang>
                <lang xml:lang="en">Upper temperature limit</lang>
              </name>
                  <description>
                <lang xml:lang="de"></lang>
                <lang xml:lang="en"></lang>
              </description>
      
                  <value from="05" to="1e" unit="°C/°F">
                <description>
                    <lang xml:lang="de"></lang>
                    <lang xml:lang="en"></lang>
                  </description>
              </value>
                </configParam>
        <configParam number="4" type="constant" size="1" default="05">
            <name>
                <lang xml:lang="de">Delta T Temperaturänderung</lang>
                <lang xml:lang="en">Delta T temperature change</lang>
              </name>
                  <description>
                <lang xml:lang="de">(1˚C = 10) Änderung der Temperatur, die zum Aussenden eines Temperaturreports führt</lang>
                <lang xml:lang="en">(1˚C = 10) change between temperature readings to trigger an temperature report</lang>
              </description>
      
                  <value from="01" to="32" unit="1(0.1)">
                <description>
                    <lang xml:lang="de">1 or 0.1</lang>
                    <lang xml:lang="en">1 or 0.1</lang>
                  </description>
              </value>
                </configParam>
      </configParams>
  
    
  
    
  </ZWaveDevice>


