<?xml version="1.0" encoding="utf-8"?>
<ZWaveDevice xmlns="http://www.pepper1.net/zwavedb/xml-schemata/z-wave" schemaVersion="2">

  <descriptorVersion>1</descriptorVersion>

  <deviceData>
            <manufacturerId value="0154"/>
        <productType value="0001"/>
    <productId value="0001"/>
    <libType value="03"/>
    <protoVersion value="03"/>
    <protoSubVersion value="29"/>
    <appVersion value="01"/>
    <appSubVersion value="01"/>
        <basicClass value="04"/>
            <genericClass value="10"/>
            <specificClass value="01"/>
        <optional value="true"/>
    <listening value="true"/>
    <routing value="true"/>
        <beamSensor>0</beamSensor>
            <rfFrequency>EU</rfFrequency>
            <certId>15286</certId>
            <certNumber>ZC08-13020005</certNumber>
        
      </deviceData>

  <deviceDescription>
                <description>
            <lang xml:lang="de">Funkstecker für Steckdosen mit Zähler-Funktionalität</lang>
            <lang xml:lang="en">Plug-in Switch with Meter</lang>
          </description>
            <wakeupNote>
            <lang xml:lang="de"></lang>
            <lang xml:lang="en"></lang>
          </wakeupNote>
            <inclusionNote>
            <lang xml:lang="de">Drücken Sie den An/Aus Schalter dreimal innerhalb von 1,5 Sekunden</lang>
            <lang xml:lang="en">Press On/Off button three times within 1.5 seconds</lang>
          </inclusionNote>
            <productName>123658</productName>
            <brandName>Popp</brandName>
            <productLine>Wall Plugs</productLine>
            <productCode>123658</productCode>
                        </deviceDescription>

    <commandClasses>
        <commandClass id="0020"/>
        <commandClass id="0025"/>
        <commandClass id="0086"/>
        <commandClass id="0027"/>
        <commandClass id="0072" version="2"/>
        <commandClass id="0070"/>
        <commandClass id="0032" version="3"/>
        <commandClass id="0085"/>
      </commandClasses>
  
    <assocGroups>
        <assocGroup number="1" maxNodes="1">
            <description>
                <lang xml:lang="de">Wenn die Leistungsaufnahme mehr als 5% schwankt sendet das Gerät einen Meter Report. Wenn sich der An/Aus-Status ändert sendet das Gerät einen Binary Switch Report.</lang>
                <lang xml:lang="en">When the power consumption of load vary over 5%, the device will send a Meter Report. When &quot;on&quot; or &quot;off&quot; state has been changed, it will send Binary Switch Report.</lang>
              </description>
          </assocGroup>
      </assocGroups>
  
    <configParams>
        <configParam number="1" type="range" size="2" default="02d0">
            <name>
                <lang xml:lang="de">Zeitinterval für einen automatischen Report des Stromverbrauches</lang>
                <lang xml:lang="en">Watt Meter Report Period</lang>
              </name>
                  <description>
                <lang xml:lang="de">Wird ein Wert von 720 eingestellt, so meldet das Gerät jede Stunde den momentan Stromverbrauch an den Z-Wave Controller.



Einheit: 5 Sekunden</lang>
                <lang xml:lang="en">If  the  setting  is  configured for  1hour  (set  value  =720),  the  device  will  report  its instant  power  consumption every  1  hour  to  Z-Wave Controller.



Unit: 5 seconds</lang>
              </description>
      
                  <value from="0001" to="7fff">
                <description>
                    <lang xml:lang="de">720 * 5 Sekunden = 3600 Sekunden = 1 Stunde </lang>
                    <lang xml:lang="en">720 * 5s = 3600s = 1 hour</lang>
                  </description>
              </value>
                </configParam>
        <configParam number="2" type="range" size="2" default="0006">
            <name>
                <lang xml:lang="de">Zeitinterval für einen automatischenReport der elektr. Arbeit (kWh)</lang>
                <lang xml:lang="en">KWH Meter Report  Period</lang>
              </name>
                  <description>
                <lang xml:lang="de">Wird ein Wert von 6 eingestellt, so meldet das Gerät jede Stunde die innerhalb einer Stunde aufgenommen Leistung (KW/h) an den Z-Wave Controller.</lang>
                <lang xml:lang="en">If  the  setting  is  configured for  1hour  (set  value  =6), the  device  will  report  its Accumulated Power Consumption (KW/h) every hour to Z-Wave Controller. 



Unit: 10min</lang>
              </description>
      
                  <value from="0001" to="7fff">
                <description>
                    <lang xml:lang="de">6  * 10 Minuten = 1 Stunde</lang>
                    <lang xml:lang="en">6 * 10min = 1hour</lang>
                  </description>
              </value>
                </configParam>
        <configParam number="3" type="range" size="2" default="0bb8">
            <name>
                <lang xml:lang="de">Threshold of Watt for Load caution</lang>
                <lang xml:lang="en">Threshold of Watt for Load caution</lang>
              </name>
                  <description>
                <lang xml:lang="de">Übersteigt die Wattleistung den hier festgelegten Wert, so sendet das Gerät einen Alarm Report an den Z-Wave Controller.</lang>
                <lang xml:lang="en">This is a warning when the wattage of load over the preset threshold value, if the load wattage exceeds the setting value the device will send a warning alarm command to the controller.</lang>
              </description>
      
                  <value from="000a" to="0bb8" unit="Watt">
                <description>
                    <lang xml:lang="de">Wattzahl Schwellenwert</lang>
                    <lang xml:lang="en">wattage threshold value</lang>
                  </description>
              </value>
                </configParam>
        <configParam number="4" type="range" size="2" default="2710">
            <name>
                <lang xml:lang="de">Schwellwert zum Erkennen der Überlastsituation</lang>
                <lang xml:lang="en">Threshold of KWh for Load caution</lang>
              </name>
                  <description>
                <lang xml:lang="de">Übersteigt die innerhalb einer Stunde aufgenommen Leistung den hier festgelegten Wert, so sendet das Gerät einen Alarm Report an den Z-Wave Controller.</lang>
                <lang xml:lang="en">This is a warning when the KWh of load over the preset threshold value, if the Accumulated Power Consumption exceeds the setting value the device 
will send a warning alarm command to the controller.</lang>
              </description>
      
                  <value from="0001" to="2710" unit="KWh">
                <description>
                    <lang xml:lang="de">KWh Schwellenwert</lang>
                    <lang xml:lang="en">KWh threshold value</lang>
                  </description>
              </value>
                </configParam>
        <configParam number="5" type="rangemapped" size="1" default="01">
            <name>
                <lang xml:lang="de">Verhalten bei Stromunterbrechung</lang>
                <lang xml:lang="en">Behavior on Power Outages</lang>
              </name>
                  <description>
                <lang xml:lang="de"></lang>
                <lang xml:lang="en"></lang>
              </description>
      
                  <value from="00" to="00">
                <description>
                    <lang xml:lang="de">Ausschalten</lang>
                    <lang xml:lang="en">Switch Off</lang>
                  </description>
              </value>
            <value from="01" to="01">
                <description>
                    <lang xml:lang="de">letzter Schaltzustand</lang>
                    <lang xml:lang="en">last Switch State</lang>
                  </description>
              </value>
            <value from="02" to="02">
                <description>
                    <lang xml:lang="de">Anschalten</lang>
                    <lang xml:lang="en">Switch On</lang>
                  </description>
              </value>
                </configParam>
        <configParam number="11" type="rangemapped" size="1" default="01">
            <name>
                <lang xml:lang="de">Deaktivieren der Schaltfunktion</lang>
                <lang xml:lang="en">Disable Switching Funktion</lang>
              </name>
                  <description>
                <lang xml:lang="de">Wird der Zwischenstecker nur zum Energiemessen genutzt, kann das versehentliche Ausschalten des Verbrauchers mit dieser Option 
                verhindert werden. Das Abschalten wegen Überlast ist weiterhin aktiv.</lang>
                <lang xml:lang="en">In case the plug is used for metering only this parameter prevents from switching off the load accidently. The over load protection remains active even in this state. </lang>
              </description>
      
                  <value from="00" to="00">
                <description>
                    <lang xml:lang="de">Deaktiviert</lang>
                    <lang xml:lang="en">Disabled</lang>
                  </description>
              </value>
            <value from="01" to="01">
                <description>
                    <lang xml:lang="de">Aktiviert</lang>
                    <lang xml:lang="en">Enabled</lang>
                  </description>
              </value>
                </configParam>
      </configParams>
  
    
  
    <resourceLinks>
     
    <deviceImage url="http://www.pepper1.net/zwavedb/uploads/resources/c89c4f026da3cc33fc32ff8243d57d605708059e.jpg" />
      </resourceLinks>
    
  </ZWaveDevice>


