<?xml version="1.0" encoding="utf-8"?>
<ZWaveDevice xmlns="http://www.pepper1.net/zwavedb/xml-schemata/z-wave" schemaVersion="2">

  <descriptorVersion>1</descriptorVersion>

  <deviceData>
            <manufacturerId value="0086"/>
        <productType value="0002"/>
    <productId value="001c"/>
    <libType value="03"/>
    <protoVersion value="03"/>
    <protoSubVersion value="43"/>
    <appVersion value="01"/>
    <appSubVersion value="05"/>
        <basicClass value="04"/>
            <genericClass value="31"/>
            <specificClass value="01"/>
        <optional value="true"/>
    <listening value="true"/>
    <routing value="true"/>
        <beamSensor>0</beamSensor>
                    
      </deviceData>

  <deviceDescription>
                <description>
            <lang xml:lang="de">Zangen-Strommessgerät G2</lang>
            <lang xml:lang="en">Clamp Power Meter G2</lang>
          </description>
            <wakeupNote>
            <lang xml:lang="de"></lang>
            <lang xml:lang="en"></lang>
          </wakeupNote>
            <inclusionNote>
            <lang xml:lang="de">Taster hinter Abdeckung</lang>
            <lang xml:lang="en">Button inside</lang>
          </inclusionNote>
            <productName>HEMG2</productName>
            <brandName>AeonLabs</brandName>
            <productLine>Power Sensors</productLine>
                            </deviceDescription>

    <commandClasses>
        <commandClass id="0060" version="3"/>
        <commandClass id="0020" inNIF="false"/>
        <commandClass id="0085"/>
        <commandClass id="0086"/>
        <commandClass id="0032" version="3"/>
        <commandClass id="0070"/>
        <commandClass id="0072" version="2"/>
      </commandClasses>
  
    <assocGroups>
        <assocGroup number="1" maxNodes="5">
            <description>
                <lang xml:lang="de">Empfänger aller Reports</lang>
                <lang xml:lang="en">Receiver of all Reports</lang>
              </description>
          </assocGroup>
      </assocGroups>
  
    <configParams>
        <configParam number="2" type="rangemapped" size="1" default="00">
            <name>
                <lang xml:lang="de">Negativer Stromfluss wird angezeigt</lang>
                <lang xml:lang="en">If the reverse clamping pliers, negative power is detected.</lang>
              </name>
                  <description>
                <lang xml:lang="de"></lang>
                <lang xml:lang="en"></lang>
              </description>
      
                  <value from="00" to="00">
                <description>
                    <lang xml:lang="de">Deaktiviert</lang>
                    <lang xml:lang="en">Disabled</lang>
                  </description>
              </value>
            <value from="01" to="01">
                <description>
                    <lang xml:lang="de">Aktiviert</lang>
                    <lang xml:lang="en">Enabled</lang>
                  </description>
              </value>
                </configParam>
        <configParam number="3" type="rangemapped" size="1" default="00">
            <name>
                <lang xml:lang="de">Automatisches Senden eines Messwertes erfolgt nur bei Änderung des Messwertes</lang>
                <lang xml:lang="en">Automated Report only when power is changed</lang>
              </name>
                  <description>
                <lang xml:lang="de"></lang>
                <lang xml:lang="en"></lang>
              </description>
      
                  <value from="00" to="00">
                <description>
                    <lang xml:lang="de">Deaktiviert</lang>
                    <lang xml:lang="en">Disabled</lang>
                  </description>
              </value>
            <value from="01" to="01">
                <description>
                    <lang xml:lang="de">Aktiviert</lang>
                    <lang xml:lang="en">Enabled</lang>
                  </description>
              </value>
                </configParam>
        <configParam number="4" type="range" size="2" default="0032">
            <name>
                <lang xml:lang="de">Änderungsschwellwert für Leistungs-Report (Watt) für das gesamte Gerät</lang>
                <lang xml:lang="en">Minimum Change to send Report (Watt) for the whole HEM</lang>
              </name>
                  <description>
                <lang xml:lang="de">Definiert die minimale Änderung der Leistungsaufnahme des angeschlossenen Verbrauchers in Watt, die zu einem automatischen Senden von Leistungsdaten führt.</lang>
                <lang xml:lang="en">The value represents the minimum change in Wattage for a Report to be sent .</lang>
              </description>
      
                  <value from="0000" to="7d00" unit="W">
                <description>
                    <lang xml:lang="de">W</lang>
                    <lang xml:lang="en">W</lang>
                  </description>
              </value>
                </configParam>
        <configParam number="5" type="range" size="2" default="0032">
            <name>
                <lang xml:lang="de">Änderungsschwellwert für Leistungs-Report (Watt) für Klemme 1</lang>
                <lang xml:lang="en">Minimum Change to send Report (Watt) for clamp 1</lang>
              </name>
                  <description>
                <lang xml:lang="de">Definiert die minimale Änderung der Leistungsaufnahme des angeschlossenen Verbrauchers in Watt, die zu einem automatischen Senden von Leistungsdaten führt.</lang>
                <lang xml:lang="en">The value represents the minimum change in Wattage for a Report to be sent .</lang>
              </description>
      
                  <value from="0000" to="7d00" unit="W">
                <description>
                    <lang xml:lang="de">W</lang>
                    <lang xml:lang="en">W</lang>
                  </description>
              </value>
                </configParam>
        <configParam number="6" type="range" size="2" default="0032">
            <name>
                <lang xml:lang="de">Änderungsschwellwert für Leistungs-Report (Watt) für Klemme 2</lang>
                <lang xml:lang="en">Minimum Change to send Report (Watt) for clamp 2</lang>
              </name>
                  <description>
                <lang xml:lang="de">Definiert die minimale Änderung der Leistungsaufnahme des angeschlossenen Verbrauchers in Watt, die zu einem automatischen Senden von Leistungsdaten führt.</lang>
                <lang xml:lang="en">The value represents the minimum change in Wattage for a Report to be sent .</lang>
              </description>
      
                  <value from="0000" to="7d00" unit="W">
                <description>
                    <lang xml:lang="de">W</lang>
                    <lang xml:lang="en">W</lang>
                  </description>
              </value>
                </configParam>
        <configParam number="7" type="range" size="2" default="0032">
            <name>
                <lang xml:lang="de">Änderungsschwellwert für Leistungs-Report (Watt) für Klemme 3</lang>
                <lang xml:lang="en">Minimum Change to send Report (Watt) for clamp 3</lang>
              </name>
                  <description>
                <lang xml:lang="de">Definiert die minimale Änderung der Leistungsaufnahme des angeschlossenen Verbrauchers in Watt, die zu einem automatischen Senden von Leistungsdaten führt.</lang>
                <lang xml:lang="en">The value represents the minimum change in Wattage for a Report to be sent .</lang>
              </description>
      
                  <value from="0000" to="7d00" unit="W">
                <description>
                    <lang xml:lang="de">W</lang>
                    <lang xml:lang="en">W</lang>
                  </description>
              </value>
                </configParam>
        <configParam number="8" type="range" size="1" default="0a">
            <name>
                <lang xml:lang="de">Änderungsschwellwert für Leistungs-Report (%) für das gesamte Gerät</lang>
                <lang xml:lang="en">Minimum Change to send Report (%) for the whole HEM</lang>
              </name>
                  <description>
                <lang xml:lang="de">Definiert die minimale Änderung der Leistungsaufnahme des angeschlossenen Verbrauchers in Prozent, die zu einem automatischen Senden von Leistungsdaten führt.</lang>
                <lang xml:lang="en">The value represents the minimum change in Watage Percent for a report to be sent </lang>
              </description>
      
                  <value from="00" to="ff" unit="W">
                <description>
                    <lang xml:lang="de">%</lang>
                    <lang xml:lang="en">%</lang>
                  </description>
              </value>
                </configParam>
        <configParam number="9" type="range" size="1" default="0a">
            <name>
                <lang xml:lang="de">Änderungsschwellwert für Leistungs-Report (%) für Klemme 1</lang>
                <lang xml:lang="en">Minimum Change to send Report (%) for clamp 1</lang>
              </name>
                  <description>
                <lang xml:lang="de">Definiert die minimale Änderung der Leistungsaufnahme des angeschlossenen Verbrauchers in Prozent, die zu einem automatischen Senden von Leistungsdaten führt.</lang>
                <lang xml:lang="en">The value represents the minimum change in Watage Percent for a report to be sent </lang>
              </description>
      
                  <value from="00" to="ff" unit="W">
                <description>
                    <lang xml:lang="de">%</lang>
                    <lang xml:lang="en">%</lang>
                  </description>
              </value>
                </configParam>
        <configParam number="10" type="range" size="1" default="0a">
            <name>
                <lang xml:lang="de">Änderungsschwellwert für Leistungs-Report (%) für Klemme 2</lang>
                <lang xml:lang="en">Minimum Change to send Report (%) for clamp 2</lang>
              </name>
                  <description>
                <lang xml:lang="de">Definiert die minimale Änderung der Leistungsaufnahme des angeschlossenen Verbrauchers in Prozent, die zu einem automatischen Senden von Leistungsdaten führt.</lang>
                <lang xml:lang="en">The value represents the minimum change in Watage Percent for a report to be sent </lang>
              </description>
      
                  <value from="00" to="ff" unit="W">
                <description>
                    <lang xml:lang="de">%</lang>
                    <lang xml:lang="en">%</lang>
                  </description>
              </value>
                </configParam>
        <configParam number="11" type="range" size="1" default="0a">
            <name>
                <lang xml:lang="de">Änderungsschwellwert für Leistungs-Report (%) für Klemme 3</lang>
                <lang xml:lang="en">Minimum Change to send Report (%) for clamp 3</lang>
              </name>
                  <description>
                <lang xml:lang="de">Definiert die minimale Änderung der Leistungsaufnahme des angeschlossenen Verbrauchers in Prozent, die zu einem automatischen Senden von Leistungsdaten führt.</lang>
                <lang xml:lang="en">The value represents the minimum change in Watage Percent for a report to be sent </lang>
              </description>
      
                  <value from="00" to="ff" unit="W">
                <description>
                    <lang xml:lang="de">%</lang>
                    <lang xml:lang="en">%</lang>
                  </description>
              </value>
                </configParam>
        <configParam number="13" type="rangemapped" size="1" default="00">
            <name>
                <lang xml:lang="de">Aktiviere CRC16 gesicherte Messwertübertragung</lang>
                <lang xml:lang="en">Enable /disable reporting CRC-16 Encapsulation Command</lang>
              </name>
                  <description>
                <lang xml:lang="de"></lang>
                <lang xml:lang="en"></lang>
              </description>
      
                  <value from="00" to="00">
                <description>
                    <lang xml:lang="de">Deaktiviert</lang>
                    <lang xml:lang="en">Disabled</lang>
                  </description>
              </value>
            <value from="01" to="01">
                <description>
                    <lang xml:lang="de">Aktiviert</lang>
                    <lang xml:lang="en">Enabled</lang>
                  </description>
              </value>
                </configParam>
        <configParam number="101" type="rangemapped" size="4" default="00000008">
            <name>
                <lang xml:lang="de">Benachrichtigungsart der Benachrichtigungsgruppe 1</lang>
                <lang xml:lang="en">Report type send in Reporting Group 1</lang>
              </name>
                  <description>
                <lang xml:lang="de">Definiert die Benachrichtigungsart (Typ des Reports), der in dier Benachrichtigungsgruppe 1 gesendet wird.</lang>
                <lang xml:lang="en">Defines the type of report sent for the Reporting Group 1.</lang>
              </description>
      
                  <value from="00000001" to="00000001">
                <description>
                    <lang xml:lang="de">Batterie-Report</lang>
                    <lang xml:lang="en">Battery Report</lang>
                  </description>
              </value>
            <value from="00000002" to="00000002">
                <description>
                    <lang xml:lang="de">Multisensor-Report für das Gesamtgerät</lang>
                    <lang xml:lang="en">MultiSensor Report for the whole device</lang>
                  </description>
              </value>
            <value from="00000004" to="00000004">
                <description>
                    <lang xml:lang="de">Zähler-Report als Watt für das Gesamtgerät</lang>
                    <lang xml:lang="en">Meter Report for Watt for the whole device</lang>
                  </description>
              </value>
            <value from="00000008" to="00000008">
                <description>
                    <lang xml:lang="de">Zähler-Report als kWh für das Gesamtgerät</lang>
                    <lang xml:lang="en">Meter Report for kWh for the whole device</lang>
                  </description>
              </value>
            <value from="00000100" to="00000100">
                <description>
                    <lang xml:lang="de">Zähler-Report als Watt für Klemme 1</lang>
                    <lang xml:lang="en">Meter Report for Watt for clamp 1</lang>
                  </description>
              </value>
            <value from="00000200" to="00000200">
                <description>
                    <lang xml:lang="de">Zähler-Report als Watt für Klemme 2</lang>
                    <lang xml:lang="en">Meter Report for Watt for clamp 2</lang>
                  </description>
              </value>
            <value from="00000400" to="00000400">
                <description>
                    <lang xml:lang="de">Zähler-Report als Watt für Klemme 3</lang>
                    <lang xml:lang="en">Meter Report for Watt for clamp 3</lang>
                  </description>
              </value>
            <value from="00000800" to="00000800">
                <description>
                    <lang xml:lang="de">Zähler-Report als kWh für Klemme 1</lang>
                    <lang xml:lang="en">Meter Report for kWh for clamp 1</lang>
                  </description>
              </value>
            <value from="00001000" to="00001000">
                <description>
                    <lang xml:lang="de">Zähler-Report als kWh für Klemme 2</lang>
                    <lang xml:lang="en">Meter Report for Watt for clamp 2</lang>
                  </description>
              </value>
            <value from="00002000" to="00002000">
                <description>
                    <lang xml:lang="de">Zähler-Report als kWh für Klemme 3</lang>
                    <lang xml:lang="en">Meter Report for kWh for clamp 3</lang>
                  </description>
              </value>
                </configParam>
        <configParam number="102" type="rangemapped" size="4" default="00000000">
            <name>
                <lang xml:lang="de">Benachrichtigungsart der Benachrichtigungsgruppe 2</lang>
                <lang xml:lang="en">Report Type send in Reporting Group 2</lang>
              </name>
                  <description>
                <lang xml:lang="de">Definiert die Benachrichtigungsart (Typ des Reports), der in dier Benachrichtigungsgruppe 2 gesendet wird.</lang>
                <lang xml:lang="en">Defines the type of report sent for the Reporting Group 2.</lang>
              </description>
      
                  <value from="00000001" to="00000001">
                <description>
                    <lang xml:lang="de">Batterie-Report</lang>
                    <lang xml:lang="en">Battery Report</lang>
                  </description>
              </value>
            <value from="00000002" to="00000002">
                <description>
                    <lang xml:lang="de">Multisensor-Report für das Gesamtgerät</lang>
                    <lang xml:lang="en">MultiSensor Report for the whole device</lang>
                  </description>
              </value>
            <value from="00000004" to="00000004">
                <description>
                    <lang xml:lang="de">Zähler-Report als Watt für das Gesamtgerät</lang>
                    <lang xml:lang="en">Meter Report for Watt for the whole device</lang>
                  </description>
              </value>
            <value from="00000008" to="00000008">
                <description>
                    <lang xml:lang="de">Zähler-Report als kWh für das Gesamtgerät</lang>
                    <lang xml:lang="en">Meter Report for kWh for the whole device</lang>
                  </description>
              </value>
            <value from="00000100" to="00000100">
                <description>
                    <lang xml:lang="de">Zähler-Report als Watt für Klemme 1</lang>
                    <lang xml:lang="en">Meter Report for Watt for clamp 1</lang>
                  </description>
              </value>
            <value from="00000200" to="00000200">
                <description>
                    <lang xml:lang="de">Zähler-Report als Watt für Klemme 2</lang>
                    <lang xml:lang="en">Meter Report for Watt for clamp 2</lang>
                  </description>
              </value>
            <value from="00000400" to="00000400">
                <description>
                    <lang xml:lang="de">Zähler-Report als Watt für Klemme 3</lang>
                    <lang xml:lang="en">Meter Report for Watt for clamp 3</lang>
                  </description>
              </value>
            <value from="00000800" to="00000800">
                <description>
                    <lang xml:lang="de">Zähler-Report als kWh für Klemme 1</lang>
                    <lang xml:lang="en">Meter Report for kWh for clamp 1</lang>
                  </description>
              </value>
            <value from="00001000" to="00001000">
                <description>
                    <lang xml:lang="de">Zähler-Report als kWh für Klemme 2</lang>
                    <lang xml:lang="en">Meter Report for Watt for clamp 2</lang>
                  </description>
              </value>
            <value from="00002000" to="00002000">
                <description>
                    <lang xml:lang="de">Zähler-Report als kWh für Klemme 3</lang>
                    <lang xml:lang="en">Meter Report for kWh for clamp 3</lang>
                  </description>
              </value>
                </configParam>
        <configParam number="103" type="rangemapped" size="4" default="00000000">
            <name>
                <lang xml:lang="de">Benachrichtigungsart der Benachrichtigungsgruppe 3</lang>
                <lang xml:lang="en">Report Type send in Reporting Group 3</lang>
              </name>
                  <description>
                <lang xml:lang="de">Definiert die Benachrichtigungsart (Typ des Reports), der in dier Benachrichtigungsgruppe 3 gesendet wird.</lang>
                <lang xml:lang="en">Defines the type of report sent for the Reporting Group 3.</lang>
              </description>
      
                  <value from="00000001" to="00000001">
                <description>
                    <lang xml:lang="de">Batterie-Report</lang>
                    <lang xml:lang="en">Battery Report</lang>
                  </description>
              </value>
            <value from="00000002" to="00000002">
                <description>
                    <lang xml:lang="de">Multisensor-Report für das Gesamtgerät</lang>
                    <lang xml:lang="en">MultiSensor Report for the whole device</lang>
                  </description>
              </value>
            <value from="00000004" to="00000004">
                <description>
                    <lang xml:lang="de">Zähler-Report als Watt für das Gesamtgerät</lang>
                    <lang xml:lang="en">Meter Report for Watt for the whole device</lang>
                  </description>
              </value>
            <value from="00000008" to="00000008">
                <description>
                    <lang xml:lang="de">Zähler-Report als kWh für das Gesamtgerät</lang>
                    <lang xml:lang="en">Meter Report for kWh for the whole device</lang>
                  </description>
              </value>
            <value from="00000100" to="00000100">
                <description>
                    <lang xml:lang="de">Zähler-Report als Watt für Klemme 1</lang>
                    <lang xml:lang="en">Meter Report for Watt for clamp 1</lang>
                  </description>
              </value>
            <value from="00000200" to="00000200">
                <description>
                    <lang xml:lang="de">Zähler-Report als Watt für Klemme 2</lang>
                    <lang xml:lang="en">Meter Report for Watt for clamp 2</lang>
                  </description>
              </value>
            <value from="00000400" to="00000400">
                <description>
                    <lang xml:lang="de">Zähler-Report als Watt für Klemme 3</lang>
                    <lang xml:lang="en">Meter Report for Watt for clamp 3</lang>
                  </description>
              </value>
            <value from="00000800" to="00000800">
                <description>
                    <lang xml:lang="de">Zähler-Report als kWh für Klemme 1</lang>
                    <lang xml:lang="en">Meter Report for kWh for clamp 1</lang>
                  </description>
              </value>
            <value from="00001000" to="00001000">
                <description>
                    <lang xml:lang="de">Zähler-Report als kWh für Klemme 2</lang>
                    <lang xml:lang="en">Meter Report for Watt for clamp 2</lang>
                  </description>
              </value>
            <value from="00002000" to="00002000">
                <description>
                    <lang xml:lang="de">Zähler-Report als kWh für Klemme 3</lang>
                    <lang xml:lang="en">Meter Report for kWh for clamp 3</lang>
                  </description>
              </value>
                </configParam>
        <configParam number="111" type="constant" size="1" default="01">
            <name>
                <lang xml:lang="de">Sendeinterval für Benachrichtigungsgruppe 1</lang>
                <lang xml:lang="en">Send Interval for Reporting Group 1</lang>
              </name>
                  <description>
                <lang xml:lang="de">Definiert das Zeitinterval, in dem die definierte Benachrichtigung der Benachrichtigungsgruppe 1 ausgesendet wird.</lang>
                <lang xml:lang="en">Defines the time interval when the defined report of Reporting Group 1 is sent out.</lang>
              </description>
      
                  <value from="00" to="ff" unit="s">
                <description>
                    <lang xml:lang="de">Sekunden</lang>
                    <lang xml:lang="en">Seconds</lang>
                  </description>
              </value>
                </configParam>
        <configParam number="112" type="constant" size="1" default="01">
            <name>
                <lang xml:lang="de">Sendeinterval für Benachrichtigungsgruppe 2</lang>
                <lang xml:lang="en">Send Interval for Reporting Group 2</lang>
              </name>
                  <description>
                <lang xml:lang="de">Definiert das Zeitinterval, in dem die definierte Benachrichtigung der Benachrichtigungsgruppe 2 ausgesendet wird.</lang>
                <lang xml:lang="en">Defines the time interval when the defined report of Reporting Group 2 is sent out.</lang>
              </description>
      
                  <value from="00" to="ff" unit="s">
                <description>
                    <lang xml:lang="de">Sekunden</lang>
                    <lang xml:lang="en">Seconds</lang>
                  </description>
              </value>
                </configParam>
        <configParam number="113" type="constant" size="1" default="01">
            <name>
                <lang xml:lang="de">Sendeinterval für Benachrichtigungsgruppe 3</lang>
                <lang xml:lang="en">Send Interval for Reporting Group 3</lang>
              </name>
                  <description>
                <lang xml:lang="de">Definiert das Zeitinterval, in dem die definierte Benachrichtigung der Benachrichtigungsgruppe 3 ausgesendet wird.</lang>
                <lang xml:lang="en">Defines the time interval when the defined report of Reporting Group 3 is sent out.</lang>
              </description>
      
                  <value from="00" to="00" unit="s">
                <description>
                    <lang xml:lang="de">Sekunden</lang>
                    <lang xml:lang="en">Seconds</lang>
                  </description>
              </value>
                </configParam>
        <configParam number="100" type="constant" size="1" default="01">
            <name>
                <lang xml:lang="de">Setz Wert 101-103 auf Werkseinstellung</lang>
                <lang xml:lang="en">Set 101-103 to default</lang>
              </name>
                  <description>
                <lang xml:lang="de"></lang>
                <lang xml:lang="en"></lang>
              </description>
      
          </configParam>
        <configParam number="110" type="constant" size="1" default="01">
            <name>
                <lang xml:lang="de">Setz Wert 111-113 auf Werkseinstellung</lang>
                <lang xml:lang="en">Set 111-113 to default</lang>
              </name>
                  <description>
                <lang xml:lang="de"></lang>
                <lang xml:lang="en"></lang>
              </description>
      
          </configParam>
        <configParam number="200" type="constant" size="1" default="01">
            <name>
                <lang xml:lang="de">Partner ID</lang>
                <lang xml:lang="en">Partner ID</lang>
              </name>
                  <description>
                <lang xml:lang="de">(0= Aeon Labs Standard Produkt,
1= AT&amp;T).</lang>
                <lang xml:lang="en">(0= Aeon Labs Standard Product,
1= AT&amp;T).</lang>
              </description>
      
          </configParam>
        <configParam number="252" type="constant" size="1" default="00">
            <name>
                <lang xml:lang="de">ermöglicht/sperrt Konfiguration</lang>
                <lang xml:lang="en">Enable/disable Configuration Locked</lang>
              </name>
                  <description>
                <lang xml:lang="de">0 =inaktiv, 1 = aktiv</lang>
                <lang xml:lang="en">0 =disable, 1 = enable</lang>
              </description>
      
                  <value from="00" to="00">
                <description>
                    <lang xml:lang="de">0 = inaktiv</lang>
                    <lang xml:lang="en">0 = disabled</lang>
                  </description>
              </value>
            <value from="01" to="01">
                <description>
                    <lang xml:lang="de">1 = aktiv</lang>
                    <lang xml:lang="en">1 = enabled</lang>
                  </description>
              </value>
                </configParam>
        <configParam number="254" type="constant" size="2" default="0000">
            <name>
                <lang xml:lang="de">Geräte Kennung</lang>
                <lang xml:lang="en">Device Tag</lang>
              </name>
                  <description>
                <lang xml:lang="de"></lang>
                <lang xml:lang="en"></lang>
              </description>
      
          </configParam>
        <configParam number="255" type="constant" size="1" default="00">
            <name>
                <lang xml:lang="de">Reset</lang>
                <lang xml:lang="en">Reset</lang>
              </name>
                  <description>
                <lang xml:lang="de">Zurücksetzen der Konfiguration auf Werkseinstellungen</lang>
                <lang xml:lang="en">Reset configuration set up to default setting</lang>
              </description>
      
          </configParam>
      </configParams>
  
    <endpoints>
           <endpoint number="3">
            <name>
                <lang xml:lang="en"></lang>
              </name>
                  <description>
                <lang xml:lang="en"></lang>
              </description>
                  <genericClass value="31"/>
                  <specificClass value="01"/>
                  <commandClass id="0020"/>
            <commandClass id="0032" version="3"/>
          </endpoint>
           <endpoint number="2">
            <name>
                <lang xml:lang="en"></lang>
              </name>
                  <description>
                <lang xml:lang="en"></lang>
              </description>
                  <genericClass value="31"/>
                  <specificClass value="01"/>
                  <commandClass id="0020"/>
            <commandClass id="0032" version="3"/>
          </endpoint>
           <endpoint number="1">
            <name>
                <lang xml:lang="en"></lang>
              </name>
                  <description>
                <lang xml:lang="en"></lang>
              </description>
                  <genericClass value="31"/>
                  <specificClass value="01"/>
                  <commandClass id="0020"/>
            <commandClass id="0032" version="3"/>
          </endpoint>
      </endpoints>
    
  
    
  </ZWaveDevice>


