<?xml version="1.0" encoding="utf-8"?>
<ZWaveDevice xmlns="http://www.pepper1.net/zwavedb/xml-schemata/z-wave" schemaVersion="2">

  <descriptorVersion>1</descriptorVersion>

  <deviceData>
            <manufacturerId value="0060"/>
        <productType value="0103"/>
    <productId value="0001"/>
    <libType value="04"/>
    <protoVersion value="02"/>
    <protoSubVersion value="18"/>
    <appVersion value="00"/>
    <appSubVersion value="01"/>
        <basicClass value="03"/>
            <genericClass value="11"/>
            <specificClass value="01"/>
        <optional value="true"/>
    <listening value="true"/>
    <routing value="true"/>
        <beamSensor>0</beamSensor>
                    
      </deviceData>

  <deviceDescription>
                <description>
            <lang xml:lang="de">Dimmer Zwischenstecker</lang>
            <lang xml:lang="en">Dimmer Plugin</lang>
          </description>
            <wakeupNote>
            <lang xml:lang="de"></lang>
            <lang xml:lang="en"></lang>
          </wakeupNote>
            <inclusionNote>
            <lang xml:lang="de">Einfacher Tastendruck</lang>
            <lang xml:lang="en">Single Press button</lang>
          </inclusionNote>
            <productName>AN142</productName>
            <brandName>Everspring</brandName>
            <productLine>Plugins</productLine>
                            </deviceDescription>

    <commandClasses>
        <commandClass id="0020" inNIF="false"/>
        <commandClass id="0026"/>
        <commandClass id="0086"/>
        <commandClass id="0027"/>
        <commandClass id="0070" version="0"/>
        <commandClass id="0072"/>
        <commandClass id="0073"/>
        <commandClass id="0075"/>
        <commandClass id="0085" version="0"/>
      </commandClasses>
  
  
  
    
  
    <resourceLinks>
     
    <deviceImage url="http://www.pepper1.net/zwavedb/uploads/resources/a17d67c1e23277fc76ad5b80bee5920cb6cf7ca6.jpg" />
      </resourceLinks>
    
  </ZWaveDevice>


