<?xml version="1.0" encoding="utf-8"?>
<ZWaveDevice xmlns="http://www.pepper1.net/zwavedb/xml-schemata/z-wave" schemaVersion="2">

  <descriptorVersion>1</descriptorVersion>

  <deviceData>
            <manufacturerId value="0152"/>
        <productType value="0202"/>
    <productId value="0511"/>
    <libType value="06"/>
    <protoVersion value="03"/>
    <protoSubVersion value="52"/>
    <appVersion value="03"/>
    <appSubVersion value="64"/>
        <basicClass value="04"/>
            <genericClass value="10"/>
            <specificClass value="01"/>
        <optional value="false"/>
    <listening value="true"/>
    <routing value="false"/>
        <beamSensor>0</beamSensor>
            <rfFrequency>EU</rfFrequency>
                
      </deviceData>

  <deviceDescription>
                <description>
            <lang xml:lang="en">Turn on/off water valve or gas valve    </lang>
          </description>
            <wakeupNote>
            <lang xml:lang="en"></lang>
          </wakeupNote>
            <inclusionNote>
            <lang xml:lang="en">Press the red power button once.</lang>
          </inclusionNote>
            <productName>Auto Valve</productName>
            <brandName>G.R.</brandName>
            <productLine>1</productLine>
            <productCode>GR-105</productCode>
            <productVersion>v.1.0.0</productVersion>
                    </deviceDescription>

    <commandClasses>
        <commandClass id="0025"/>
        <commandClass id="0027"/>
        <commandClass id="0072"/>
        <commandClass id="0086"/>
        <commandClass id="0020"/>
      </commandClasses>
  
  
  
    
  
    <resourceLinks>
     
    <deviceImage url="http://www.pepper1.net/zwavedb/uploads/resources/ec6a41deafdccc71dc59aec7118a0e96465e8666.jpg" />
      </resourceLinks>
    
  </ZWaveDevice>


