<?xml version="1.0" encoding="utf-8"?>
<ZWaveDevice xmlns="http://www.pepper1.net/zwavedb/xml-schemata/z-wave" schemaVersion="2">

  <descriptorVersion>1</descriptorVersion>

  <deviceData>
            <manufacturerId value="0115"/>
        <productType value="0100"/>
    <productId value="0200"/>
    <libType value="03"/>
    <protoVersion value="03"/>
    <protoSubVersion value="43"/>
    <appVersion value="01"/>
    <appSubVersion value="00"/>
        <basicClass value="04"/>
            <genericClass value="a1"/>
            <specificClass value="07"/>
        <optional value="true"/>
    <listening value="false"/>
    <routing value="true"/>
        <beamSensor>0</beamSensor>
                    
      </deviceData>

  <deviceDescription>
                <description>
            <lang xml:lang="de">Rauchmelder mit integriertem Temperatursensor</lang>
            <lang xml:lang="en">Smoke Detector with Temperature Sensor</lang>
            <lang xml:lang="ru"></lang>
          </description>
            <wakeupNote>
            <lang xml:lang="de">Taster 1 Sekude drücken, wenn Melder auf Sockel aufgesteckt ist</lang>
            <lang xml:lang="en">Press Test button for 1 second when device is mounted on mounting ring</lang>
            <lang xml:lang="ru">Удержание кнопки Test 1 секунду</lang>
          </wakeupNote>
            <inclusionNote>
            <lang xml:lang="de">Taster 1 Sekunde drücken, wenn Melder vom Sockel angenommen ist</lang>
            <lang xml:lang="en">Press Test button for 1 second when device is not mounted on mounting ring</lang>
            <lang xml:lang="ru">При отжатом тампере, удерживать кнопку TEST 3 секунды</lang>
          </inclusionNote>
            <productName>Smoke Detector 1.0</productName>
            <brandName>Z-Wave.Me</brandName>
                    <productVersion>1.0</productVersion>
            <batteryType>CR123A</batteryType>
            <batteryCount>1</batteryCount>
            </deviceDescription>

    <commandClasses>
        <commandClass id="0020"/>
        <commandClass id="0080"/>
        <commandClass id="0084" version="2"/>
        <commandClass id="0085" version="2"/>
        <commandClass id="0086"/>
        <commandClass id="0030" version="2"/>
        <commandClass id="0070"/>
        <commandClass id="0071" version="3"/>
        <commandClass id="0072"/>
        <commandClass id="0031" version="5"/>
      </commandClasses>
  
    <assocGroups>
        <assocGroup number="4" maxNodes="5">
            <description>
                <lang xml:lang="de">Schaltet Gerät bei erkanntem Rauch</lang>
                <lang xml:lang="en">Switches device when smoke was detected</lang>
                <lang xml:lang="ru">Устройства управляемые при задымлении.</lang>
              </description>
          </assocGroup>
        <assocGroup number="2" maxNodes="5">
            <description>
                <lang xml:lang="de">Schaltet Geräte, wenn kritische Temperatur überschritten ist</lang>
                <lang xml:lang="en">Switches Device when temperature reaches trigger level</lang>
                <lang xml:lang="ru">Устройства управляемые при достижении критической температуры</lang>
              </description>
          </assocGroup>
        <assocGroup number="1" maxNodes="5">
            <description>
                <lang xml:lang="de">für die Steuerzentrale, empfängt alle Sensorwerte</lang>
                <lang xml:lang="en">Controller, all Temperature and Humidity Changes</lang>
                <lang xml:lang="ru">Контроллер, которому отправляются отчеты при изменении температуры, влажности или при задымлении</lang>
              </description>
          </assocGroup>
      </assocGroups>
  
    <configParams>
        <configParam number="1" type="range" size="1" default="00">
            <name>
                <lang xml:lang="de">Senden eines Temperatur-Reports</lang>
                <lang xml:lang="en">Send Unsolicited temperature report</lang>
                <lang xml:lang="ru">Автоматическая отправка температуры </lang>
              </name>
                  <description>
                <lang xml:lang="de">Schwellwert zum automatischen Aussenden eines Temperaturreports</lang>
                <lang xml:lang="en">Threshold temperature to send unsolicited report. 10 = 1 °C</lang>
                <lang xml:lang="ru">На сколько должна измениться температура, чтобы датчик отправил температуру контроллеру. 10 = 1 °C. Отключение датчика температуры позволяет продлить срок службы батареи.</lang>
              </description>
      
                  <value from="00" to="00">
                <description>
                    <lang xml:lang="de">Deaktiviert</lang>
                    <lang xml:lang="en">Disabled</lang>
                    <lang xml:lang="ru">Отключено</lang>
                  </description>
              </value>
            <value from="05" to="32" unit="0.1 °C">
                <description>
                    <lang xml:lang="de">0.1 °C</lang>
                    <lang xml:lang="en">0.1 °C</lang>
                    <lang xml:lang="ru">0.1 °C</lang>
                  </description>
              </value>
                </configParam>
        <configParam number="2" type="range" size="1" default="00">
            <name>
                <lang xml:lang="de">Temperaturshift</lang>
                <lang xml:lang="en">Temperature shift</lang>
                <lang xml:lang="ru">Коррекция температуры</lang>
              </name>
                  <description>
                <lang xml:lang="de">Mit diesem Wert kann die Temperaturmessung kalibriert werden. Für positive wert gilt 10 = 1 °C, für negative Werte gilt x = 256 - (T°C * 10). . Beispiel. Soll die Temperatur um -2K geringer angezeigt werden, wird 256 - (2 * 10) = 236</lang>
                <lang xml:lang="en">Threshold correction. For positive value 10 = 1 °C, for negative value x = 256 - (T°C * 10). Example, if need shift -2°C, value calculate: 256 - (2 * 10) = 236.</lang>
                <lang xml:lang="ru">На сколько градусов корректировать температуру. Для положительного 10 = 1 °C. Для отрицательного значение x = 256 - (T°C * 10). Например, если нужно присылаемую температуру уменьшать на 2°C, то значение вычисляется так: 256 - (2 * 10) = 236.</lang>
              </description>
      
                  <value from="00" to="00">
                <description>
                    <lang xml:lang="de">Deaktiviert</lang>
                    <lang xml:lang="en">Disabled</lang>
                    <lang xml:lang="ru">Отключено</lang>
                  </description>
              </value>
            <value from="01" to="7f" unit="0.1 °C">
                <description>
                    <lang xml:lang="de">0.1 °C</lang>
                    <lang xml:lang="en">0.1 °C</lang>
                    <lang xml:lang="ru">0.1 °C</lang>
                  </description>
              </value>
            <value from="7f" to="ff" unit="0.1 °C">
                <description>
                    <lang xml:lang="de">0.1 °C</lang>
                    <lang xml:lang="en">0.1 °C</lang>
                    <lang xml:lang="ru">0.1 °C</lang>
                  </description>
              </value>
                </configParam>
        <configParam number="5" type="rangemapped" size="1" default="00">
            <name>
                <lang xml:lang="de">Invertiert Schaltkommando für Assoziationsgruppe 2 (Temperatur)</lang>
                <lang xml:lang="en">Inverts Switching Command on Association Group 2</lang>
                <lang xml:lang="ru">Тревога при высокой и низкой температуре</lang>
              </name>
                  <description>
                <lang xml:lang="de"></lang>
                <lang xml:lang="en"></lang>
                <lang xml:lang="ru">Устройствам из группы ассоциаций №2 будут отправляться команды ON или OFF если температура высокая или низкая. По умолчанию тревога отключена, для её включения нужно в параметре №1 включить автоматическую отправку температуры, в параметре № 9 задать значение низкой температуры, в параметре № 10 задать значение высокой температуры.</lang>
              </description>
      
                  <value from="00" to="00">
                <description>
                    <lang xml:lang="de">obere Temperatur sende ON</lang>
                    <lang xml:lang="en">At High send ON</lang>
                    <lang xml:lang="ru">При высокой температуре отправляется Basic Set ON, при низкой температуре отправляется Basic Set OFF</lang>
                  </description>
              </value>
            <value from="ff" to="ff">
                <description>
                    <lang xml:lang="de">obere Temperatur sende OFF</lang>
                    <lang xml:lang="en">At High send OFF</lang>
                    <lang xml:lang="ru">При высокой температуре отправляется Basic Set OFF, при низкой температуре отправляется Basic Set ON</lang>
                  </description>
              </value>
                </configParam>
        <configParam number="7" type="rangemapped" size="1" default="00">
            <name>
                <lang xml:lang="de">Invertiert Schaltkommando für Assoziationsgruppe 4 (Rauch)</lang>
                <lang xml:lang="en">Inverts Switching Command on Association Group 4 (Smoke)</lang>
                <lang xml:lang="ru">Тревога при задымлении</lang>
              </name>
                  <description>
                <lang xml:lang="de"></lang>
                <lang xml:lang="en"></lang>
                <lang xml:lang="ru">Устройствам из группы ассоциаций №4 будут отправляться команды ON или OFF при обнаружении задымления.</lang>
              </description>
      
                  <value from="00" to="00">
                <description>
                    <lang xml:lang="de">Bei Rauchalarm sende ON</lang>
                    <lang xml:lang="en">on Smoke send ON</lang>
                    <lang xml:lang="ru">При задымлении отправляется Basic Set ON</lang>
                  </description>
              </value>
            <value from="ff" to="ff">
                <description>
                    <lang xml:lang="de">Bei Rauchalarm sende OFF</lang>
                    <lang xml:lang="en">on Smoke send OFF</lang>
                    <lang xml:lang="ru">При задымлении отправляется Basic Set OFF</lang>
                  </description>
              </value>
                </configParam>
        <configParam number="8" type="rangemapped" size="1" default="00">
            <name>
                <lang xml:lang="de">SensorBinär-Report</lang>
                <lang xml:lang="en">Send SensorBinary- Report to Group 1</lang>
                <lang xml:lang="ru">Команда отправляемая контроллеру при задымлении</lang>
              </name>
                  <description>
                <lang xml:lang="de">Bei Rauch wird ein SensorBinär Report an Assoziationsgruppe 1 gesendet</lang>
                <lang xml:lang="en">When Smoke is detected a Sensor Binary Report is sent out to Association Group 1 </lang>
                <lang xml:lang="ru">Устройствам из группы ассоциаций №1 будут отправляться команды Sensor Binary Report или Alarm Smoke при задымлении.</lang>
              </description>
      
                  <value from="ff" to="ff">
                <description>
                    <lang xml:lang="de">Sende Rauchmelderalarm</lang>
                    <lang xml:lang="en">Send Alarm Smoke</lang>
                    <lang xml:lang="ru">При задымлении отправляется Alarm Smoke</lang>
                  </description>
              </value>
            <value from="00" to="00">
                <description>
                    <lang xml:lang="de">Sende Binärsensor-Report</lang>
                    <lang xml:lang="en">Send Sensor Binary Report</lang>
                    <lang xml:lang="ru">При задымлении отправляется Sensor Binary Report (Smoke)</lang>
                  </description>
              </value>
                </configParam>
        <configParam number="9" type="range" size="1" default="ff">
            <name>
                <lang xml:lang="de">Unterer Temperaturschwellwert</lang>
                <lang xml:lang="en">Temperatur Trigger Low Value</lang>
                <lang xml:lang="ru">Значение низкой температуры</lang>
              </name>
                  <description>
                <lang xml:lang="de"></lang>
                <lang xml:lang="en">Needs parameter №1 to be set. Sets the temperature Low value, if the measurement is lower than this value, Basic OFF is sent in temperature association group(2). 255 -disable</lang>
                <lang xml:lang="ru">Если включена автоматическая отправка температуры (Параметр №1), то можно задать значение низкой температуры при достижении которой, будет отправлен сигнал тревоги (Параметр № 5). Значение низкой температуры не может быть больше значения высокой температуры.</lang>
              </description>
      
                  <value from="ff" to="ff">
                <description>
                    <lang xml:lang="de">Deaktiviert</lang>
                    <lang xml:lang="en">Disabled</lang>
                    <lang xml:lang="ru">Отключено</lang>
                  </description>
              </value>
            <value from="00" to="64" unit="°C">
                <description>
                    <lang xml:lang="de">°C</lang>
                    <lang xml:lang="en">°C</lang>
                    <lang xml:lang="ru">°C</lang>
                  </description>
              </value>
                </configParam>
        <configParam number="10" type="range" size="1" default="ff">
            <name>
                <lang xml:lang="de">Oberer Temperaturschwellwert</lang>
                <lang xml:lang="en">Temperatur Trigger High Value</lang>
                <lang xml:lang="ru">Значение высокой температуры</lang>
              </name>
                  <description>
                <lang xml:lang="de"></lang>
                <lang xml:lang="en">Needs parameter №1 to be set. Sets the temperature High value, if the measurement is higher than this value, Basic ON is sent in temperature association group(2)</lang>
                <lang xml:lang="ru">Если включена автоматическая отправка температуры (Параметр №1), то можно задать значение высокой температуры при достижении которой, будет отправлен сигнал тревоги (Параметр № 5). Значение высокой температуры не может быть меньше значения низкой температуры.</lang>
              </description>
      
                  <value from="ff" to="ff">
                <description>
                    <lang xml:lang="de">Deaktiviert</lang>
                    <lang xml:lang="en">Disabled</lang>
                    <lang xml:lang="ru">Отключено</lang>
                  </description>
              </value>
            <value from="00" to="64" unit="°C">
                <description>
                    <lang xml:lang="de">°C</lang>
                    <lang xml:lang="en">°C</lang>
                    <lang xml:lang="ru">°C</lang>
                  </description>
              </value>
                </configParam>
      </configParams>
  
    
  
    <resourceLinks>
     
    <deviceImage url="http://www.pepper1.net/zwavedb/uploads/resources/0fa800460edd12816cf213aafb80fdcd28e5ca1a.jpg" />
      </resourceLinks>
    
  </ZWaveDevice>


