<?xml version="1.0" encoding="utf-8"?>
<ZWaveDevice xmlns="http://www.pepper1.net/zwavedb/xml-schemata/z-wave" schemaVersion="2">

  <descriptorVersion>1</descriptorVersion>

  <deviceData>
            <manufacturerId value="0123"/>
        <productType value="0104"/>
    <productId value="0104"/>
    <libType value="03"/>
    <protoVersion value="03"/>
    <protoSubVersion value="45"/>
    <appVersion value="01"/>
    <appSubVersion value="00"/>
        <basicClass value="04"/>
            <genericClass value="31"/>
            <specificClass value="01"/>
        <optional value="true"/>
    <listening value="true"/>
    <routing value="false"/>
        <beamSensor>0</beamSensor>
                    
      </deviceData>

  <deviceDescription>
                <description>
            <lang xml:lang="en">Electric power measuring instrument with Z-Wave</lang>
          </description>
            <wakeupNote>
            <lang xml:lang="en"></lang>
          </wakeupNote>
            <inclusionNote>
            <lang xml:lang="en">Push &quot;Inclusion/Exclusion Button&quot; of this equipment for a short time.</lang>
          </inclusionNote>
            <productName>CTユニット</productName>
                <productLine>Electric power measuring equipment</productLine>
            <productCode>PMD35D-C</productCode>
            <productVersion>Ver. 1.00</productVersion>
                    </deviceDescription>

    <commandClasses>
        <commandClass id="0032" version="3"/>
        <commandClass id="0060" version="3"/>
        <commandClass id="0070" version="2"/>
        <commandClass id="0072" version="2"/>
        <commandClass id="0073"/>
        <commandClass id="0085"/>
        <commandClass id="0086"/>
        <commandClass id="0091"/>
        <commandClass id="0020"/>
      </commandClasses>
  
    <assocGroups>
        <assocGroup number="1" maxNodes="1">
            <description>
                <lang xml:lang="en">The equipment sends a NOP command when a 60-second non-communication in order to check the communication status.</lang>
              </description>
          </assocGroup>
      </assocGroups>
  
    <configParams>
        <configParam number="1" type="constant" size="1" default="00">
            <name>
                <lang xml:lang="en"></lang>
              </name>
                  <description>
                <lang xml:lang="en"></lang>
              </description>
      
          </configParam>
      </configParams>
  
    <endpoints>
           <endpoint number="4">
            <name>
                <lang xml:lang="en">CH4 Consumed Power</lang>
              </name>
                  <description>
                <lang xml:lang="en"></lang>
              </description>
                  <genericClass value="31"/>
                  <specificClass value="01"/>
                  <commandClass id="0032"/>
            <commandClass id="0072"/>
            <commandClass id="0086"/>
          </endpoint>
           <endpoint number="3">
            <name>
                <lang xml:lang="en">CH3 Consumed Power</lang>
              </name>
                  <description>
                <lang xml:lang="en"></lang>
              </description>
                  <genericClass value="31"/>
                  <specificClass value="01"/>
                  <commandClass id="0032"/>
            <commandClass id="0072"/>
            <commandClass id="0086"/>
          </endpoint>
           <endpoint number="2">
            <name>
                <lang xml:lang="en">CH2 Consumed Power</lang>
              </name>
                  <description>
                <lang xml:lang="en"></lang>
              </description>
                  <genericClass value="31"/>
                  <specificClass value="01"/>
                  <commandClass id="0032"/>
            <commandClass id="0072"/>
            <commandClass id="0086"/>
          </endpoint>
           <endpoint number="1">
            <name>
                <lang xml:lang="en">CH1 Consumed Power</lang>
              </name>
                  <description>
                <lang xml:lang="en"></lang>
              </description>
                  <genericClass value="31"/>
                  <specificClass value="01"/>
                  <commandClass id="0032"/>
            <commandClass id="0072"/>
            <commandClass id="0086"/>
          </endpoint>
      </endpoints>
    
  
    <resourceLinks>
     
    <deviceImage url="http://www.pepper1.net/zwavedb/uploads/resources/0875bdd4eecdd01033722b1ddd389dd0c77ce9b3.jpg" />
      </resourceLinks>
    
  </ZWaveDevice>


