<?xml version="1.0" encoding="utf-8"?>
<ZWaveDevice xmlns="http://www.pepper1.net/zwavedb/xml-schemata/z-wave" schemaVersion="2">

  <descriptorVersion>1</descriptorVersion>

  <deviceData>
            <manufacturerId value="0123"/>
        <productType value="8000"/>
    <productId value="0001"/>
    <libType value="00"/>
    <protoVersion value="00"/>
    <protoSubVersion value="00"/>
    <appVersion value="00"/>
    <appSubVersion value="00"/>
        <basicClass value="02"/>
            <genericClass value="02"/>
            <specificClass value="00"/>
        <optional value="true"/>
    <listening value="true"/>
    <routing value="false"/>
        <beamSensor>0</beamSensor>
                    
      </deviceData>

  <deviceDescription>
                <description>
            <lang xml:lang="en">Controller for electric power measuring equipment</lang>
          </description>
            <wakeupNote>
            <lang xml:lang="en"></lang>
          </wakeupNote>
            <inclusionNote>
            <lang xml:lang="en"></lang>
          </inclusionNote>
            <productName>ゲートウェイユニット</productName>
                <productLine>Gateway</productLine>
            <productCode>PMD35D-G</productCode>
            <productVersion>Ver. 1.00</productVersion>
                    </deviceDescription>

    <commandClasses>
        <commandClass id="0072"/>
        <commandClass id="0020" controlled="true" inNIF="false"/>
        <commandClass id="0086" controlled="true" inNIF="false"/>
        <commandClass id="0073" controlled="true" inNIF="false"/>
        <commandClass id="0000" controlled="true" inNIF="false"/>
        <commandClass id="0026" version="2" controlled="true" inNIF="false"/>
        <commandClass id="0031" version="5" controlled="true" inNIF="false"/>
        <commandClass id="0060" version="3" controlled="true" inNIF="false"/>
        <commandClass id="0032" version="3" controlled="true" inNIF="false"/>
        <commandClass id="0072" version="2" controlled="true" inNIF="false"/>
        <commandClass id="0091" controlled="true" inNIF="false"/>
        <commandClass id="0070" version="2" controlled="true" inNIF="false"/>
        <commandClass id="0025" controlled="true" inNIF="false"/>
        <commandClass id="0030" version="2" controlled="true" inNIF="false"/>
        <commandClass id="0080" controlled="true" inNIF="false"/>
        <commandClass id="0085" controlled="true" inNIF="false"/>
      </commandClasses>
  
  
  
    
  
    <resourceLinks>
     
    <deviceImage url="http://www.pepper1.net/zwavedb/uploads/resources/03842e51bc2b9c88447cacb9eaa57132d29c0d06.jpg" />
      </resourceLinks>
    
  </ZWaveDevice>


