<?xml version="1.0" encoding="utf-8"?>
<ZWaveDevice xmlns="http://www.pepper1.net/zwavedb/xml-schemata/z-wave" schemaVersion="2">

  <descriptorVersion>1</descriptorVersion>

  <deviceData>
            <manufacturerId value="0059"/>
        <productType value="0004"/>
    <productId value="0001"/>
    <libType value="02"/>
    <protoVersion value="03"/>
    <protoSubVersion value="43"/>
    <appVersion value="04"/>
    <appSubVersion value="00"/>
        <basicClass value="01"/>
            <genericClass value="08"/>
            <specificClass value="00"/>
        <optional value="true"/>
    <listening value="false"/>
    <routing value="false"/>
        <beamSensor>0</beamSensor>
                    
      </deviceData>

  <deviceDescription>
                <description>
            <lang xml:lang="en">Programmable 7-days Room Thermostat</lang>
            <lang xml:lang="ru"></lang>
          </description>
            <wakeupNote>
            <lang xml:lang="en">Double Enter --&gt; Setup --&gt; Set up Z-Wave --&gt;Send NIF</lang>
            <lang xml:lang="ru"></lang>
          </wakeupNote>
            <inclusionNote>
            <lang xml:lang="en">Double Enter --&gt; Setup --&gt; Set up Z-Wave --&gt;Learn</lang>
            <lang xml:lang="ru"></lang>
          </inclusionNote>
            <productName>SCSC17</productName>
            <brandName>Horstmann (Secure)</brandName>
                        <batteryType>AA</batteryType>
            <batteryCount>2</batteryCount>
            </deviceDescription>

    <commandClasses>
        <commandClass id="0080"/>
        <commandClass id="0040" controlled="true" inNIF="false"/>
        <commandClass id="0042"/>
        <commandClass id="0043" version="2"/>
        <commandClass id="0084" version="2"/>
        <commandClass id="0085"/>
        <commandClass id="0086"/>
        <commandClass id="0070"/>
        <commandClass id="0031" version="2"/>
        <commandClass id="0072"/>
        <commandClass id="0025"/>
      </commandClasses>
  
    <assocGroups>
        <assocGroup number="2" maxNodes="4">
            <description>
                <lang xml:lang="en">To thermostats sends mode Heat/Off, to relay sends On/Off</lang>
                <lang xml:lang="ru">Термостатам отправляется режимы Heat/Off, реле отправляется On/Off</lang>
              </description>
          </assocGroup>
        <assocGroup number="1" maxNodes="1">
            <description>
                <lang xml:lang="en">Reports about: Thermostat set point, Thermostat operating state, Schedule, Multilevel sensor, Battery, Binary switch </lang>
                <lang xml:lang="ru">Автоматические отчеты контроллеру о Thermostat set point, Thermostat operating state, Schedule, Multilevel sensor, Battery, Binary switch</lang>
              </description>
          </assocGroup>
      </assocGroups>
  
    <configParams>
        <configParam number="1" type="rangemapped" size="1" default="00">
            <name>
                <lang xml:lang="en">Temperature unit</lang>
                <lang xml:lang="ru"> Температурная единица</lang>
              </name>
                  <description>
                <lang xml:lang="en"></lang>
                <lang xml:lang="ru"></lang>
              </description>
      
                  <value from="00" to="00" unit="°C">
                <description>
                    <lang xml:lang="en">degree Celsius
</lang>
                    <lang xml:lang="ru">Градусы Цельсия</lang>
                  </description>
              </value>
            <value from="ff" to="ff" unit="K">
                <description>
                    <lang xml:lang="en">Kelvin</lang>
                    <lang xml:lang="ru">Градусы Кельвины</lang>
                  </description>
              </value>
                </configParam>
        <configParam number="2" type="range" size="1" default="05">
            <name>
                <lang xml:lang="en">Lower temperature limit</lang>
                <lang xml:lang="ru">Нижняя граница температуры</lang>
              </name>
                  <description>
                <lang xml:lang="en"></lang>
                <lang xml:lang="ru"></lang>
              </description>
      
                  <value from="05" to="1e" unit=" ̊C/ ̊F">
                <description>
                    <lang xml:lang="en"></lang>
                    <lang xml:lang="ru"></lang>
                  </description>
              </value>
                </configParam>
        <configParam number="3" type="range" size="1" default="05">
            <name>
                <lang xml:lang="en">Upper temperature limit</lang>
                <lang xml:lang="ru">Верхняя граница температуры</lang>
              </name>
                  <description>
                <lang xml:lang="en"></lang>
                <lang xml:lang="ru"></lang>
              </description>
      
                  <value from="05" to="1e" unit=" ̊C/ ̊F">
                <description>
                    <lang xml:lang="en"></lang>
                    <lang xml:lang="ru"></lang>
                  </description>
              </value>
                </configParam>
        <configParam number="4" type="range" size="1" default="05">
            <name>
                <lang xml:lang="en">Delta T</lang>
                <lang xml:lang="ru">Шаг измерения температуры</lang>
              </name>
                  <description>
                <lang xml:lang="en">Defines the temperature steps of the heating control value is 0.1 °С.</lang>
                <lang xml:lang="ru">С каким шагом измерять температуру, 1 = 0.1 °С.</lang>
              </description>
      
                  <value from="01" to="32" unit="0.1  ̊C / ̊F">
                <description>
                    <lang xml:lang="en"></lang>
                    <lang xml:lang="ru"></lang>
                  </description>
              </value>
                </configParam>
      </configParams>
  
    
  
    
  </ZWaveDevice>


