<?xml version="1.0" encoding="utf-8"?>
<ZWaveDevice xmlns="http://www.pepper1.net/zwavedb/xml-schemata/z-wave" schemaVersion="2">

  <descriptorVersion>1</descriptorVersion>

  <deviceData>
            <manufacturerId value="010c"/>
        <productType value="0001"/>
    <productId value="0001"/>
    <libType value="00"/>
    <protoVersion value="00"/>
    <protoSubVersion value="00"/>
    <appVersion value="00"/>
    <appSubVersion value="00"/>
        <basicClass value="02"/>
            <genericClass value="02"/>
            <specificClass value="00"/>
        <optional value="true"/>
    <listening value="true"/>
    <routing value="false"/>
        <beamSensor>0</beamSensor>
            <rfFrequency>EU</rfFrequency>
                
      </deviceData>

  <deviceDescription>
                <description>
            <lang xml:lang="en">Static controller</lang>
          </description>
            <wakeupNote>
            <lang xml:lang="en"></lang>
          </wakeupNote>
            <inclusionNote>
            <lang xml:lang="en"></lang>
          </inclusionNote>
            <productName>ThereGate</productName>
            <brandName>There</brandName>
            <productLine>ThereGate</productLine>
            <productCode>800Z</productCode>
            <productVersion>3.3.11</productVersion>
                    </deviceDescription>

    <commandClasses>
        <commandClass id="008f" controlled="true"/>
        <commandClass id="0072" controlled="true"/>
        <commandClass id="0056" controlled="true"/>
        <commandClass id="0020" controlled="true"/>
        <commandClass id="0084" version="2" controlled="true" inNIF="false"/>
        <commandClass id="0086" controlled="true" inNIF="false"/>
        <commandClass id="008b" controlled="true" inNIF="false"/>
        <commandClass id="0043" controlled="true" inNIF="false"/>
        <commandClass id="0040" controlled="true" inNIF="false"/>
        <commandClass id="0044" version="2" controlled="true" inNIF="false"/>
        <commandClass id="0035" controlled="true" inNIF="false"/>
        <commandClass id="0000" controlled="true" inNIF="false"/>
        <commandClass id="0031" version="5" controlled="true" inNIF="false"/>
        <commandClass id="0026" controlled="true" inNIF="false"/>
        <commandClass id="0060" version="3" controlled="true" inNIF="false"/>
        <commandClass id="003d" controlled="true" inNIF="false"/>
        <commandClass id="0032" version="3" controlled="true" inNIF="false"/>
        <commandClass id="0070" controlled="true" inNIF="false"/>
        <commandClass id="0081" controlled="true" inNIF="false"/>
        <commandClass id="0025" controlled="true" inNIF="false"/>
        <commandClass id="0030" version="2" controlled="true" inNIF="false"/>
        <commandClass id="0080" controlled="true" inNIF="false"/>
        <commandClass id="0085" controlled="true" inNIF="false"/>
        <commandClass id="009c" controlled="true" inNIF="false"/>
        <commandClass id="0071" controlled="true" inNIF="false"/>
      </commandClasses>
  
  
  
    
  
    <resourceLinks>
     
    <deviceImage url="http://www.pepper1.net/zwavedb/uploads/resources/851726575228300d85b88b4b2d395a319ce2d188.png" />
      </resourceLinks>
    
  </ZWaveDevice>


