<?xml version="1.0" encoding="utf-8"?>
<ZWaveDevice xmlns="http://www.pepper1.net/zwavedb/xml-schemata/z-wave" schemaVersion="2">

  <descriptorVersion>1</descriptorVersion>

  <deviceData>
            <manufacturerId value="0086"/>
        <productType value="0002"/>
    <productId value="0036"/>
    <libType value="03"/>
    <protoVersion value="03"/>
    <protoSubVersion value="43"/>
    <appVersion value="01"/>
    <appSubVersion value="05"/>
        <basicClass value="04"/>
            <genericClass value="20"/>
            <specificClass value="01"/>
        <optional value="true"/>
    <listening value="false"/>
    <routing value="true"/>
        <beamSensor>0</beamSensor>
                    
      </deviceData>

  <deviceDescription>
                <description>
            <lang xml:lang="de">Versteckter Türsensor</lang>
            <lang xml:lang="en">recessed Doorsensor</lang>
          </description>
            <wakeupNote>
            <lang xml:lang="de"></lang>
            <lang xml:lang="en"></lang>
          </wakeupNote>
            <inclusionNote>
            <lang xml:lang="de">einfaches Drücken des Z-Wave Taste</lang>
            <lang xml:lang="en">Z-Wave Button press</lang>
          </inclusionNote>
            <productName>DSB54</productName>
            <brandName>Aeon Labs</brandName>
                <productCode>AEO_DSB54</productCode>
                <batteryType>CR2</batteryType>
            <batteryCount>1</batteryCount>
            </deviceDescription>

    <commandClasses>
        <commandClass id="0080"/>
        <commandClass id="0020" inNIF="false"/>
        <commandClass id="0084" version="2"/>
        <commandClass id="0085"/>
        <commandClass id="0086"/>
        <commandClass id="0030"/>
        <commandClass id="0070"/>
        <commandClass id="0072" version="2"/>
      </commandClasses>
  
    <assocGroups>
        <assocGroup number="2" maxNodes="5">
            <description>
                <lang xml:lang="de">für Battery Low Warning Report und Battery Report</lang>
                <lang xml:lang="en">receive the Battery Low Warning Report and Battery Report</lang>
              </description>
          </assocGroup>
        <assocGroup number="1" maxNodes="5">
            <description>
                <lang xml:lang="de">für Basic Set/ Sensor Binary Report, bei Zustandsänderung  des Magnet Schalters (offen / geschlossen)</lang>
                <lang xml:lang="en">receive Basic Set/ Sensor Binary Report, when the state
of Recessed Door Sensor’s magnet switch open or close</lang>
              </description>
          </assocGroup>
      </assocGroups>
  
    <configParams>
        <configParam number="1" type="constant" size="1" default="00">
            <name>
                <lang xml:lang="de">Sensor Binary Report für Magnet-Schalter</lang>
                <lang xml:lang="en">sensor binary report for magnet switch</lang>
              </name>
                  <description>
                <lang xml:lang="de">Wert, der gesendet wird bei Magnet-Schalter offen/geschlossen</lang>
                <lang xml:lang="en">value, which is send when Magnet switch open/close</lang>
              </description>
      
                  <value from="00" to="00">
                <description>
                    <lang xml:lang="de">offen = 00; geschlossen  = 0xFF</lang>
                    <lang xml:lang="en">open = 00; close = 0xFF</lang>
                  </description>
              </value>
            <value from="01" to="01">
                <description>
                    <lang xml:lang="de">offen =  0xFF; geschlossen  = 00</lang>
                    <lang xml:lang="en">open =  0xFF; close = 00</lang>
                  </description>
              </value>
                </configParam>
        <configParam number="3" type="constant" size="1" default="00">
            <name>
                <lang xml:lang="de">basic set für Magnet-Schalter</lang>
                <lang xml:lang="en">basic set for magnet switch</lang>
              </name>
                  <description>
                <lang xml:lang="de">Wert, der gesendet wird bei Magnet-Schalter offen/geschlossen</lang>
                <lang xml:lang="en">value, which is send when Magnet switch open/close</lang>
              </description>
      
                  <value from="00" to="00">
                <description>
                    <lang xml:lang="de">offen = 00; geschlossen = 0xFF</lang>
                    <lang xml:lang="en">open = 00; close = 0xFF</lang>
                  </description>
              </value>
            <value from="01" to="01">
                <description>
                    <lang xml:lang="de">offen = 0xFF; geschlossen = 00</lang>
                    <lang xml:lang="en">open = 0xFF; close = 00</lang>
                  </description>
              </value>
                </configParam>
        <configParam number="101" type="constant" size="1" default="00">
            <name>
                <lang xml:lang="de">Voltage Check Funktion bei niedrigem Batteriestatus</lang>
                <lang xml:lang="en">low battery voltage check function</lang>
              </name>
                  <description>
                <lang xml:lang="de">Parameter definiert, ob Voltage Check Funktion möglich ist, bei Batteriestatus unterhalb der Warnschwelle</lang>
                <lang xml:lang="en">parameter defines, if battery check function is possible, when battery is below warning voltage</lang>
              </description>
      
                  <value from="00" to="00">
                <description>
                    <lang xml:lang="de">Inaktiv</lang>
                    <lang xml:lang="en">Disable</lang>
                  </description>
              </value>
            <value from="01" to="01">
                <description>
                    <lang xml:lang="de">Aktiv</lang>
                    <lang xml:lang="en">Enable</lang>
                  </description>
              </value>
                </configParam>
        <configParam number="111" type="range" size="4" default="00000070">
            <name>
                <lang xml:lang="de">niedriger Batterie-Status Check Zeitintervall</lang>
                <lang xml:lang="en">battery low check Interval time</lang>
              </name>
                  <description>
                <lang xml:lang="de">Minimum Zeitintervall ist 4 Minuten (240 Sekunden)</lang>
                <lang xml:lang="en">minimum battery low check Interval time is 4 minutes
(240 seconds)</lang>
              </description>
      
                  <value from="00000000" to="0000ffff">
                <description>
                    <lang xml:lang="de"></lang>
                    <lang xml:lang="en"></lang>
                  </description>
              </value>
                </configParam>
        <configParam number="121" type="constant" size="4" default="00000100">
            <name>
                <lang xml:lang="de">Flag Werte für aktivierten Magnet-Schalter</lang>
                <lang xml:lang="en">Flag values for triggered magnet switch</lang>
              </name>
                  <description>
                <lang xml:lang="de">Flag Werte, definieren die Art der Reports bei ausgelöstem Magnet-Schalter</lang>
                <lang xml:lang="en">Flag values for which reports to send when the magnet
switch is triggered</lang>
              </description>
      
          </configParam>
        <configParam number="252" type="constant" size="1" default="00">
            <name>
                <lang xml:lang="de">andere Konfigurationen erlauben</lang>
                <lang xml:lang="en">permit other configurations</lang>
              </name>
                  <description>
                <lang xml:lang="de">erlauben von anderen Konfigurationen</lang>
                <lang xml:lang="en">Lock or Unlock other configuration set function</lang>
              </description>
      
                  <value from="00" to="00">
                <description>
                    <lang xml:lang="de">erlaubt</lang>
                    <lang xml:lang="en">unlock</lang>
                  </description>
              </value>
            <value from="01" to="01">
                <description>
                    <lang xml:lang="de">gesperrt</lang>
                    <lang xml:lang="en">lock</lang>
                  </description>
              </value>
                </configParam>
        <configParam number="255" type="constant" size="2" default="0000">
            <name>
                <lang xml:lang="de">Zurücksetzen auf Werkseinstellungen</lang>
                <lang xml:lang="en">Reset to default</lang>
              </name>
                  <description>
                <lang xml:lang="de">Zurücksetzen aller Werte auf Werkseinstellungen</lang>
                <lang xml:lang="en">Reset to the default configuration</lang>
              </description>
      
          </configParam>
      </configParams>
  
    
  
    
  </ZWaveDevice>


