<?xml version="1.0" encoding="utf-8"?>
<ZWaveDevice xmlns="http://www.pepper1.net/zwavedb/xml-schemata/z-wave" schemaVersion="2">

  <descriptorVersion>1</descriptorVersion>

  <deviceData>
            <manufacturerId value="0064"/>
        <productType value="1000"/>
    <productId value="0002"/>
    <libType value="03"/>
    <protoVersion value="03"/>
    <protoSubVersion value="4f"/>
    <appVersion value="03"/>
    <appSubVersion value="00"/>
        <basicClass value="04"/>
            <genericClass value="11"/>
            <specificClass value="01"/>
        <optional value="true"/>
    <listening value="true"/>
    <routing value="true"/>
        <beamSensor>0</beamSensor>
            <rfFrequency>Russia</rfFrequency>
                
      </deviceData>

  <deviceDescription>
                <description>
            <lang xml:lang="de">Switch with power consumption</lang>
            <lang xml:lang="en">Switch with power consumption</lang>
            <lang xml:lang="ru">Выключатель с электропотреблением</lang>
          </description>
            <wakeupNote>
            <lang xml:lang="de"></lang>
            <lang xml:lang="en"></lang>
            <lang xml:lang="ru"></lang>
          </wakeupNote>
            <inclusionNote>
            <lang xml:lang="de">Dreifach auf Schaltfläche</lang>
            <lang xml:lang="en">Button triple press</lang>
            <lang xml:lang="ru">Тройное нажатие на одну из кнопок</lang>
          </inclusionNote>
            <productName>Flush-Mountable Switch for two-wire electric system 3.0</productName>
            <brandName>Duwi</brandName>
                <productCode>054336Z</productCode>
                        </deviceDescription>

    <commandClasses>
        <commandClass id="0020" controlled="true"/>
        <commandClass id="0026" version="2" controlled="true"/>
        <commandClass id="0086"/>
        <commandClass id="0087"/>
        <commandClass id="0027" controlled="true"/>
        <commandClass id="008e" version="2"/>
        <commandClass id="0070"/>
        <commandClass id="0072"/>
        <commandClass id="0075"/>
        <commandClass id="0077"/>
        <commandClass id="0085" version="2"/>
        <commandClass id="0060" version="2" controlled="true" inNIF="false"/>
        <commandClass id="002b" controlled="true"/>
        <commandClass id="002c"/>
        <commandClass id="002d"/>
      </commandClasses>
  
    <assocGroups>
        <assocGroup number="1" maxNodes="14">
            <description>
                <lang xml:lang="de"></lang>
                <lang xml:lang="en">Single press and hold of up/down buttons</lang>
                <lang xml:lang="ru">Одиночное нажатие или удержание клавиш вверх/вниз</lang>
              </description>
          </assocGroup>
        <assocGroup number="2" maxNodes="14">
            <description>
                <lang xml:lang="de"></lang>
                <lang xml:lang="en">Double press and press-hold of up/down buttons</lang>
                <lang xml:lang="ru">Двойное нажатие или нажатие-удержание клавиш вверх/вниз</lang>
              </description>
          </assocGroup>
        <assocGroup number="3" maxNodes="14">
            <description>
                <lang xml:lang="de"></lang>
                <lang xml:lang="en">Send Reports on blind state change</lang>
                <lang xml:lang="ru">Отправлять отчёты при изменение уровня открытия</lang>
              </description>
          </assocGroup>
      </assocGroups>
  
    <configParams>
        <configParam number="1" type="rangemapped" size="1" default="01">
            <name>
                <lang xml:lang="de"></lang>
                <lang xml:lang="en">LED mode</lang>
                <lang xml:lang="ru">Режим световой индикации</lang>
              </name>
                  <description>
                <lang xml:lang="de"></lang>
                <lang xml:lang="en">Set LED indication mode</lang>
                <lang xml:lang="ru">Режим работы светодиода</lang>
              </description>
      
                  <value from="00" to="00">
                <description>
                    <lang xml:lang="de"></lang>
                    <lang xml:lang="en">Disabled</lang>
                    <lang xml:lang="ru">Отключен</lang>
                  </description>
              </value>
            <value from="01" to="01">
                <description>
                    <lang xml:lang="de"></lang>
                    <lang xml:lang="en">Show switch state</lang>
                    <lang xml:lang="ru">Индикация состояния реле</lang>
                  </description>
              </value>
            <value from="02" to="02">
                <description>
                    <lang xml:lang="de"></lang>
                    <lang xml:lang="en">Night mode (inverted switch state)</lang>
                    <lang xml:lang="ru">Ночной режим (противоположно состоянию реле)</lang>
                  </description>
              </value>
            <value from="03" to="03">
                <description>
                    <lang xml:lang="de"></lang>
                    <lang xml:lang="en">Operated by Indicator Command Class</lang>
                    <lang xml:lang="ru">Управляется классом комманд Indicator</lang>
                  </description>
              </value>
                </configParam>
        <configParam number="2" type="range" size="2" default="0000">
            <name>
                <lang xml:lang="de"></lang>
                <lang xml:lang="en">Automatically switch off after</lang>
                <lang xml:lang="ru">Авто отключение через</lang>
              </name>
                  <description>
                <lang xml:lang="de"></lang>
                <lang xml:lang="en">If not zero, automatically switch off after a user defined time</lang>
                <lang xml:lang="ru">Если не 0, автоматически отключает реле после определённого пользователем времени</lang>
              </description>
      
                  <value from="0000" to="0000">
                <description>
                    <lang xml:lang="de"></lang>
                    <lang xml:lang="en">Disabled</lang>
                    <lang xml:lang="ru">Отключено</lang>
                  </description>
              </value>
            <value from="0001" to="ffff">
                <description>
                    <lang xml:lang="de"></lang>
                    <lang xml:lang="en">sec</lang>
                    <lang xml:lang="ru">секунд</lang>
                  </description>
              </value>
                </configParam>
        <configParam number="3" type="rangemapped" size="1" default="00">
            <name>
                <lang xml:lang="de"></lang>
                <lang xml:lang="en">What to do on RF off command</lang>
                <lang xml:lang="ru">Что делать при получении радиокоманды выключения</lang>
              </name>
                  <description>
                <lang xml:lang="de"></lang>
                <lang xml:lang="en">Defines how to interpret RF Off command. Can be used in conjunction with Auto Off function: Ignore - to switch on the light by motion detectors and switch it off after some amount of time: in case of multiple motion detectors each would try to switch the light off that would break logics; Switch on - to switch on the light on both On and Off paddle press on the remote and switch it off after some amount of time. Button off click will still work (if button operations are not disabled).</lang>
                <lang xml:lang="ru">Определяет поведение при получении радио команды выключения. Может использоваться совместно с функцией авто отключения: Игнорирование - для включения света по детектору движения и отключения по прошествии определённого времени: в случае использования нескольких детекторов движения каждый будет пытаться выключить свет сам, что приведёт к неправильной логике работы; Включть нагрузку - для включения света при нажатии на кнопки Вкл и Выкл на пульте управления и отключения по прошествии определённого времени. Выключение по кнопке будет продолжать работать (если не отключено).</lang>
              </description>
      
                  <value from="00" to="00">
                <description>
                    <lang xml:lang="de"></lang>
                    <lang xml:lang="en">Switch off</lang>
                    <lang xml:lang="ru">Выключить нарузку</lang>
                  </description>
              </value>
            <value from="01" to="01">
                <description>
                    <lang xml:lang="de"></lang>
                    <lang xml:lang="en">Ignore</lang>
                    <lang xml:lang="ru">Игнорировать</lang>
                  </description>
              </value>
            <value from="02" to="02">
                <description>
                    <lang xml:lang="de"></lang>
                    <lang xml:lang="en">Switch on</lang>
                    <lang xml:lang="ru">Включить нарузку</lang>
                  </description>
              </value>
            <value from="03" to="03">
                <description>
                    <lang xml:lang="de"></lang>
                    <lang xml:lang="en">Switch on if load is off else switch off</lang>
                    <lang xml:lang="ru">Включить, если нагрузка выключена, иначе выключить</lang>
                  </description>
              </value>
                </configParam>
        <configParam number="16" type="rangemapped" size="1" default="00">
            <name>
                <lang xml:lang="de"></lang>
                <lang xml:lang="en">What to do on button Down press</lang>
                <lang xml:lang="ru">Что делать при нажатии вниз</lang>
              </name>
                  <description>
                <lang xml:lang="de"></lang>
                <lang xml:lang="en">Defines how to interpret button Down press. Depends on &quot;Switch by buttons&quot; parameter. If not Disabled this parameter will affect the action selected by the latter parameter. Can be used in conjunction with Auto Off function.</lang>
                <lang xml:lang="ru">Определяет поведение при нажатии клавиши вниз. Зависит от параметра &quot;Включать/выключать нагрузку кнопками&quot;. Если не &quot;Нет&quot;, данный параметр будет применён к выбранному упомянутым параметром действию. Может использоваться совместно с функцией авто отключения.</lang>
              </description>
      
                  <value from="00" to="00">
                <description>
                    <lang xml:lang="de"></lang>
                    <lang xml:lang="en">Switch off</lang>
                    <lang xml:lang="ru">Выключить нарузку</lang>
                  </description>
              </value>
            <value from="01" to="01">
                <description>
                    <lang xml:lang="de"></lang>
                    <lang xml:lang="en">Switch On if load is Off, else switch Off</lang>
                    <lang xml:lang="ru">Включить, если нагрузка выключена, иначе выключить.</lang>
                  </description>
              </value>
            <value from="02" to="02">
                <description>
                    <lang xml:lang="de"></lang>
                    <lang xml:lang="en">Switch on</lang>
                    <lang xml:lang="ru">Включить нарузку</lang>
                  </description>
              </value>
                </configParam>
        <configParam number="4" type="rangemapped" size="1" default="01">
            <name>
                <lang xml:lang="de"></lang>
                <lang xml:lang="en">Ignore start level</lang>
                <lang xml:lang="ru">Игнорировать начальный уровень</lang>
              </name>
                  <description>
                <lang xml:lang="de"></lang>
                <lang xml:lang="en">Defines if the dimmer shall ignore start level in StartLevelChange command despite it is specified or not</lang>
                <lang xml:lang="ru">Определяет игнорировать ли начальный уровень димминга в коммандах StartLevelChange (начать изменение яркости) даже если он указан или нет</lang>
              </description>
      
                  <value from="00" to="00">
                <description>
                    <lang xml:lang="de"></lang>
                    <lang xml:lang="en">No</lang>
                    <lang xml:lang="ru">Нет</lang>
                  </description>
              </value>
            <value from="01" to="01">
                <description>
                    <lang xml:lang="de"></lang>
                    <lang xml:lang="en">Yes</lang>
                    <lang xml:lang="ru">Да</lang>
                  </description>
              </value>
                </configParam>
        <configParam number="5" type="range" size="1" default="1e">
            <name>
                <lang xml:lang="de"></lang>
                <lang xml:lang="en">Dimming speed</lang>
                <lang xml:lang="ru">Время диммирования</lang>
              </name>
                  <description>
                <lang xml:lang="de"></lang>
                <lang xml:lang="en">Time to dim on button presses and Set command (if it has no duration specified). If not 0, dimming will be done smoothly to preserv bulb life.</lang>
                <lang xml:lang="ru">Время димирования при нажатии на кнопки и при получении команды Set (если она не содержит времени включения). Если не 0, то диммирование будет плавным, что сбережёт лампочку дольше.</lang>
              </description>
      
                  <value from="00" to="00">
                <description>
                    <lang xml:lang="de"></lang>
                    <lang xml:lang="en">Instantly</lang>
                    <lang xml:lang="ru">Мгновенно</lang>
                  </description>
              </value>
            <value from="01" to="ff">
                <description>
                    <lang xml:lang="de"></lang>
                    <lang xml:lang="en">in 10ms units</lang>
                    <lang xml:lang="ru">в единицах 10мс</lang>
                  </description>
              </value>
                </configParam>
        <configParam number="6" type="range" size="1" default="03">
            <name>
                <lang xml:lang="de"></lang>
                <lang xml:lang="en">Dimming long speed</lang>
                <lang xml:lang="ru">Время долгого диммирования</lang>
              </name>
                  <description>
                <lang xml:lang="de"></lang>
                <lang xml:lang="en">Time to dim on button holds and StartLevelChange command (if it has no duration specified).</lang>
                <lang xml:lang="ru">Время димирования при удержании кнопок и при получении команды StartLevelChange (начать изменение яркости; если она не содержит времени включения).</lang>
              </description>
      
                  <value from="01" to="ff">
                <description>
                    <lang xml:lang="de"></lang>
                    <lang xml:lang="en">seconds</lang>
                    <lang xml:lang="ru">секунды</lang>
                  </description>
              </value>
                </configParam>
        <configParam number="7" type="rangemapped" size="1" default="00">
            <name>
                <lang xml:lang="de"></lang>
                <lang xml:lang="en">Set maximum light level on On click</lang>
                <lang xml:lang="ru">Устанавливать максимальный уровень яркости при включении</lang>
              </name>
                  <description>
                <lang xml:lang="de"></lang>
                <lang xml:lang="en">Defines if the dimmer shall set maximum light level on On command. By default on On command dimmer restores last level. This parameter allows to configure to set maximum level on second On command (if already On) or to always switch on to maximum level</lang>
                <lang xml:lang="ru">Определяет устанавливать ли максимальную яркость при получении команды Включить. По умолчанию по команде Включить диммер восстанавливает последний уровень яркости. Настройка этого параметра позволяет устанавливать максимальную яркость по второй команде Включить (если уже включен) или всегда включать диммер на максимальную яркость</lang>
              </description>
      
                  <value from="00" to="00">
                <description>
                    <lang xml:lang="de"></lang>
                    <lang xml:lang="en">No</lang>
                    <lang xml:lang="ru">Нет</lang>
                  </description>
              </value>
            <value from="01" to="01">
                <description>
                    <lang xml:lang="de"></lang>
                    <lang xml:lang="en">If already On</lang>
                    <lang xml:lang="ru">Если уже включен</lang>
                  </description>
              </value>
            <value from="02" to="02">
                <description>
                    <lang xml:lang="de"></lang>
                    <lang xml:lang="en">Always</lang>
                    <lang xml:lang="ru">Всегда</lang>
                  </description>
              </value>
                </configParam>
        <configParam number="8" type="range" size="1" default="00">
            <name>
                <lang xml:lang="de"></lang>
                <lang xml:lang="en">Baby Dimming time</lang>
                <lang xml:lang="ru">Время диммирования Баю-бай</lang>
              </name>
                  <description>
                <lang xml:lang="de"></lang>
                <lang xml:lang="en">Time to dim on double click Off button for Baby-Dim function. This function works only if the load is operated by single press and hold button action. If enabled, the device will wait for a click timeout to see if the second click would be pressed. This will introduce a small delay for single click commands</lang>
                <lang xml:lang="ru">Время димирования при двойном нажатии на кнопку выключения для функции Баю-бай. Данная функция работает только если нагрузка управляется одинарным нажатием или удержанием кнопок. Если включено, устройство будет ждать характерное время нажатия второго нажатия. Данная функция приведёт к небольшой задержке при одинарном нажатии</lang>
              </description>
      
                  <value from="00" to="00">
                <description>
                    <lang xml:lang="de"></lang>
                    <lang xml:lang="en">Disabled</lang>
                    <lang xml:lang="ru">Отключено</lang>
                  </description>
              </value>
            <value from="01" to="63">
                <description>
                    <lang xml:lang="de"></lang>
                    <lang xml:lang="en">in minutes</lang>
                    <lang xml:lang="ru">в минутах</lang>
                  </description>
              </value>
                </configParam>
        <configParam number="9" type="range" size="1" default="00">
            <name>
                <lang xml:lang="de"></lang>
                <lang xml:lang="en">Target dimming level for Baby Dimming</lang>
                <lang xml:lang="ru">Конечный уровень диммирования функции Баю-бай</lang>
              </name>
                  <description>
                <lang xml:lang="de"></lang>
                <lang xml:lang="en">Target level on which to stop while executing Baby Dimming. Can be 0 to completely switch off the light.</lang>
                <lang xml:lang="ru">Конечный уровень, до которого диммировать функции Баю-бай. Используйте 0 для полного выключения света.</lang>
              </description>
      
                  <value from="00" to="ff">
                <description>
                    <lang xml:lang="de">%</lang>
                    <lang xml:lang="en">%</lang>
                    <lang xml:lang="ru">%</lang>
                  </description>
              </value>
                </configParam>
        <configParam number="10" type="range" size="1" default="32">
            <name>
                <lang xml:lang="de"></lang>
                <lang xml:lang="en">Typical click timeout</lang>
                <lang xml:lang="ru">Характерное время нажатия</lang>
              </name>
                  <description>
                <lang xml:lang="de"></lang>
                <lang xml:lang="en">Typical time used to differenciate click, hold, double and triple clicks</lang>
                <lang xml:lang="ru">Харакерное время для отличия нажатия, удержания, двойного и тройного нажатий</lang>
              </description>
      
                  <value from="01" to="64">
                <description>
                    <lang xml:lang="de"></lang>
                    <lang xml:lang="en">in 10ms units</lang>
                    <lang xml:lang="ru">в единицах 10мс</lang>
                  </description>
              </value>
                </configParam>
        <configParam number="11" type="rangemapped" size="1" default="00">
            <name>
                <lang xml:lang="de"></lang>
                <lang xml:lang="en">Invert buttons</lang>
                <lang xml:lang="ru">Инвертировать кнопки</lang>
              </name>
                  <description>
                <lang xml:lang="de"></lang>
                <lang xml:lang="en"></lang>
                <lang xml:lang="ru"></lang>
              </description>
      
                  <value from="00" to="00">
                <description>
                    <lang xml:lang="de"></lang>
                    <lang xml:lang="en">No</lang>
                    <lang xml:lang="ru">Нет</lang>
                  </description>
              </value>
            <value from="01" to="01">
                <description>
                    <lang xml:lang="de"></lang>
                    <lang xml:lang="en">Yes</lang>
                    <lang xml:lang="ru">Да</lang>
                  </description>
              </value>
                </configParam>
        <configParam number="12" type="rangemapped" size="1" default="01">
            <name>
                <lang xml:lang="de"></lang>
                <lang xml:lang="en">Switch by buttons</lang>
                <lang xml:lang="ru">Включать/выключать нагрузку кнопками</lang>
              </name>
                  <description>
                <lang xml:lang="de"></lang>
                <lang xml:lang="en">If disabled, the local operations by buttons will not switch the load, but only send commands to On/Off association group. In this mode buttons are not linked with the switch anymore. They can be used separately: buttons to control remote device, switch will operate by RF commands only.</lang>
                <lang xml:lang="ru">Если отключено, нажатия на кнопки не будут включать реле, а только отправлят команды группе ассоциаций Включит/Выключить. В данном режиме кнопки не связаны с реле. Они могут быть использованы отдельно: кнопки для управления удалённой нагрузкой, реле будет управляться только по радио.</lang>
              </description>
      
                  <value from="00" to="00">
                <description>
                    <lang xml:lang="de"></lang>
                    <lang xml:lang="en">No</lang>
                    <lang xml:lang="ru">Нет</lang>
                  </description>
              </value>
            <value from="01" to="01">
                <description>
                    <lang xml:lang="de"></lang>
                    <lang xml:lang="en">By single press and hold</lang>
                    <lang xml:lang="ru">Одинарным нажатием и удержанием</lang>
                  </description>
              </value>
            <value from="02" to="02">
                <description>
                    <lang xml:lang="de"></lang>
                    <lang xml:lang="en">By double press and press-hold</lang>
                    <lang xml:lang="ru">Двойным нажатием и нажатием-удержанием</lang>
                  </description>
              </value>
                </configParam>
        <configParam number="13" type="rangemapped" size="1" default="04">
            <name>
                <lang xml:lang="de"></lang>
                <lang xml:lang="en">Action on button single press or hold</lang>
                <lang xml:lang="ru">Действия при одинарном нажатии или удержании клавиши</lang>
              </name>
                  <description>
                <lang xml:lang="de"></lang>
                <lang xml:lang="en">Defines which command should be sent on button single press or hold. Basic and Scene Activation commands are sent to Association group. Use Scene Controller Conf to set up Scene ID for Scene Activation. Switch All commands are sent broadcast.</lang>
                <lang xml:lang="ru">Определяет вид команд, которые отправляюся при одинарном нажатии или удержании кнопок. Команды Basic и Активация сцен отправляются группе ассоциаций. Используйте Scene Controller Conf для задания номера сцены для Scene Activation. Команда Включить/Выключить всё отправляется на широковещательный адрес (всем).</lang>
              </description>
      
                  <value from="00" to="00">
                <description>
                    <lang xml:lang="de"></lang>
                    <lang xml:lang="en">Disabled</lang>
                    <lang xml:lang="ru">Отключено</lang>
                  </description>
              </value>
            <value from="04" to="04">
                <description>
                    <lang xml:lang="de">Schaltkommandos Ein und Aus mittels &#039;Basic&#039; und &#039;SwitchMultilevel&#039; Kommando</lang>
                    <lang xml:lang="en">Switch On/Off and Dim (send Basic Set and Switch Multilevel)</lang>
                    <lang xml:lang="ru">Включать/Выключать и Диммировать (отправлять Basic Set и Switch Multilevel)</lang>
                  </description>
              </value>
            <value from="01" to="01">
                <description>
                    <lang xml:lang="de">Schaltkommandos Ein und Aus mittels &#039;Basic&#039; Kommando</lang>
                    <lang xml:lang="en">Switch On/Off only (send Basic Set)</lang>
                    <lang xml:lang="ru">Только Включать/Выключать (отправлять Basic Set)</lang>
                  </description>
              </value>
            <value from="02" to="02">
                <description>
                    <lang xml:lang="de">&#039;Switch All&quot; Kommando</lang>
                    <lang xml:lang="en">Switch All</lang>
                    <lang xml:lang="ru">Выключать/Выключать всё</lang>
                  </description>
              </value>
            <value from="03" to="03">
                <description>
                    <lang xml:lang="de">Szenenaktivierung</lang>
                    <lang xml:lang="en">Send Scenes</lang>
                    <lang xml:lang="ru">Отправлять Сцены</lang>
                  </description>
              </value>
            <value from="05" to="05">
                <description>
                    <lang xml:lang="de"></lang>
                    <lang xml:lang="en">Send Preconfigured Scenes</lang>
                    <lang xml:lang="ru">Отправлять преднастроенные Сцены</lang>
                  </description>
              </value>
                </configParam>
        <configParam number="14" type="rangemapped" size="1" default="00">
            <name>
                <lang xml:lang="de"></lang>
                <lang xml:lang="en">Action on button double press or hold</lang>
                <lang xml:lang="ru">Действия при двойном нажатии или удержании клавиши</lang>
              </name>
                  <description>
                <lang xml:lang="de"></lang>
                <lang xml:lang="en">Defines which command should be sent on button double press or press-hold. Basic and Scene Activation commands are sent to Association group. Use Scene Controller Conf to set up Scene ID for Scene Activation. Switch All commands are sent broadcast. If not disabled, the device will wait for a click timeout to see if the second click would be pressed. This will introduce a small delay for single click commands</lang>
                <lang xml:lang="ru">Определяет вид команд, которые отправляются при двойном нажатии или нажатии-удержании кнопок. Команды Basic и Активация сцен отправляются группе ассоциаций. Используйте Scene Controller Conf для задания номера сцены для Scene Activation. Команда Включить/Выключить всё отправляется на широковещательный адрес (всем). Если не отключено, устройство будет ждать характерное время нажатия второго нажатия. Данная функция приведёт к небольшой задержке при одинарном нажатии</lang>
              </description>
      
                  <value from="00" to="00">
                <description>
                    <lang xml:lang="de"></lang>
                    <lang xml:lang="en">Disabled</lang>
                    <lang xml:lang="ru">Отключено</lang>
                  </description>
              </value>
            <value from="04" to="04">
                <description>
                    <lang xml:lang="de">Schaltkommandos Ein und Aus mittels &#039;Basic&#039; und &#039;SwitchMultilevel&#039; Kommando</lang>
                    <lang xml:lang="en">Switch On/Off and Dim (send Basic Set and Switch Multilevel)</lang>
                    <lang xml:lang="ru">Включать/Выключать и Диммировать (отправлять Basic Set и Switch Multilevel)</lang>
                  </description>
              </value>
            <value from="01" to="01">
                <description>
                    <lang xml:lang="de">Schaltkommandos Ein und Aus mittels &#039;Basic&#039; Kommando</lang>
                    <lang xml:lang="en">Switch On/Off only (send Basic Set)</lang>
                    <lang xml:lang="ru">Только Включать/Выключать (отправлять Basic Set)</lang>
                  </description>
              </value>
            <value from="02" to="02">
                <description>
                    <lang xml:lang="de">&#039;Switch All&quot; Kommando</lang>
                    <lang xml:lang="en">Switch All</lang>
                    <lang xml:lang="ru">Выключать/Выключать всё</lang>
                  </description>
              </value>
            <value from="03" to="03">
                <description>
                    <lang xml:lang="de">Szenenaktivierung</lang>
                    <lang xml:lang="en">Send Scenes</lang>
                    <lang xml:lang="ru">Отправлять Сцены</lang>
                  </description>
              </value>
            <value from="05" to="05">
                <description>
                    <lang xml:lang="de"></lang>
                    <lang xml:lang="en">Send Preconfigured Scenes</lang>
                    <lang xml:lang="ru">Отправлять преднастроенные Сцены</lang>
                  </description>
              </value>
                </configParam>
        <configParam number="15" type="rangemapped" size="1" default="01">
            <name>
                <lang xml:lang="de"></lang>
                <lang xml:lang="en">Send the following Switch All commands</lang>
                <lang xml:lang="ru">Отправлять следующие команды включить/выключит всё</lang>
              </name>
                  <description>
                <lang xml:lang="de"></lang>
                <lang xml:lang="en"></lang>
                <lang xml:lang="ru"></lang>
              </description>
      
                  <value from="01" to="01">
                <description>
                    <lang xml:lang="de"></lang>
                    <lang xml:lang="en">Switch off only</lang>
                    <lang xml:lang="ru">Только выключить всё</lang>
                  </description>
              </value>
            <value from="02" to="02">
                <description>
                    <lang xml:lang="de"></lang>
                    <lang xml:lang="en">Switch on only</lang>
                    <lang xml:lang="ru">Только включить всё</lang>
                  </description>
              </value>
            <value from="ff" to="ff">
                <description>
                    <lang xml:lang="de"></lang>
                    <lang xml:lang="en">Switch all on and off</lang>
                    <lang xml:lang="ru">Включить и выключить всё</lang>
                  </description>
              </value>
                </configParam>
        <configParam number="17" type="range" size="1" default="01">
            <name>
                <lang xml:lang="de"></lang>
                <lang xml:lang="en">Limit minimal light level</lang>
                <lang xml:lang="ru">Ограничивать минимальный уровень яркости</lang>
              </name>
                  <description>
                <lang xml:lang="de"></lang>
                <lang xml:lang="en"></lang>
                <lang xml:lang="ru"></lang>
              </description>
      
                  <value from="01" to="5f">
                <description>
                    <lang xml:lang="de"></lang>
                    <lang xml:lang="en">Level limit</lang>
                    <lang xml:lang="ru">Ограничить уровнем</lang>
                  </description>
              </value>
                </configParam>
        <configParam number="18" type="range" size="1" default="63">
            <name>
                <lang xml:lang="de"></lang>
                <lang xml:lang="en">Limit maximal light level</lang>
                <lang xml:lang="ru">Ограничивать максимальный уровень яркости</lang>
              </name>
                  <description>
                <lang xml:lang="de"></lang>
                <lang xml:lang="en">Maximal level should be greater than minial</lang>
                <lang xml:lang="ru">Максимальный уровень должен быть выше минимального</lang>
              </description>
      
                  <value from="00" to="00">
                <description>
                    <lang xml:lang="de"></lang>
                    <lang xml:lang="en">Work as switch: use off and maximal level</lang>
                    <lang xml:lang="ru">Работать как реле: только выключен или на полную</lang>
                  </description>
              </value>
            <value from="0a" to="63">
                <description>
                    <lang xml:lang="de"></lang>
                    <lang xml:lang="en">Level limit</lang>
                    <lang xml:lang="ru">Ограничить уровнем</lang>
                  </description>
              </value>
                </configParam>
        <configParam number="19" type="range" size="1" default="00">
            <name>
                <lang xml:lang="de"></lang>
                <lang xml:lang="en"></lang>
                <lang xml:lang="ru">Включаться на заданном уровне яркости</lang>
              </name>
                  <description>
                <lang xml:lang="de"></lang>
                <lang xml:lang="en"></lang>
                <lang xml:lang="ru">Эта функция работает, только если в параметре &quot;Устанавливать максимальный уровень яркости при включении&quot; выбрано &quot;Нет&quot; или &quot;Если уже включен&quot;, иначе этот параметр игнорируется и свет всегда будет включаться на 100%</lang>
              </description>
      
                  <value from="00" to="00">
                <description>
                    <lang xml:lang="de"></lang>
                    <lang xml:lang="en">Use previous light level</lang>
                    <lang xml:lang="ru">Использовать предыдущий уровень яркости</lang>
                  </description>
              </value>
            <value from="01" to="63">
                <description>
                    <lang xml:lang="de"></lang>
                    <lang xml:lang="en">Define light level</lang>
                    <lang xml:lang="ru">Задать уровень</lang>
                  </description>
              </value>
                </configParam>
        <configParam number="20" type="range" size="2" default="0000">
            <name>
                <lang xml:lang="de">The measurement of power consumption</lang>
                <lang xml:lang="en">The measurement of power consumption</lang>
                <lang xml:lang="ru">Измерение электропотребления</lang>
              </name>
                  <description>
                <lang xml:lang="de"></lang>
                <lang xml:lang="en">value = sum of power all used lamps</lang>
                <lang xml:lang="ru">Для подсчета потребляемой электроэнергии нужно задать мощность потребляемой нагрузкой. Например, если диммер управляет одной лампочкой 60 Вт, то задайте 60, если в люстре 5 лампочек по 60 Вт, то задайте 5*60=300. Значение потребляемой электроэнергии обновляется каждые 10 минут.</lang>
              </description>
      
                  <value from="0000" to="012c">
                <description>
                    <lang xml:lang="de">Watts</lang>
                    <lang xml:lang="en">Watts</lang>
                    <lang xml:lang="ru">Ватт</lang>
                  </description>
              </value>
                </configParam>
        <configParam number="51" type="range" size="1" default="1c">
            <name>
                <lang xml:lang="de"></lang>
                <lang xml:lang="en">Pause before pulse</lang>
                <lang xml:lang="ru">Пауза до импульса</lang>
              </name>
                  <description>
                <lang xml:lang="de"></lang>
                <lang xml:lang="en">NB: Do not touch these settings if you are not sure what they mean! For dimmable LEDs and CFL with bypass use value 1. For other bulbs use default value.</lang>
                <lang xml:lang="ru">Важно: не трогайте эти параметры, если вы не уверены, что они значат! Для диммируемых светодиодных и энергосберегающих газоразрядных ламп используйте значение по умолчанию.</lang>
              </description>
      
                  <value from="05" to="3c" unit="10/156 ms">
                <description>
                    <lang xml:lang="de"></lang>
                    <lang xml:lang="en"></lang>
                    <lang xml:lang="ru"></lang>
                  </description>
              </value>
                </configParam>
        <configParam number="52" type="range" size="1" default="1c">
            <name>
                <lang xml:lang="de"></lang>
                <lang xml:lang="en">Pause after pulse</lang>
                <lang xml:lang="ru">Пауза после импульса</lang>
              </name>
                  <description>
                <lang xml:lang="de"></lang>
                <lang xml:lang="en">NB: Do not touch these settings if you are not sure what they mean! For dimmable LEDs and CFL with bypass use value 40. For other bulbs use default value.</lang>
                <lang xml:lang="ru">Важно: не трогайте эти параметры, если вы не уверены, что они значат! Для диммируемых светодиодных и энергосберегающих газоразрядных ламп используйте значение по умолчанию.</lang>
              </description>
      
                  <value from="05" to="3c" unit="10/156 ms">
                <description>
                    <lang xml:lang="de"></lang>
                    <lang xml:lang="en"></lang>
                    <lang xml:lang="ru"></lang>
                  </description>
              </value>
                </configParam>
        <configParam number="53" type="range" size="1" default="0a">
            <name>
                <lang xml:lang="de"></lang>
                <lang xml:lang="en">Pulse width</lang>
                <lang xml:lang="ru">Ширина импульса</lang>
              </name>
                  <description>
                <lang xml:lang="de"></lang>
                <lang xml:lang="en">NB: Do not touch these settings if you are not sure what they mean! For dimmable LEDs and CFL with bypass use value 20. For other bulbs use default value.</lang>
                <lang xml:lang="ru">Важно: не трогайте эти параметры, если вы не уверены, что они значат! Для диммируемых светодиодных и энергосберегающих газоразрядных ламп используйте значение по умолчанию.</lang>
              </description>
      
                  <value from="03" to="14" unit="10/156 ms">
                <description>
                    <lang xml:lang="de"></lang>
                    <lang xml:lang="en"></lang>
                    <lang xml:lang="ru"></lang>
                  </description>
              </value>
                </configParam>
        <configParam number="54" type="rangemapped" size="1" default="00">
            <name>
                <lang xml:lang="de"></lang>
                <lang xml:lang="en">Pulse type</lang>
                <lang xml:lang="ru">Тип импульса</lang>
              </name>
                  <description>
                <lang xml:lang="de"></lang>
                <lang xml:lang="en">NB: Do not touch these settings if you are not sure what they mean!</lang>
                <lang xml:lang="ru">Важно: не трогайте эти параметры, если вы не уверены, что они значат!</lang>
              </description>
      
                  <value from="00" to="00">
                <description>
                    <lang xml:lang="de"></lang>
                    <lang xml:lang="en">Long pulse</lang>
                    <lang xml:lang="ru">Длинный импульс</lang>
                  </description>
              </value>
            <value from="01" to="01">
                <description>
                    <lang xml:lang="de"></lang>
                    <lang xml:lang="en">Short pulse</lang>
                    <lang xml:lang="ru">Короткий импульс</lang>
                  </description>
              </value>
                </configParam>
        <configParam number="55" type="rangemapped" size="1" default="01">
            <name>
                <lang xml:lang="de"></lang>
                <lang xml:lang="en">Switch or Dimmer</lang>
                <lang xml:lang="ru">Режим работы: Выключатель или Диммер</lang>
              </name>
                  <description>
                <lang xml:lang="de"></lang>
                <lang xml:lang="en">THIS PARAMETER IS SAVED AFTER EXCLUSION. AFTER YOU CHANGE THE SETTING YOU WANT TO DISCONNECT THE DEVICE AND REQUEST NIF PACKAGE</lang>
                <lang xml:lang="ru">Позволяет настроить режим работы: выключатель или диммер. В режиме выключатьтель (по умолчанию) при нажатии на кнопку вверх свет включается на максимум мгновенно, подходит для работы с энергосберегающими лампками и LED. В режиме диммер, свет можно плавно регулировать, подходит для ламп накаливания и диимируемых трансформаторов. ЭТОТ ПАРАМЕТР СОХРАНЯЕТСЯ ПОСЛЕ ИСКЛЮЧЕНИЯ. ПОСЛЕ ИЗМЕНЕНИЯ ПАРАМЕТРА НУЖНО ОБЕСТОЧИТЬ УСТРОЙСТВО И ЗАПРОСИТЬ NIF ПАКЕТ.</lang>
              </description>
      
                  <value from="00" to="00">
                <description>
                    <lang xml:lang="de">Dimmer</lang>
                    <lang xml:lang="en">Dimmer</lang>
                    <lang xml:lang="ru">Диммер</lang>
                  </description>
              </value>
            <value from="01" to="01">
                <description>
                    <lang xml:lang="de">Switch</lang>
                    <lang xml:lang="en">Switch</lang>
                    <lang xml:lang="ru">Выключатель</lang>
                  </description>
              </value>
                </configParam>
      </configParams>
  
    
  
    <resourceLinks>
     
    <deviceImage url="http://www.pepper1.net/zwavedb/uploads/resources/5d084abc473c8461e158d4e82b0cda817d67054b.gif" />
      </resourceLinks>
    
  </ZWaveDevice>


