<?xml version="1.0" encoding="utf-8"?>
<ZWaveDevice xmlns="http://www.pepper1.net/zwavedb/xml-schemata/z-wave" schemaVersion="2">

  <descriptorVersion>1</descriptorVersion>

  <deviceData>
            <manufacturerId value="008c"/>
        <productType value="0001"/>
    <productId value="0001"/>
    <libType value="01"/>
    <protoVersion value="03"/>
    <protoSubVersion value="14"/>
    <appVersion value="01"/>
    <appSubVersion value="00"/>
        <basicClass value="02"/>
            <genericClass value="02"/>
            <specificClass value="00"/>
        <optional value="true"/>
    <listening value="true"/>
    <routing value="false"/>
        <beamSensor>0</beamSensor>
                    
      </deviceData>

  <deviceDescription>
                <description>
            <lang xml:lang="de">Browser-gestütztes Z-Wave IP-Gateway</lang>
            <lang xml:lang="en">Browser-Based Z-Wave IP-Gateway</lang>
          </description>
            <wakeupNote>
            <lang xml:lang="de"></lang>
            <lang xml:lang="en"></lang>
          </wakeupNote>
            <inclusionNote>
            <lang xml:lang="de">Device -&gt; Add Devices -&gt; Add Z-Wave Devices</lang>
            <lang xml:lang="en">Device -&gt; Add Devices -&gt; Add Z-Wave Devices</lang>
          </inclusionNote>
            <productName>Vera Lite</productName>
            <brandName>MIOS</brandName>
                <productCode>MCV_VERA_L</productCode>
                <batteryType>AA (optional)</batteryType>
            <batteryCount>4</batteryCount>
            </deviceDescription>

    <commandClasses>
        <commandClass id="0020"/>
        <commandClass id="0021"/>
        <commandClass id="0072"/>
        <commandClass id="0086"/>
        <commandClass id="0081"/>
      </commandClasses>
  
  
  
    
  
    
  </ZWaveDevice>


