<?xml version="1.0" encoding="utf-8"?>
<ZWaveDevice xmlns="http://www.pepper1.net/zwavedb/xml-schemata/z-wave" schemaVersion="2">

  <descriptorVersion>1</descriptorVersion>

  <deviceData>
            <manufacturerId value="0109"/>
        <productType value="2001"/>
    <productId value="0105"/>
    <libType value="03"/>
    <protoVersion value="03"/>
    <protoSubVersion value="5c"/>
    <appVersion value="05"/>
    <appSubVersion value="01"/>
        <basicClass value="04"/>
            <genericClass value="07"/>
            <specificClass value="01"/>
        <optional value="true"/>
    <listening value="false"/>
    <routing value="false"/>
        <beamSensor>0</beamSensor>
            <rfFrequency>EU</rfFrequency>
                
      </deviceData>

  <deviceDescription>
                <description>
            <lang xml:lang="de">Tür- und Fenster Detektion</lang>
            <lang xml:lang="en">Door or Window Detection</lang>
          </description>
            <wakeupNote>
            <lang xml:lang="de">Für Wakeup Funktion hintere Abdeckung öffnen. Die rote LED wird für 10 Sekunden anhaltend leuchten. Anschließend sendet der ZD2102 ein &quot;Wake up&quot; Signal. Sollte der ZD2102 den Befehl &quot;Keine Wake-Up Informationen&quot; erhalten haben, geht die LED sofort bzw. nach 10 Sekunden aus. Das Gerät wird nach der &quot;Wake-Up&quot; Benachrichtigung  mit seiner Funktion fortfahren.</lang>
            <lang xml:lang="en">It will be triggering after opening the rear cover, also the red LED will keep on lasting 10 seconds and ZD2102 will send &quot;Wake UP Notification&quot; after 10 seconds. If ZD2102 received &quot;Wake Up No More Information&quot; command then the red LED will go off or it will wait 10 seconds then go off. It will proceed all the commands after sending the &quot;Wake Up Notification&quot;.</lang>
          </wakeupNote>
            <inclusionNote>
            <lang xml:lang="de">Drücken Sie den Programmierschalter zum Senden des NIF</lang>
            <lang xml:lang="en">Press the program switch for sending the NIF.</lang>
          </inclusionNote>
            <productName>Door Sensor </productName>
            <brandName>Vision</brandName>
            <productLine>Home Security</productLine>
            <productCode>ZD2102EU-5</productCode>
            <productVersion>01</productVersion>
            <batteryType>CR123A</batteryType>
            <batteryCount>1</batteryCount>
            </deviceDescription>

    <commandClasses>
        <commandClass id="005e" version="2"/>
        <commandClass id="0086" version="2"/>
        <commandClass id="0072" version="2"/>
        <commandClass id="005a"/>
        <commandClass id="0085" version="2"/>
        <commandClass id="0059"/>
        <commandClass id="0073"/>
        <commandClass id="0080"/>
        <commandClass id="0071" version="4"/>
        <commandClass id="0070"/>
        <commandClass id="0084" version="2"/>
        <commandClass id="007a" version="2"/>
        <commandClass id="0020" controlled="true" inNIF="false"/>
      </commandClasses>
  
    <assocGroups>
        <assocGroup number="1" maxNodes="5">
            <description>
                <lang xml:lang="de"></lang>
                <lang xml:lang="en">All triggering reports &amp; low voltage report will be sent to the associated nodes.</lang>
              </description>
          </assocGroup>
      </assocGroups>
  
    <configParams>
        <configParam number="1" type="constant" size="1" default="00">
            <name>
                <lang xml:lang="de"></lang>
                <lang xml:lang="en">External Switch</lang>
              </name>
                  <description>
                <lang xml:lang="de"></lang>
                <lang xml:lang="en">The parameter defines if an external switch is disabled/enabled.</lang>
              </description>
      
                  <value from="00" to="00">
                <description>
                    <lang xml:lang="de"></lang>
                    <lang xml:lang="en">External Switch is disabled.</lang>
                  </description>
              </value>
            <value from="ff" to="ff">
                <description>
                    <lang xml:lang="de"></lang>
                    <lang xml:lang="en">External Switch is enabled.</lang>
                  </description>
              </value>
                </configParam>
      </configParams>
  
    
  
    <resourceLinks>
     
    <deviceImage url="http://www.pepper1.net/zwavedb/uploads/resources/3deaaeaf47898531ae75bb5d21df07c3aa8a8ac4.jpg" />
      </resourceLinks>
    
  </ZWaveDevice>


