<?xml version="1.0" encoding="utf-8"?>
<ZWaveDevice xmlns="http://www.pepper1.net/zwavedb/xml-schemata/z-wave" schemaVersion="2">

  <descriptorVersion>1</descriptorVersion>

  <deviceData>
            <productType value="0000"/>
    <productId value="0000"/>
    <libType value="00"/>
    <protoVersion value="00"/>
    <protoSubVersion value="00"/>
    <appVersion value="00"/>
    <appSubVersion value="00"/>
                <optional value="false"/>
    <listening value="false"/>
    <routing value="false"/>
                    
      </deviceData>

  <deviceDescription>
                <description>
            <lang xml:lang="en"></lang>
          </description>
            <wakeupNote>
            <lang xml:lang="en"></lang>
          </wakeupNote>
            <inclusionNote>
            <lang xml:lang="en"></lang>
          </inclusionNote>
            <productName>FIB_HC2</productName>
                                    </deviceDescription>

  
  
  
    
  
    
  </ZWaveDevice>


