<?xml version="1.0" encoding="utf-8"?>
<ZWaveDevice xmlns="http://www.pepper1.net/zwavedb/xml-schemata/z-wave" schemaVersion="2">

  <descriptorVersion>1</descriptorVersion>

  <deviceData>
            <manufacturerId value="010f"/>
        <productType value="0000"/>
    <productId value="0000"/>
    <libType value="03"/>
    <protoVersion value="03"/>
    <protoSubVersion value="52"/>
    <appVersion value="25"/>
    <appSubVersion value="25"/>
        <basicClass value="04"/>
            <genericClass value="11"/>
            <specificClass value="01"/>
        <optional value="true"/>
    <listening value="true"/>
    <routing value="false"/>
        <beamSensor>0</beamSensor>
            <rfFrequency>EU</rfFrequency>
                
      </deviceData>

  <deviceDescription>
                <description>
            <lang xml:lang="en">RGBW Controller</lang>
          </description>
            <wakeupNote>
            <lang xml:lang="en"></lang>
          </wakeupNote>
            <inclusionNote>
            <lang xml:lang="en">Triple click the B-button or any switch connected to I1-I4 inputs.</lang>
          </inclusionNote>
            <productName>FGRGBWM-441</productName>
            <brandName>Fibaro</brandName>
            <productLine>Fibaro</productLine>
            <productCode>441</productCode>
            <productVersion>2x.2x</productVersion>
                    </deviceDescription>

    <commandClasses>
        <commandClass id="0027"/>
        <commandClass id="0072"/>
        <commandClass id="0086"/>
        <commandClass id="0026"/>
        <commandClass id="0060" version="3"/>
        <commandClass id="0070"/>
        <commandClass id="0032" version="2"/>
        <commandClass id="0031" version="2"/>
        <commandClass id="0085" version="2"/>
        <commandClass id="0020" controlled="true"/>
        <commandClass id="0033"/>
      </commandClasses>
  
    <assocGroups>
        <assocGroup number="5" maxNodes="1">
            <description>
                <lang xml:lang="en">V association group reports device status. Only one device may
be assigned to this group, main controller by default. It&#039;s not
recommended to modify this group&#039;s settings.</lang>
              </description>
          </assocGroup>
        <assocGroup number="4" maxNodes="5">
            <description>
                <lang xml:lang="en">IV association group assigned to I4 input - sends control frame to
associated devices each time the device state changes. (ON /
OFF)</lang>
              </description>
          </assocGroup>
        <assocGroup number="3" maxNodes="5">
            <description>
                <lang xml:lang="en">III association group assigned to I3 input - sends control frame to
associated devices each time the device state changes. (ON /
OFF)</lang>
              </description>
          </assocGroup>
        <assocGroup number="2" maxNodes="5">
            <description>
                <lang xml:lang="en">II association group assigned to I2 input - sends control frame to
associated devices each time the device state changes. (ON /
OFF)</lang>
              </description>
          </assocGroup>
        <assocGroup number="1" maxNodes="5">
            <description>
                <lang xml:lang="en">I association group assigned to I1 input - sends control frame to
associated devices each time the device state changes. (ON /
OFF)</lang>
              </description>
          </assocGroup>
      </assocGroups>
  
    <configParams>
        <configParam number="1" type="constant" size="1" default="ff">
            <name>
                <lang xml:lang="en">ALL ON / ALL OFF</lang>
              </name>
                  <description>
                <lang xml:lang="en">Parameter describes ALL ON / ALL OFF function activation.</lang>
              </description>
      
                  <value from="00" to="00">
                <description>
                    <lang xml:lang="en">ALL ON inactive, ALL OFF inactive</lang>
                  </description>
              </value>
            <value from="01" to="01">
                <description>
                    <lang xml:lang="en">ALL ON inactive, ALL OFF active</lang>
                  </description>
              </value>
            <value from="02" to="02">
                <description>
                    <lang xml:lang="en">ALL ON active, ALL OFF inactive</lang>
                  </description>
              </value>
            <value from="ff" to="ff">
                <description>
                    <lang xml:lang="en">ALL ON active, ALL OFF active</lang>
                  </description>
              </value>
                </configParam>
        <configParam number="6" type="constant" size="1" default="00">
            <name>
                <lang xml:lang="en">Associations command class choice</lang>
              </name>
                  <description>
                <lang xml:lang="en"></lang>
              </description>
      
                  <value from="00" to="00">
                <description>
                    <lang xml:lang="en">NORMAL (DIMMER) - BASIC SET/SWITCH_MULTILEVEL_-
START/STOP</lang>
                  </description>
              </value>
            <value from="01" to="01">
                <description>
                    <lang xml:lang="en">NORMAL (RGBW) - COLOR_CONTROL_SET/START/
STOP_STATE_CHANGE</lang>
                  </description>
              </value>
            <value from="02" to="02">
                <description>
                    <lang xml:lang="en">NORMAL (RGBW) - COLOR_CONTROL_SET</lang>
                  </description>
              </value>
            <value from="03" to="03">
                <description>
                    <lang xml:lang="en">BRIGHTNESS - BASIC SET/SWITCH_MULTILEVEL_START/
STOP</lang>
                  </description>
              </value>
            <value from="04" to="04">
                <description>
                    <lang xml:lang="en">RAINBOW (RGBW) - COLOR_CONTROL_SET</lang>
                  </description>
              </value>
                </configParam>
        <configParam number="8" type="constant" size="1" default="00">
            <name>
                <lang xml:lang="en">Outputs state change mode</lang>
              </name>
                  <description>
                <lang xml:lang="en">MODE1
Example: change saturation level from 0% to 99%
Parameter 9: Step = 5
Parameter 10: Time between steps: 10ms

MODE2
Example: change saturation level from 0% to 99%
Parameter 11: time for changing from start to end value = 500sec</lang>
              </description>
      
                  <value from="00" to="00">
                <description>
                    <lang xml:lang="en">MODE1 (related parameters: 9-step value, 10-time between
steps)</lang>
                  </description>
              </value>
            <value from="01" to="01">
                <description>
                    <lang xml:lang="en">MODE2 (related parameters: 11-time to change value, relevant
for RGB/RGBW)</lang>
                  </description>
              </value>
                </configParam>
        <configParam number="9" type="range" size="1" default="01">
            <name>
                <lang xml:lang="en">Step value (relevant for MODE1)</lang>
              </name>
                  <description>
                <lang xml:lang="en">Available settings: 1 - 255</lang>
              </description>
      
                  <value from="01" to="ff">
                <description>
                    <lang xml:lang="en">Set the number of steps.</lang>
                  </description>
              </value>
                </configParam>
        <configParam number="10" type="range" size="2" default="000a">
            <name>
                <lang xml:lang="en">Time between steps (relevant for MODE1)</lang>
              </name>
                  <description>
                <lang xml:lang="en">Available settings: 1-60000ms </lang>
              </description>
      
                  <value from="0000" to="0000">
                <description>
                    <lang xml:lang="en">immediate change of state</lang>
                  </description>
              </value>
            <value from="0001" to="ea61" unit="ms">
                <description>
                    <lang xml:lang="en">Define the time interval between each step.</lang>
                  </description>
              </value>
                </configParam>
        <configParam number="11" type="rangemapped" size="1" default="43">
            <name>
                <lang xml:lang="en">Time for changing from start to end value</lang>
              </name>
                  <description>
                <lang xml:lang="en">Default setting: 67 (3s)

0 - immediate change

1-63 - 20-126- [ms] value*20ms

65-127 - 1-63 [s] [value-64]*1s

129-191 - 10-630[s] [value-128]*10s

193-255 - 1-63[min] [value-192]*1min
</lang>
              </description>
      
                  <value from="00" to="00">
                <description>
                    <lang xml:lang="en">immediate change</lang>
                  </description>
              </value>
            <value from="01" to="3f" unit="ms">
                <description>
                    <lang xml:lang="en">Define the time interval from start to end value in ms. Range is from 20 to 216.</lang>
                  </description>
              </value>
            <value from="41" to="7f" unit="sec">
                <description>
                    <lang xml:lang="en">Define the time interval from start to end value in sec. Range is from 1 to 63 sec.</lang>
                  </description>
              </value>
            <value from="81" to="bf" unit="x10sec">
                <description>
                    <lang xml:lang="en">Define the time interval from start to end value in sec. Range is from 10 to 630 sec.</lang>
                  </description>
              </value>
            <value from="c1" to="ff" unit="min">
                <description>
                    <lang xml:lang="en">Define the time interval from start to end value in min. Range is from 1 to 63 min.</lang>
                  </description>
              </value>
                </configParam>
        <configParam number="12" type="range" size="1" default="ff">
            <name>
                <lang xml:lang="en">Maximum brightening level</lang>
              </name>
                  <description>
                <lang xml:lang="en">Available settings: 3-255
</lang>
              </description>
      
                  <value from="03" to="ff">
                <description>
                    <lang xml:lang="en">Define the maximum level of brightness.</lang>
                  </description>
              </value>
                </configParam>
        <configParam number="13" type="range" size="1" default="02">
            <name>
                <lang xml:lang="en">Minimum dim level</lang>
              </name>
                  <description>
                <lang xml:lang="en">Available settings: 3-255</lang>
              </description>
      
                  <value from="03" to="ff">
                <description>
                    <lang xml:lang="en">Define the minimum dim level.</lang>
                  </description>
              </value>
                </configParam>
        <configParam number="14" type="constant" size="2" default="1111">
            <name>
                <lang xml:lang="en">Inputs / Outputs configuration </lang>
              </name>
                  <description>
                <lang xml:lang="en">This parameter is relevant for main controllers other than Home Center 2 only.
</lang>
              </description>
      
          </configParam>
        <configParam number="16" type="constant" size="1" default="01">
            <name>
                <lang xml:lang="en">Memorize device status at power cut. Device will be set to status memorized before power cut.</lang>
              </name>
                  <description>
                <lang xml:lang="en">Device will be set to
status memorized before power cut.</lang>
              </description>
      
                  <value from="00" to="00">
                <description>
                    <lang xml:lang="en">device does not memorize its status at the power cut. Load is
disconnected</lang>
                  </description>
              </value>
            <value from="01" to="01">
                <description>
                    <lang xml:lang="en">device memorizes its status at the power cut. Load will be set
to the status from before power cut (parameters, current outputs
status, energy)</lang>
                  </description>
              </value>
                </configParam>
        <configParam number="30" type="constant" size="1" default="00">
            <name>
                <lang xml:lang="en">Alarm of any type (general alarm, flood alarm, smoke alarm: CO, CO2, temperature alarm).</lang>
              </name>
                  <description>
                <lang xml:lang="en">(general alarm, flood alarm, smoke alarm: CO, CO2, temperature alarm)</lang>
              </description>
      
                  <value from="00" to="00">
                <description>
                    <lang xml:lang="en">INACTIVE - the device doesn&#039;t respond to alarm frames</lang>
                  </description>
              </value>
            <value from="01" to="01">
                <description>
                    <lang xml:lang="en">ALARM ON - the device turns on once alarm is detected (all
channels set to 99%)</lang>
                  </description>
              </value>
            <value from="02" to="02">
                <description>
                    <lang xml:lang="en">ALARM OFF - the device turns off once alarm is detected (all
channels set to 0%)</lang>
                  </description>
              </value>
            <value from="03" to="03">
                <description>
                    <lang xml:lang="en">ALARM PROGRAM - alarm sequence turns on (program
selected in parameter 38)</lang>
                  </description>
              </value>
                </configParam>
        <configParam number="38" type="constant" size="2" default="000a">
            <name>
                <lang xml:lang="en">Alarm sequence program</lang>
              </name>
                  <description>
                <lang xml:lang="en">1 - 10 (1-10 specifies alarm program number)</lang>
              </description>
      
          </configParam>
        <configParam number="39" type="range" size="2" default="0258">
            <name>
                <lang xml:lang="en">Active PROGRAM alarm time</lang>
              </name>
                  <description>
                <lang xml:lang="en">1-65534 (1s-65534s)</lang>
              </description>
      
                  <value from="0001" to="ffff" unit="sec.">
                <description>
                    <lang xml:lang="en">Define the length of the alarm time.</lang>
                  </description>
              </value>
                </configParam>
        <configParam number="42" type="constant" size="1" default="00">
            <name>
                <lang xml:lang="en">Command class reporting Outputs status change</lang>
              </name>
                  <description>
                <lang xml:lang="en"></lang>
              </description>
      
                  <value from="00" to="00">
                <description>
                    <lang xml:lang="en">reporting as a result of inputs and controllers actions (SWITCH
MULTILEVEL)</lang>
                  </description>
              </value>
            <value from="01" to="01">
                <description>
                    <lang xml:lang="en">reporting as a result inputs actions (SWITCH MULTILEVEL)</lang>
                  </description>
              </value>
            <value from="02" to="02">
                <description>
                    <lang xml:lang="en">reporting as a result of inputs actions (COLOR CONTROL)</lang>
                  </description>
              </value>
                </configParam>
        <configParam number="43" type="range" size="1" default="05">
            <name>
                <lang xml:lang="en">Reporting 0-10v analog inputs change threshold.</lang>
              </name>
                  <description>
                <lang xml:lang="en">Parameter defines a value by which input voltage must change in
order to be reported to the main controller. New value is calculated
based on last reported value:
Default setting: 5 (0,5V)
1-100 - (0,1 - 10V)</lang>
              </description>
      
                  <value from="01" to="64">
                <description>
                    <lang xml:lang="en">Define a value.</lang>
                  </description>
              </value>
                </configParam>
        <configParam number="44" type="range" size="2" default="001e">
            <name>
                <lang xml:lang="en">Power load reporting frequency</lang>
              </name>
                  <description>
                <lang xml:lang="en">(if last reported value differs
from the current value). Reports will also be sent in case of polling.
</lang>
              </description>
      
                  <value from="0000" to="0000">
                <description>
                    <lang xml:lang="en">Reports are not sent. Reports will only be sent in case of polling
or at turning OFF the device.</lang>
                  </description>
              </value>
            <value from="0001" to="ffff" unit="sec.">
                <description>
                    <lang xml:lang="en">Define the time interval between reports.</lang>
                  </description>
              </value>
                </configParam>
        <configParam number="45" type="range" size="1" default="0a">
            <name>
                <lang xml:lang="en">Reporting changes in energy consumed by controlled devices.</lang>
              </name>
                  <description>
                <lang xml:lang="en">New, reported energy value is calculated based on last
reported value.

Available settings: 1 - 254 (0,01kWh - 2,54kWh)</lang>
              </description>
      
                  <value from="00" to="00">
                <description>
                    <lang xml:lang="en">Changes in consumed energy will not be reported. Reports will
be sent only in case of polling.</lang>
                  </description>
              </value>
            <value from="01" to="fe">
                <description>
                    <lang xml:lang="en">Define the value of consumed energy by which a report will be sent.</lang>
                  </description>
              </value>
                </configParam>
        <configParam number="71" type="constant" size="1" default="01">
            <name>
                <lang xml:lang="en">Response to BRIGHTNESS set to 0%</lang>
              </name>
                  <description>
                <lang xml:lang="en"></lang>
              </description>
      
                  <value from="00" to="00">
                <description>
                    <lang xml:lang="en">illumination colour set to white (all channels controlled together)</lang>
                  </description>
              </value>
            <value from="01" to="01">
                <description>
                    <lang xml:lang="en">last set colour is memorized</lang>
                  </description>
              </value>
                </configParam>
        <configParam number="72" type="constant" size="1" default="01">
            <name>
                <lang xml:lang="en">Starting predefined program when device set to work in RGB/RGBW mode (parameter 14) - relevant for main controllers other than Home Center 2 only.</lang>
              </name>
                  <description>
                <lang xml:lang="en">1-10 animation program number</lang>
              </description>
      
          </configParam>
        <configParam number="73" type="constant" size="1" default="00">
            <name>
                <lang xml:lang="en">Triple click action</lang>
              </name>
                  <description>
                <lang xml:lang="en"></lang>
              </description>
      
                  <value from="00" to="00">
                <description>
                    <lang xml:lang="en">NODE INFO control frame is sent.</lang>
                  </description>
              </value>
            <value from="01" to="01">
                <description>
                    <lang xml:lang="en">starting favourite program</lang>
                  </description>
              </value>
                </configParam>
      </configParams>
  
    <endpoints>
           <endpoint number="5">
            <name>
                <lang xml:lang="en"></lang>
              </name>
                  <description>
                <lang xml:lang="en"></lang>
              </description>
                  <genericClass value="11"/>
                  <specificClass value="01"/>
                  <commandClass id="0026"/>
          </endpoint>
           <endpoint number="4">
            <name>
                <lang xml:lang="en"></lang>
              </name>
                  <description>
                <lang xml:lang="en"></lang>
              </description>
                  <genericClass value="11"/>
                  <specificClass value="01"/>
                  <commandClass id="0026"/>
          </endpoint>
           <endpoint number="3">
            <name>
                <lang xml:lang="en"></lang>
              </name>
                  <description>
                <lang xml:lang="en"></lang>
              </description>
                  <genericClass value="11"/>
                  <specificClass value="01"/>
                  <commandClass id="0026"/>
          </endpoint>
           <endpoint number="2">
            <name>
                <lang xml:lang="en"></lang>
              </name>
                  <description>
                <lang xml:lang="en"></lang>
              </description>
                  <genericClass value="11"/>
                  <specificClass value="01"/>
                  <commandClass id="0026"/>
          </endpoint>
           <endpoint number="1">
            <name>
                <lang xml:lang="en"></lang>
              </name>
                  <description>
                <lang xml:lang="en"></lang>
              </description>
                  <genericClass value="11"/>
                  <specificClass value="01"/>
                  <commandClass id="0026"/>
          </endpoint>
      </endpoints>
    
  
    <resourceLinks>
     
    <deviceImage url="http://www.pepper1.net/zwavedb/uploads/resources/1bc96e3d261cf3677b5c4601eb9167097bef7f7f.jpg" />
      </resourceLinks>
    
  </ZWaveDevice>


