<?xml version="1.0" encoding="utf-8"?>
<ZWaveDevice xmlns="http://www.pepper1.net/zwavedb/xml-schemata/z-wave" schemaVersion="2">

  <descriptorVersion>1</descriptorVersion>

  <deviceData>
            <manufacturerId value="0115"/>
        <productType value="0100"/>
    <productId value="0101"/>
    <libType value="03"/>
    <protoVersion value="03"/>
    <protoSubVersion value="5c"/>
    <appVersion value="01"/>
    <appSubVersion value="00"/>
        <basicClass value="04"/>
            <genericClass value="12"/>
            <specificClass value="02"/>
        <optional value="true"/>
    <listening value="false"/>
    <routing value="true"/>
        <beamSensor>0</beamSensor>
            <rfFrequency>EU</rfFrequency>
            <certId>14965</certId>
            
      </deviceData>

  <deviceDescription>
                <description>
            <lang xml:lang="de">Sichere Fernbedienung mit 4 Tasten</lang>
            <lang xml:lang="en">Secure Key Chain Controller with 4 buttons</lang>
            <lang xml:lang="fr"></lang>
            <lang xml:lang="ru"></lang>
          </description>
            <wakeupNote>
            <lang xml:lang="de">gleichzeitiges 5 sek langes Drücken aller 4 Tasten und anschließend Button 2</lang>
            <lang xml:lang="en">Simultaneously press four buttons for 5 seconds and then button 2</lang>
            <lang xml:lang="fr">pression simultanée de 5 secondes à tous les 4 boutons et après bouton numéro 2</lang>
            <lang xml:lang="ru">Одновременное нажатие 4 кнопок на 5 секунд и далее кнопка 2</lang>
          </wakeupNote>
            <inclusionNote>
            <lang xml:lang="de">Drücken einer Taste länger als eine Sekunde bis die LED grün/rot blinkt</lang>
            <lang xml:lang="en">Hit one button for &gt; 1 sec until green/red blinking</lang>
            <lang xml:lang="fr">pression simultanée de 5 secondes à tous les 4 boutons et après bouton numéro 1  </lang>
            <lang xml:lang="ru">Одновременное нажатие 4 кнопок на 5 секунд и далее кнопка 1  </lang>
          </inclusionNote>
            <productName>KFOB-S</productName>
            <brandName>Z-Wave.Me</brandName>
            <productLine>Key Chain Controller</productLine>
            <productCode>Key Chain Controller</productCode>
            <productVersion>1.0</productVersion>
            <batteryType>CR2032</batteryType>
            <batteryCount>1</batteryCount>
            </deviceDescription>

    <commandClasses>
        <commandClass id="0080"/>
        <commandClass id="0084" version="2"/>
        <commandClass id="0085" version="2"/>
        <commandClass id="0086" version="2"/>
        <commandClass id="002d"/>
        <commandClass id="008e" version="2"/>
        <commandClass id="008f" secure="true"/>
        <commandClass id="0070"/>
        <commandClass id="0072"/>
        <commandClass id="005b" controlled="true" secure="true"/>
        <commandClass id="0098" controlled="true"/>
        <commandClass id="005e"/>
        <commandClass id="005a"/>
        <commandClass id="0059"/>
        <commandClass id="0020" controlled="true" secure="true"/>
        <commandClass id="002b" controlled="true" secure="true"/>
        <commandClass id="0026" controlled="true" secure="true"/>
        <commandClass id="0062" controlled="true" secure="true"/>
        <commandClass id="0060" controlled="true" secure="true"/>
        <commandClass id="0027" controlled="true" inNIF="false"/>
        <commandClass id="0073"/>
      </commandClasses>
  
    <assocGroups>
        <assocGroup number="1" maxNodes="10">
            <description>
                <lang xml:lang="de">Lifeline</lang>
                <lang xml:lang="en">Lifeline</lang>
                <lang xml:lang="fr">Lifeline</lang>
                <lang xml:lang="ru">Lifeline</lang>
              </description>
          </assocGroup>
        <assocGroup number="2" maxNodes="10">
            <description>
                <lang xml:lang="de">Steuergruppe A, gesteuert durch Taste 1 oder einfache Klicks auf Taste 1 und 3</lang>
                <lang xml:lang="en">Control Group A, controlled by button 1 or single clicks of buttons 1 and 3</lang>
                <lang xml:lang="fr">est controllée par bouton A ou clics simples sur bouton 1 et 3</lang>
                <lang xml:lang="ru">Управляется кнопкой A или одинарными нажатиями кнопок 1 и 3</lang>
              </description>
          </assocGroup>
        <assocGroup number="3" maxNodes="10">
            <description>
                <lang xml:lang="de">Steuergruppe B, gesteuert durch Taste 2 oder einfache Klicks auf Taste 2 und 4</lang>
                <lang xml:lang="en">Control Group B, controlled by button 2 or single clicks of buttons 2 and 4</lang>
                <lang xml:lang="fr">est controllée par bouton 1 ou clics simples sur bouton 2 et 4</lang>
                <lang xml:lang="ru">Управляется кнопкой B или одинарными нажатиями кнопок 2 и 4</lang>
              </description>
          </assocGroup>
        <assocGroup number="4" maxNodes="10">
            <description>
                <lang xml:lang="de">Steuergruppe C, gesteuert durch Taste 3 oder zwei Klicks auf Taste 1 und 3</lang>
                <lang xml:lang="en">Control Group C, controlled by button 3 or double clicks of buttons 1 and 3</lang>
                <lang xml:lang="fr">est controllée par bouton 3 ou deux clics sur bouton 1 et 3</lang>
                <lang xml:lang="ru">Управляется кнопкой 3 или двойными нажатиями кнопок 1 и 3</lang>
              </description>
          </assocGroup>
        <assocGroup number="5" maxNodes="10">
            <description>
                <lang xml:lang="de">Steuergruppe D, gesteuert durch Taste 4 oder zwei Klicks auf Taste 2 und 4</lang>
                <lang xml:lang="en">Control Group D, controlled by button 4 or double clicks of buttons 2 and 4</lang>
                <lang xml:lang="fr">est controllée par bouton 4 ou deux clics sur bouton 2 et 4</lang>
                <lang xml:lang="ru">Управляется кнопкой 4 или двойными нажатиями кнопок 2 и 4</lang>
              </description>
          </assocGroup>
      </assocGroups>
  
    <configParams>
        <configParam number="1" type="rangemapped" size="1" default="01">
            <name>
                <lang xml:lang="de">Taste 1 und 3 gekoppelt</lang>
                <lang xml:lang="en">Button 1 and 3 pair mode</lang>
                <lang xml:lang="fr">Boutons 1 et 3 accouplés</lang>
                <lang xml:lang="ru">Режим работы пары кнопок 1 и 3</lang>
              </name>
                  <description>
                <lang xml:lang="de">Im entkoppelten Modus steuert Taste 1 die Gruppe A und Taste 3 die Gruppe C, im gekoppelten Modus steuern beide die Gruppen A und C, wobei Einfachklick Gruppe A und Doppelklick Gruppe C schaltet.</lang>
                <lang xml:lang="en">In separate mode button 1 works with group A, button 3 with groups C. Click is On, Hold is dimming Up, Double click is Off, Click-Hold is dimming Down. In pair button 1/3 are Up/Down correspondingly. Click is On/Off, Hold is dimming Up/Down. Single clicks works with group A, double click with group C.</lang>
                <lang xml:lang="fr">Au mode découplé, le bouton 1 contrôle le groupe A et bouton 3 le groupe C, en mode accouplé les deux contrôlent les groupes A et C, ou clic simple couple groupe A et clic double groupe C.</lang>
                <lang xml:lang="ru">В раздельном режиме кнопка 1 работает с группой A, кнопка 3 с группой C. Нажатие - Вкл, удержание - диммирование Вверх, двойное нажатие - Выкл, нажатие-удержание - Вниз. В парном режиме A/C - Вверх/Вниз соответственно. Клик - Вкл/Выкл, удержания - диммирование Вверх/Вниз. Одинарный клик работает с группой A, двойной с группой C.</lang>
              </description>
      
                  <value from="00" to="00">
                <description>
                    <lang xml:lang="de">Taste 1 und 3 sind unabhängig</lang>
                    <lang xml:lang="en">Separately</lang>
                    <lang xml:lang="fr">bouton 1 et 3 sont indépendants</lang>
                    <lang xml:lang="ru">Раздельно</lang>
                  </description>
              </value>
            <value from="01" to="01">
                <description>
                    <lang xml:lang="de">Taste 1 und 3 steuern gemeinsam, Doppelklick wird nicht beachtet</lang>
                    <lang xml:lang="en">In pair without double clicks</lang>
                    <lang xml:lang="fr">bouton 1 et 3 contrôlent ensemble, clic double n&#039;existe pas</lang>
                    <lang xml:lang="ru">В паре без двойных кликов</lang>
                  </description>
              </value>
            <value from="02" to="02">
                <description>
                    <lang xml:lang="de">Taste 1 und 3 steuern gemeinsam, Doppelklick wird beachtet</lang>
                    <lang xml:lang="en">In pair with double clicks</lang>
                    <lang xml:lang="fr">boutons 1 et 3 contrôlent ensemble, clic double existe</lang>
                    <lang xml:lang="ru">В паре с двойными кликами</lang>
                  </description>
              </value>
                </configParam>
        <configParam number="2" type="rangemapped" size="1" default="01">
            <name>
                <lang xml:lang="de">Taste 2 und 4 gekoppelt</lang>
                <lang xml:lang="en">Button 2 and 4 pair mode</lang>
                <lang xml:lang="fr">Boutons 2 et 4 accouplés</lang>
                <lang xml:lang="ru">Режим работы пары кнопок 2 и 4</lang>
              </name>
                  <description>
                <lang xml:lang="de">Im entkoppelten Modus steuert Taste 2 die Gruppe B und Taste 4 die Gruppe D, im gekoppelten Modus steuern beide die Gruppen B und D, wobei Einfachklick Gruppe B und Doppelklick Gruppe D schaltet.</lang>
                <lang xml:lang="en">In separate mode button 2 works with control group B, button 4 with control group D. Click is On, Hold is dimming Up, Double click is Off, Click-Hold is dimming Down. In pair button B/D are Up/Down correspondingly. Click is On/Off, Hold is dimming Up/Down. Single clicks works with group B, double click with group D.</lang>
                <lang xml:lang="fr">Au mode découplé, le bouton 2 contrôle le groupe B et bouton 4 le groupe D, en mode accouplé les deux contrôlent les groupes B et D, ou clic simple couple groupe B et clic double groupe D.</lang>
                <lang xml:lang="ru">В раздельном режиме кнопка 2 работает с группой B, кнопка 4 с группой D. Нажатие - Вкл, удержание - диммирование Вверх, двойное нажатие - Выкл, нажатие-удержание - Вниз. В парном режиме B/D - Вверх/Вниз соответственно. Клик - Вкл/Выкл, удержания - диммирование Вверх/Вниз. Одинарный клик работает с группой B, двойной с группой D.</lang>
              </description>
      
                  <value from="00" to="00">
                <description>
                    <lang xml:lang="de">Taste 2 und 4 sind unabhängig</lang>
                    <lang xml:lang="en">Separately</lang>
                    <lang xml:lang="fr">boutons 2 et 4 sont indépendants</lang>
                    <lang xml:lang="ru">Раздельно</lang>
                  </description>
              </value>
            <value from="01" to="01">
                <description>
                    <lang xml:lang="de">Taste 2 und 4 steuern gemeinsam, Doppelklick wird nicht beachtet</lang>
                    <lang xml:lang="en">In pair without double clicks</lang>
                    <lang xml:lang="fr">bouton 2 et 4 contrôlent ensemble, clic double n&#039;existe pas</lang>
                    <lang xml:lang="ru">В паре без двойных кликов</lang>
                  </description>
              </value>
            <value from="02" to="02">
                <description>
                    <lang xml:lang="de">Taste 2 und 4 steuern gemeinsam, Doppelklick wird beachtet</lang>
                    <lang xml:lang="en">In pair with double clicks</lang>
                    <lang xml:lang="fr">boutons 2 et 4 contrôlent ensemble, clic double existe</lang>
                    <lang xml:lang="ru">В паре с двойными кликами</lang>
                  </description>
              </value>
                </configParam>
        <configParam number="11" type="rangemapped" size="1" default="08">
            <name>
                <lang xml:lang="de">Kommando an Steuergruppe A</lang>
                <lang xml:lang="en">Command to Control Group A</lang>
                <lang xml:lang="fr">Action pour groupe A</lang>
                <lang xml:lang="ru">Действия для группы A</lang>
              </name>
                  <description>
                <lang xml:lang="de">Dieser Parameter definiert das Schaltkommando, das an Geräte in Steuergruppe A gesendet wird.</lang>
                <lang xml:lang="en">This parameter defines the command to be sent to devices of control group A when the related button is pressed</lang>
                <lang xml:lang="fr">Ce paramètre défini le commando manoeuvre, lequel est envoyé aux appareils de goupe d&#039;association 1.</lang>
                <lang xml:lang="ru">В режиме Только Включать/Выключать при диммировании Вверх отправляется команда Включить, Вниз - команда Выключить. В режиме Сцен номер сцены вычисляется так: (10 * группа + ActionID), где ActionID это: 1 - Вкл, 2 = Выкл, 3 = Начало диммирования Вверх, 4 = Начало диммирования Вниз, 5 = Окончание диммирования Вверх, 6 = Окончание диммирования Вниз. Пример:  в режиме &quot;В паре без двойных кликов&quot; при нажатии на кнопку 1 (группа 1) отправится команда 10 * 1 + 1(Вкл) = 11.</lang>
              </description>
      
                  <value from="00" to="00">
                <description>
                    <lang xml:lang="de">Deaktiviert</lang>
                    <lang xml:lang="en">Disabled</lang>
                    <lang xml:lang="fr">désactivé</lang>
                    <lang xml:lang="ru">Отключено</lang>
                  </description>
              </value>
            <value from="01" to="01">
                <description>
                    <lang xml:lang="de">Schaltkommandos Ein und Aus mittels &#039;Basic&#039; und &#039;SwitchMultilevel&#039; Kommando</lang>
                    <lang xml:lang="en">Switch On/Off and Dim (send Basic Set and Switch Multilevel)</lang>
                    <lang xml:lang="fr">Commandos manoeuvres Marche et Arret (par commando Basic Set et Multilevel)</lang>
                    <lang xml:lang="ru">Включать/Выключать и Диммировать (отправлять Basic Set и Switch Multilevel)</lang>
                  </description>
              </value>
            <value from="02" to="02">
                <description>
                    <lang xml:lang="de">Schaltkommandos Ein und Aus mittels &#039;Basic&#039; Kommando</lang>
                    <lang xml:lang="en">Switch On/Off only (send Basic Set)</lang>
                    <lang xml:lang="fr">Commandos manoeuvres Marche et Arret (par commando Basic Set)</lang>
                  </description>
              </value>
            <value from="03" to="03">
                <description>
                    <lang xml:lang="de">&#039;Switch All&quot; Kommando</lang>
                    <lang xml:lang="en">Switch All</lang>
                    <lang xml:lang="fr">accoupler tous</lang>
                    <lang xml:lang="ru">Включать всё/Выключать всё</lang>
                  </description>
              </value>
            <value from="04" to="04">
                <description>
                    <lang xml:lang="de">Szenenaktivierung</lang>
                    <lang xml:lang="en">Send Scenes</lang>
                    <lang xml:lang="fr">activation de la scène</lang>
                    <lang xml:lang="ru">Отправлять Сцены</lang>
                  </description>
              </value>
            <value from="05" to="05">
                <description>
                    <lang xml:lang="de">Vorkonfigurierte Szenen werden gesendet.</lang>
                    <lang xml:lang="en">Send Preconfigured Scenes</lang>
                    <lang xml:lang="fr">scènes préconfigurées sont envoyées</lang>
                    <lang xml:lang="ru">Отправлять преднастроенные Сцены</lang>
                  </description>
              </value>
            <value from="06" to="06">
                <description>
                    <lang xml:lang="de"> Alle Geräte in der Nähe werden durch den Schlüsselanhänger gesteuert.</lang>
                    <lang xml:lang="en">Control devices in proximity</lang>
                    <lang xml:lang="fr">tous les appareils au voisinage sont contrôlés par la porte-clé
</lang>
                    <lang xml:lang="ru">Управлять ближайшими устройствами</lang>
                  </description>
              </value>
            <value from="07" to="07">
                <description>
                    <lang xml:lang="de">Steuert Türschloss</lang>
                    <lang xml:lang="en">Control DoorLock</lang>
                    <lang xml:lang="fr">controler une serrure</lang>
                    <lang xml:lang="ru">Управлять замком</lang>
                  </description>
              </value>
            <value from="08" to="08">
                <description>
                    <lang xml:lang="de">Zentrale Szene im Gateway</lang>
                    <lang xml:lang="en">Central Scene to Gateway</lang>
                    <lang xml:lang="fr">enoyer des scenes globales  a routeur</lang>
                    <lang xml:lang="ru">Отправлять глобальные сцены контроллеру</lang>
                  </description>
              </value>
                </configParam>
        <configParam number="12" type="rangemapped" size="1" default="08">
            <name>
                <lang xml:lang="de">Kommando an Steuergruppe B</lang>
                <lang xml:lang="en">Command to Control Group B</lang>
                <lang xml:lang="fr">Action pour groupe B</lang>
                <lang xml:lang="ru">Действия для группы B</lang>
              </name>
                  <description>
                <lang xml:lang="de">Dieser Parameter definiert das Schaltkommando, das an Geräte in Steuergruppe B gesendet wird.</lang>
                <lang xml:lang="en">This parameter defines the command to be sent to devices of control group B when the related button is pressed</lang>
                <lang xml:lang="fr">Ce paramètre défini le commando manoeuvre, lequel est envoyé aux appareils de goupe d&#039;association 2.</lang>
                <lang xml:lang="ru">В режиме Только Включать/Выключать при диммировании Вверх отправляется команда Включить, Вниз - команда Выключить. В режиме Сцен номер сцены вычисляется так: (10 * группа + ActionID), где ActionID это: 1 - Вкл, 2 = Выкл, 3 = Начало диммирования Вверх, 4 = Начало диммирования Вниз, 5 = Окончание диммирования Вверх, 6 = Окончание диммирования Вниз. Пример:  в режиме &quot;В паре без двойных кликов&quot; при нажатии на кнопку 2 (группа 2) отправится команда 10 * 2 + 1(Вкл) = 21.</lang>
              </description>
      
                  <value from="00" to="00">
                <description>
                    <lang xml:lang="de">Deaktiviert</lang>
                    <lang xml:lang="en">Disabled</lang>
                    <lang xml:lang="fr">désactivé</lang>
                    <lang xml:lang="ru">Отключено</lang>
                  </description>
              </value>
            <value from="01" to="01">
                <description>
                    <lang xml:lang="de">Schaltkommandos Ein und Aus mittels &#039;Basic&#039; und &#039;SwitchMultilevel&#039; Kommando</lang>
                    <lang xml:lang="en">Switch On/Off and Dim (send Basic Set and Switch Multilevel)</lang>
                    <lang xml:lang="fr">Commandos manoeuvres Marche et Arret (par commando Basic Set et Multilevel)</lang>
                    <lang xml:lang="ru">Включать/Выключать и Диммировать (отправлять Basic Set и Switch Multilevel)</lang>
                  </description>
              </value>
            <value from="02" to="02">
                <description>
                    <lang xml:lang="de">Schaltkommandos Ein und Aus mittels &#039;Basic&#039; Kommando</lang>
                    <lang xml:lang="en">Switch On/Off only (send Basic Set)</lang>
                    <lang xml:lang="fr">Commandos manoeuvres Marche et Arret (par commando Basic Set)</lang>
                    <lang xml:lang="ru">Только Включать/Выключать (отправлять Basic Set)</lang>
                  </description>
              </value>
            <value from="03" to="03">
                <description>
                    <lang xml:lang="de">&#039;Switch All&quot; Kommando</lang>
                    <lang xml:lang="en">Switch All</lang>
                    <lang xml:lang="fr">accoupler tous</lang>
                    <lang xml:lang="ru">Включать всё/Выключать всё</lang>
                  </description>
              </value>
            <value from="04" to="04">
                <description>
                    <lang xml:lang="de">Szenenaktivierung</lang>
                    <lang xml:lang="en">Send Scenes</lang>
                    <lang xml:lang="fr">activation de la scène</lang>
                    <lang xml:lang="ru">Отправлять Сцены</lang>
                  </description>
              </value>
            <value from="05" to="05">
                <description>
                    <lang xml:lang="de">Vorkonfigurierte Szenen werden gesendet.</lang>
                    <lang xml:lang="en">Send Preconfigured Scenes</lang>
                    <lang xml:lang="fr">scènes préconfigurées sont envoyées</lang>
                    <lang xml:lang="ru">Отправлять преднастроенные Сцены</lang>
                  </description>
              </value>
            <value from="06" to="06">
                <description>
                    <lang xml:lang="de"> Alle Geräte in der Nähe werden durch den Schlüsselanhänger gesteuert.</lang>
                    <lang xml:lang="en">Control devices in proximity</lang>
                    <lang xml:lang="fr">tous les appareils au voisinage sont contrôlés par la porte-clé
</lang>
                    <lang xml:lang="ru">Управлять ближайшими устройствами</lang>
                  </description>
              </value>
            <value from="07" to="07">
                <description>
                    <lang xml:lang="de">Steuert Türschloss</lang>
                    <lang xml:lang="en">Control DoorLock</lang>
                    <lang xml:lang="fr">controler une serrure</lang>
                    <lang xml:lang="ru">Управлять замком</lang>
                  </description>
              </value>
            <value from="08" to="08">
                <description>
                    <lang xml:lang="de">Zentrale Szene im Gateway</lang>
                    <lang xml:lang="en">Central Scene to Gateway</lang>
                    <lang xml:lang="fr">enoyer des scenes globales  a routeur</lang>
                    <lang xml:lang="ru">Отправлять глобальные сцены контроллеру</lang>
                  </description>
              </value>
                </configParam>
        <configParam number="13" type="rangemapped" size="1" default="08">
            <name>
                <lang xml:lang="de">Kommando an Steuergruppe C</lang>
                <lang xml:lang="en">Command to Control Group C</lang>
                <lang xml:lang="fr">Action pour groupe C</lang>
                <lang xml:lang="ru">Действия для группы C</lang>
              </name>
                  <description>
                <lang xml:lang="de">Dieser Parameter definiert das Schaltkommando, das an Geräte in Steuergruppe C gesendet wird.</lang>
                <lang xml:lang="en">This parameter defines the command to be sent to devices of control group C when the related button is pressed</lang>
                <lang xml:lang="fr">Ce paramètre défini le commando manoeuvre, lequel est envoyé aux appareils de goupe d&#039;association 3.</lang>
                <lang xml:lang="ru">В режиме Только Включать/Выключать при диммировании Вверх отправляется команда Включить, Вниз - команда Выключить. В режиме Сцен номер сцены вычисляется так: (10 * группа + ActionID), где ActionID это: 1 - Вкл, 2 = Выкл, 3 = Начало диммирования Вверх, 4 = Начало диммирования Вниз, 5 = Окончание диммирования Вверх, 6 = Окончание диммирования Вниз. Пример:   в режиме &quot;В паре без двойных кликов&quot; при нажатии на кнопку 3 (группа 3) отправится команда 10 * 1 + 2(Выкл) = 22.</lang>
              </description>
      
                  <value from="00" to="00">
                <description>
                    <lang xml:lang="de">Deaktiviert</lang>
                    <lang xml:lang="en">Disabled</lang>
                    <lang xml:lang="fr">désactivé</lang>
                    <lang xml:lang="ru">Отключено</lang>
                  </description>
              </value>
            <value from="01" to="01">
                <description>
                    <lang xml:lang="de">Schaltkommandos Ein und Aus mittels &#039;Basic&#039; und &#039;SwitchMultilevel&#039; Kommando</lang>
                    <lang xml:lang="en">Switch On/Off and Dim (send Basic Set and Switch Multilevel)</lang>
                    <lang xml:lang="fr">Commandos manoeuvres Marche et Arret (par commando Basic Set et Multilevel)</lang>
                    <lang xml:lang="ru">Включать/Выключать и Диммировать (отправлять Basic Set и Switch Multilevel)</lang>
                  </description>
              </value>
            <value from="02" to="02">
                <description>
                    <lang xml:lang="de">Schaltkommandos Ein und Aus mittels &#039;Basic&#039; Kommando</lang>
                    <lang xml:lang="en">Switch On/Off only (send Basic Set)</lang>
                    <lang xml:lang="fr">Commandos manoeuvres Marche et Arret (par commando Basic Set)</lang>
                    <lang xml:lang="ru">Только Включать/Выключать (отправлять Basic Set)</lang>
                  </description>
              </value>
            <value from="03" to="03">
                <description>
                    <lang xml:lang="de">&#039;Switch All&quot; Kommando</lang>
                    <lang xml:lang="en">Switch All</lang>
                    <lang xml:lang="fr">accoupler tous</lang>
                    <lang xml:lang="ru">Включать всё/Выключать всё</lang>
                  </description>
              </value>
            <value from="04" to="04">
                <description>
                    <lang xml:lang="de">Szenenaktivierung</lang>
                    <lang xml:lang="en">Send Scenes</lang>
                    <lang xml:lang="fr">activation de la scène</lang>
                    <lang xml:lang="ru">Отправлять Сцены</lang>
                  </description>
              </value>
            <value from="05" to="05">
                <description>
                    <lang xml:lang="de">Vorkonfigurierte Szenen werden gesendet.</lang>
                    <lang xml:lang="en">Send Preconfigured Scenes</lang>
                    <lang xml:lang="fr">scènes préconfigurées sont envoyées</lang>
                    <lang xml:lang="ru">Отправлять преднастроенные Сцены</lang>
                  </description>
              </value>
            <value from="06" to="06">
                <description>
                    <lang xml:lang="de"> Alle Geräte in der Nähe werden durch den Schlüsselanhänger gesteuert.</lang>
                    <lang xml:lang="en">Control devices in proximity</lang>
                    <lang xml:lang="fr">tous les appareils au voisinage sont contrôlés par la porte-clé
</lang>
                    <lang xml:lang="ru">Управлять ближайшими устройствами</lang>
                  </description>
              </value>
            <value from="07" to="07">
                <description>
                    <lang xml:lang="de">Steuert Türschloss</lang>
                    <lang xml:lang="en">Control DoorLock</lang>
                    <lang xml:lang="fr">controler une serrure</lang>
                    <lang xml:lang="ru">Управлять замком</lang>
                  </description>
              </value>
            <value from="08" to="08">
                <description>
                    <lang xml:lang="de">Zentrale Szene im Gateway</lang>
                    <lang xml:lang="en">Central Scene to Gateway</lang>
                    <lang xml:lang="fr">enoyer des scenes globales  a routeur</lang>
                    <lang xml:lang="ru">Отправлять глобальные сцены контроллеру</lang>
                  </description>
              </value>
                </configParam>
        <configParam number="14" type="rangemapped" size="1" default="08">
            <name>
                <lang xml:lang="de">Kommando an Steuergruppe D</lang>
                <lang xml:lang="en">Command to Control Group D</lang>
                <lang xml:lang="fr">Action pour groupe D</lang>
                <lang xml:lang="ru">Действия для группы D</lang>
              </name>
                  <description>
                <lang xml:lang="de">Dieser Parameter definiert das Schaltkommando, das an Geräte in Steuergruppe D gesendet wird.</lang>
                <lang xml:lang="en">This parameter defines the command to be sent to devices of control group D when the related button is pressed</lang>
                <lang xml:lang="fr">Ce paramètre défini le commando manoeuvre, lequel est envoyé aux appareils de goupe d&#039;association 4.</lang>
                <lang xml:lang="ru">В режиме Только Включать/Выключать при диммировании Вверх отправляется команда Включить, Вниз - команда Выключить. В режиме Сцен номер сцены вычисляется так: (10 * группа + ActionID), где ActionID это: 1 - Вкл, 2 = Выкл, 3 = Начало диммирования Вверх, 4 = Начало диммирования Вниз, 5 = Окончание диммирования Вверх, 6 = Окончание диммирования Вниз. Пример:  в режиме &quot;В паре без двойных кликов&quot; при нажатии на кнопку 4 (группа 2) отправится команда 10 * 2 + 2(Выкл) = 22.</lang>
              </description>
      
                  <value from="00" to="00">
                <description>
                    <lang xml:lang="de">Deaktiviert</lang>
                    <lang xml:lang="en">Disabled</lang>
                    <lang xml:lang="fr">désactivé</lang>
                    <lang xml:lang="ru">Отключено</lang>
                  </description>
              </value>
            <value from="01" to="01">
                <description>
                    <lang xml:lang="de">Schaltkommandos Ein und Aus mittels &#039;Basic&#039; und &#039;SwitchMultilevel&#039; Kommando</lang>
                    <lang xml:lang="en">Switch On/Off and Dim (send Basic Set and Switch Multilevel)</lang>
                    <lang xml:lang="fr">Commandos manoeuvres Marche et Arret (par commando Basic Set et Multilevel)</lang>
                    <lang xml:lang="ru">Включать/Выключать и Диммировать (отправлять Basic Set и Switch Multilevel)</lang>
                  </description>
              </value>
            <value from="02" to="02">
                <description>
                    <lang xml:lang="de">Schaltkommandos Ein und Aus mittels &#039;Basic&#039; Kommando</lang>
                    <lang xml:lang="en">Switch On/Off only (send Basic Set)</lang>
                    <lang xml:lang="fr">Commandos manoeuvres Marche et Arret (par commando Basic Set)</lang>
                    <lang xml:lang="ru">Только Включать/Выключать (отправлять Basic Set)</lang>
                  </description>
              </value>
            <value from="03" to="03">
                <description>
                    <lang xml:lang="de">&#039;Switch All&quot; Kommando</lang>
                    <lang xml:lang="en">Switch All</lang>
                    <lang xml:lang="fr">accoupler tous</lang>
                    <lang xml:lang="ru">Включать всё/Выключать всё</lang>
                  </description>
              </value>
            <value from="04" to="04">
                <description>
                    <lang xml:lang="de">Szenenaktivierung</lang>
                    <lang xml:lang="en">Send Scenes</lang>
                    <lang xml:lang="fr">activation de la scène</lang>
                    <lang xml:lang="ru">Отправлять Сцены</lang>
                  </description>
              </value>
            <value from="05" to="05">
                <description>
                    <lang xml:lang="de">Vorkonfigurierte Szenen werden gesendet.</lang>
                    <lang xml:lang="en">Send Preconfigured Scenes</lang>
                    <lang xml:lang="fr">scènes préconfigurées sont envoyées</lang>
                    <lang xml:lang="ru">Отправлять преднастроенные Сцены</lang>
                  </description>
              </value>
            <value from="06" to="06">
                <description>
                    <lang xml:lang="de"> Alle Geräte in der Nähe werden durch den Schlüsselanhänger gesteuert.</lang>
                    <lang xml:lang="en">Control devices in proximity</lang>
                    <lang xml:lang="fr">tous les appareils au voisinage sont contrôlés par la porte-clé
</lang>
                    <lang xml:lang="ru">Управлять ближайшими устройствами</lang>
                  </description>
              </value>
            <value from="07" to="07">
                <description>
                    <lang xml:lang="de">Steuert Türschloss</lang>
                    <lang xml:lang="en">Control DoorLock</lang>
                    <lang xml:lang="fr">controler une serrure</lang>
                    <lang xml:lang="ru">Управлять замком</lang>
                  </description>
              </value>
            <value from="08" to="08">
                <description>
                    <lang xml:lang="de">Zentrale Szene im Gateway</lang>
                    <lang xml:lang="en">Central Scene to Gateway</lang>
                    <lang xml:lang="fr">enoyer des scenes globales  a routeur</lang>
                    <lang xml:lang="ru">Отправлять глобальные сцены контроллеру</lang>
                  </description>
              </value>
                </configParam>
        <configParam number="21" type="rangemapped" size="1" default="01">
            <name>
                <lang xml:lang="de">Sende die folgenden &#039;Switch All&#039; Kommandos</lang>
                <lang xml:lang="en">Send the following Switch All commands</lang>
                <lang xml:lang="fr">envoie les commandos &quot;Switch All&quot; suivants</lang>
                <lang xml:lang="ru">Отправлять следующие команды включить/выключит всё</lang>
              </name>
                  <description>
                <lang xml:lang="de"></lang>
                <lang xml:lang="en"></lang>
                <lang xml:lang="fr"></lang>
                <lang xml:lang="ru"></lang>
              </description>
      
                  <value from="01" to="01">
                <description>
                    <lang xml:lang="de">Nur alle Ausschalten</lang>
                    <lang xml:lang="en">Switch off only</lang>
                    <lang xml:lang="fr">éteindre tous seulement</lang>
                    <lang xml:lang="ru">Только выключить всё</lang>
                  </description>
              </value>
            <value from="02" to="02">
                <description>
                    <lang xml:lang="de">Nur alle Einschalten</lang>
                    <lang xml:lang="en">Switch on only</lang>
                    <lang xml:lang="fr">activer tous seulement</lang>
                    <lang xml:lang="ru">Только включить всё</lang>
                  </description>
              </value>
            <value from="ff" to="ff">
                <description>
                    <lang xml:lang="de">Alle Einschalten und Ausschalten</lang>
                    <lang xml:lang="en">Switch all on and off</lang>
                    <lang xml:lang="fr">activer et éteindre tous</lang>
                    <lang xml:lang="ru">Включить и выключить всё</lang>
                  </description>
              </value>
                </configParam>
        <configParam number="22" type="rangemapped" size="1" default="00">
            <name>
                <lang xml:lang="de">Invertieren der Tastenbedeutung Hoch und Runter</lang>
                <lang xml:lang="en">Invert buttons</lang>
                <lang xml:lang="fr">inverser les boutons</lang>
                <lang xml:lang="ru">Инвертировать кнопки</lang>
              </name>
                  <description>
                <lang xml:lang="de"></lang>
                <lang xml:lang="en"></lang>
                <lang xml:lang="fr"></lang>
                <lang xml:lang="ru"></lang>
              </description>
      
                  <value from="00" to="00">
                <description>
                    <lang xml:lang="de">Nein</lang>
                    <lang xml:lang="en">No</lang>
                    <lang xml:lang="fr">Non</lang>
                    <lang xml:lang="ru">Нет</lang>
                  </description>
              </value>
            <value from="01" to="01">
                <description>
                    <lang xml:lang="de">Ja</lang>
                    <lang xml:lang="en">Yes</lang>
                    <lang xml:lang="fr">Oui</lang>
                    <lang xml:lang="ru">Да</lang>
                  </description>
              </value>
                </configParam>
        <configParam number="30" type="rangemapped" size="1" default="01">
            <name>
                <lang xml:lang="de">Sende beim Aufwecken unaufgefordert eine Batterie-Statusmeldung</lang>
                <lang xml:lang="en">Send unsolicited Battery Report on Wake Up</lang>
                <lang xml:lang="fr">Envoie sans ordre l&#039;état de la batterie avec le réveil </lang>
                <lang xml:lang="ru">Отправлять непрошенные отчёт заряда батареек Battery Report при пробуждении</lang>
              </name>
                  <description>
                <lang xml:lang="de"></lang>
                <lang xml:lang="en"></lang>
                <lang xml:lang="fr"></lang>
                <lang xml:lang="ru"></lang>
              </description>
      
                  <value from="00" to="00">
                <description>
                    <lang xml:lang="de">Nein</lang>
                    <lang xml:lang="en">No</lang>
                    <lang xml:lang="fr">Non</lang>
                    <lang xml:lang="ru">Нет</lang>
                  </description>
              </value>
            <value from="01" to="01">
                <description>
                    <lang xml:lang="de">An das gleiche Gerät wie die Aufweck-Meldung</lang>
                    <lang xml:lang="en">To same node as wake up notification</lang>
                    <lang xml:lang="fr">Au même aparreil que la notification de reveil </lang>
                    <lang xml:lang="ru">Тому же узлу, что и оповещение от пробуждении</lang>
                  </description>
              </value>
            <value from="02" to="02">
                <description>
                    <lang xml:lang="de">Broadcast an alle Nachbarn</lang>
                    <lang xml:lang="en">Broadcast to neighbors</lang>
                    <lang xml:lang="fr">Broadcast au voisinage</lang>
                    <lang xml:lang="ru">Широковещательная рассылка соседним узлам</lang>
                  </description>
              </value>
                </configParam>
        <configParam number="25" type="rangemapped" size="1" default="00">
            <name>
                <lang xml:lang="de">Blockiert das Aufwecken des Gerätes selbst bei gesetztem Aufweckinterval</lang>
                <lang xml:lang="en">Blocks wakeup even when wakeup interval is set</lang>
                <lang xml:lang="fr">bloque le réveil de l&#039;appareil même si l&#039;intervalle de réveil est activé</lang>
                <lang xml:lang="ru">Блокировать просыпания, немотря на настроки интервала пробуждения</lang>
              </name>
                  <description>
                <lang xml:lang="de">Weckt der KFOB auf und es befindet sich kein Controller in der Nähe, wird mit erfolglosen Kommunikationsversuchen viel Batterieleistung verbraucht.</lang>
                <lang xml:lang="en">If the KFOB wakes up and there is no controller nearby, several unsuccessful communication attempts will drain battery</lang>
                <lang xml:lang="fr">Si le KFOB se réveille et s&#039;il n&#039;y a pas de contrôleur au voisinage, beaucoup de charge de batterie est consommé avec des essais de communication sans succès.</lang>
                <lang xml:lang="ru">Если брелок просыпается вдалеке от контроллера, несколько попыток связаться с контроллером приведут к бессмысленной трате батареек. Для брелока, часто находящегося вне дома рекомендуется не активировать просыпания.</lang>
              </description>
      
                  <value from="00" to="00">
                <description>
                    <lang xml:lang="de">Aufwecken Blockiert</lang>
                    <lang xml:lang="en">Wakeup is blocked</lang>
                    <lang xml:lang="fr">réveil est bloqué</lang>
                    <lang xml:lang="ru">Просыпания заблокированы</lang>
                  </description>
              </value>
            <value from="01" to="01">
                <description>
                    <lang xml:lang="de">Wakeup findet statt, wenn entsprechend konfiguriert</lang>
                    <lang xml:lang="en">Wakeup is possible if configured accordingly.</lang>
                    <lang xml:lang="fr">réveil s&#039;opére, si configuration est conforme.</lang>
                    <lang xml:lang="ru">Просыпается в соответствии с настройками</lang>
                  </description>
              </value>
                </configParam>
      </configParams>
  
    
  
    <resourceLinks>
     
    <deviceImage url="http://www.pepper1.net/zwavedb/uploads/resources/f5c72a7276c22daab845710acd620f957a65d7ed.jpg" />
      </resourceLinks>
    
  </ZWaveDevice>


