<?xml version="1.0" encoding="utf-8"?>
<ZWaveDevice xmlns="http://www.pepper1.net/zwavedb/xml-schemata/z-wave" schemaVersion="2">

  <descriptorVersion>1</descriptorVersion>

  <deviceData>
            <manufacturerId value="0060"/>
        <productType value="0004"/>
    <productId value="0001"/>
    <libType value="04"/>
    <protoVersion value="02"/>
    <protoSubVersion value="18"/>
    <appVersion value="00"/>
    <appSubVersion value="01"/>
        <basicClass value="03"/>
            <genericClass value="10"/>
            <specificClass value="01"/>
        <optional value="false"/>
    <listening value="true"/>
    <routing value="false"/>
        <beamSensor>0</beamSensor>
                    
      </deviceData>

  <deviceDescription>
                <description>
            <lang xml:lang="de">Lampenfassung mit Schalter</lang>
            <lang xml:lang="en">Lamp Holder Switch</lang>
          </description>
            <wakeupNote>
            <lang xml:lang="de"></lang>
            <lang xml:lang="en"></lang>
          </wakeupNote>
            <inclusionNote>
            <lang xml:lang="de">Einfacher Tastendruck</lang>
            <lang xml:lang="en">Single Press button</lang>
          </inclusionNote>
            <productName>AN145</productName>
            <brandName>Everspring</brandName>
            <productLine>Z-Wave</productLine>
                            </deviceDescription>

    <commandClasses>
        <commandClass id="0020" inNIF="false"/>
        <commandClass id="0085" version="0"/>
        <commandClass id="0086"/>
        <commandClass id="0027"/>
        <commandClass id="0072"/>
        <commandClass id="0073"/>
        <commandClass id="0075"/>
        <commandClass id="0025"/>
      </commandClasses>
  
    <assocGroups>
        <assocGroup number="1" maxNodes="5">
            <description>
                <lang xml:lang="de">Geräte, die bei Alarm informiert werden</lang>
                <lang xml:lang="en">Devices are switched by local button</lang>
                <lang xml:lang="ru">Устройства, которые получают сигналы тревоги</lang>
              </description>
          </assocGroup>
      </assocGroups>
  
  
    
  
    <resourceLinks>
     
    <deviceImage url="http://www.pepper1.net/zwavedb/uploads/resources/8cee1997e331dd10317f8f94a06ed281df2c4601.gif" />
      </resourceLinks>
    
  </ZWaveDevice>


