<?xml version="1.0" encoding="utf-8"?>
<ZWaveDevice xmlns="http://www.pepper1.net/zwavedb/xml-schemata/z-wave" schemaVersion="2">

  <descriptorVersion>1</descriptorVersion>

  <deviceData>
            <manufacturerId value="0109"/>
        <productType value="201a"/>
    <productId value="1a02"/>
    <libType value="03"/>
    <protoVersion value="03"/>
    <protoSubVersion value="5f"/>
    <appVersion value="14"/>
    <appSubVersion value="07"/>
        <basicClass value="04"/>
            <genericClass value="10"/>
            <specificClass value="01"/>
        <optional value="true"/>
    <listening value="true"/>
    <routing value="false"/>
        <beamSensor>0</beamSensor>
            <rfFrequency>EU</rfFrequency>
                
      </deviceData>

  <deviceDescription>
                <description>
            <lang xml:lang="en">Power Monitor</lang>
          </description>
            <wakeupNote>
            <lang xml:lang="en"></lang>
          </wakeupNote>
            <inclusionNote>
            <lang xml:lang="en">Press the Programm swith 3 times within 2 secods.</lang>
          </inclusionNote>
            <productName>Power Monitor</productName>
            <brandName>Vision</brandName>
            <productLine>Home Security</productLine>
            <productCode>ZL7261DE-5</productCode>
                        </deviceDescription>

    <commandClasses>
        <commandClass id="005e" version="2"/>
        <commandClass id="0022"/>
        <commandClass id="0085" version="2"/>
        <commandClass id="0059"/>
        <commandClass id="0070"/>
        <commandClass id="005a"/>
        <commandClass id="007a" version="2"/>
        <commandClass id="0072" version="2"/>
        <commandClass id="0032" version="4"/>
        <commandClass id="0073"/>
        <commandClass id="0027"/>
        <commandClass id="0025"/>
        <commandClass id="0086" version="2"/>
        <commandClass id="0020"/>
      </commandClasses>
  
    <assocGroups>
        <assocGroup number="1" maxNodes="5">
            <description>
                <lang xml:lang="en">Reports its ON/OFF status and meter values.</lang>
              </description>
          </assocGroup>
      </assocGroups>
  
    <configParams>
        <configParam number="1" type="range" size="1" default="3c">
            <name>
                <lang xml:lang="en">Auto report timing</lang>
              </name>
                  <description>
                <lang xml:lang="en">60-255 seconds
Report kWh/kVAh</lang>
              </description>
      
                  <value from="3c" to="ff" unit="sec">
                <description>
                    <lang xml:lang="en">Define the auto report timing.</lang>
                  </description>
              </value>
                </configParam>
        <configParam number="2" type="range" size="2" default="0032">
            <name>
                <lang xml:lang="en">Report when Watt change</lang>
              </name>
                  <description>
                <lang xml:lang="en">5-3600 Watt
Report V A W</lang>
              </description>
      
                  <value from="0005" to="0e10" unit="W">
                <description>
                    <lang xml:lang="en">Set the maximum variation in wattage, if  a report should be sent.</lang>
                  </description>
              </value>
                </configParam>
      </configParams>
  
    
  
    <resourceLinks>
     
    <deviceImage url="http://www.pepper1.net/zwavedb/uploads/resources/577b3e3097a6da8c114ed94ac053b89f729143bc.jpg" />
      </resourceLinks>
    
  </ZWaveDevice>


