<?xml version="1.0" encoding="utf-8"?>
<ZWaveDevice xmlns="http://www.pepper1.net/zwavedb/xml-schemata/z-wave" schemaVersion="2">

  <descriptorVersion>1</descriptorVersion>

  <deviceData>
            <manufacturerId value="0182"/>
        <productType value="0001"/>
    <productId value="0001"/>
    <libType value="01"/>
    <protoVersion value="03"/>
    <protoSubVersion value="28"/>
    <appVersion value="03"/>
    <appSubVersion value="5e"/>
        <basicClass value="02"/>
            <genericClass value="02"/>
            <optional value="false"/>
    <listening value="true"/>
    <routing value="false"/>
        <beamSensor>0</beamSensor>
            <rfFrequency>US</rfFrequency>
                
      </deviceData>

  <deviceDescription>
                <description>
            <lang xml:lang="en">Touch screen based home router with home control, featuring Z-Wave</lang>
          </description>
            <wakeupNote>
            <lang xml:lang="en"></lang>
          </wakeupNote>
            <inclusionNote>
            <lang xml:lang="en"></lang>
          </inclusionNote>
            <productName>Almond+</productName>
            <brandName>Almond+</brandName>
            <productLine>Almond</productLine>
            <productCode>ALMP-BLK-US</productCode>
            <productVersion>1.0</productVersion>
                    </deviceDescription>

    <commandClasses>
        <commandClass id="0020" controlled="true"/>
        <commandClass id="0086" controlled="true"/>
        <commandClass id="0098" controlled="true"/>
        <commandClass id="0072" controlled="true"/>
        <commandClass id="0026" controlled="true" inNIF="false"/>
        <commandClass id="0060" version="3" controlled="true" inNIF="false"/>
        <commandClass id="008e" version="2" controlled="true" inNIF="false"/>
        <commandClass id="0062" controlled="true" inNIF="false" secure="true" nonSecure="false"/>
        <commandClass id="0080" controlled="true" inNIF="false"/>
        <commandClass id="0085" version="2" controlled="true" inNIF="false"/>
        <commandClass id="0027" controlled="true" inNIF="false"/>
      </commandClasses>
  
  
  
    
  
    <resourceLinks>
     
    <deviceImage url="http://www.pepper1.net/zwavedb/uploads/resources/b7461e52df224110310518bac1563e5d1c6257e8.png" />
      </resourceLinks>
    
  </ZWaveDevice>


