<?xml version="1.0" encoding="utf-8"?>
<ZWaveDevice xmlns="http://www.pepper1.net/zwavedb/xml-schemata/z-wave" schemaVersion="2">

  <descriptorVersion>1</descriptorVersion>

  <deviceData>
            <manufacturerId value="015f"/>
        <productType value="5102"/>
    <productId value="0103"/>
    <libType value="05"/>
    <protoVersion value="03"/>
    <protoSubVersion value="67"/>
    <appVersion value="01"/>
    <appSubVersion value="00"/>
        <basicClass value="04"/>
            <genericClass value="10"/>
            <specificClass value="01"/>
        <optional value="true"/>
    <listening value="true"/>
    <routing value="true"/>
        <beamSensor>0</beamSensor>
            <rfFrequency>US</rfFrequency>
                
      </deviceData>

  <deviceDescription>
                <description>
            <lang xml:lang="en">Z-Wave touch panel switch with three channel    </lang>
          </description>
            <wakeupNote>
            <lang xml:lang="en"></lang>
          </wakeupNote>
            <inclusionNote>
            <lang xml:lang="en">Press and hold any key on the panel for 3 seconds. </lang>
          </inclusionNote>
            <productName>Touch Panel Switch </productName>
            <brandName>MCOHome </brandName>
            <productLine>Z-Wave Switch </productLine>
            <productCode>MH-S513-US</productCode>
            <productVersion>V1.00</productVersion>
                    </deviceDescription>

    <commandClasses>
        <commandClass id="0025"/>
        <commandClass id="0027"/>
        <commandClass id="0085"/>
        <commandClass id="0060" version="3" controlled="true"/>
        <commandClass id="008e" version="2"/>
        <commandClass id="0072"/>
        <commandClass id="0086"/>
        <commandClass id="0020" controlled="true" inNIF="false"/>
      </commandClasses>
  
    <assocGroups>
        <assocGroup number="4" maxNodes="1">
            <description>
                <lang xml:lang="en">The 4th association group is used for reporting devices’ state to the controller if any changes happen. This group supports one node, which defaults to controller node. A report will be sent to associated controller by it when any state changes happen in other groups. </lang>
              </description>
          </assocGroup>
        <assocGroup number="3" maxNodes="5">
            <description>
                <lang xml:lang="en"></lang>
              </description>
          </assocGroup>
        <assocGroup number="2" maxNodes="5">
            <description>
                <lang xml:lang="en"></lang>
              </description>
          </assocGroup>
        <assocGroup number="1" maxNodes="5">
            <description>
                <lang xml:lang="en">The first three groups are used for switching associated devices（switch N controlling group N），and each group can support up to 5 nodes or terminals. For the first three groups, the touch panel switch will send basic set command to related association groups when setting switch state by gateway or key-pressing. Then the switch states of associated devices and their related key will be synchronic. </lang>
              </description>
          </assocGroup>
      </assocGroups>
  
  
    <endpoints>
           <endpoint number="3">
            <name>
                <lang xml:lang="en">Switch 3</lang>
              </name>
                  <description>
                <lang xml:lang="en"></lang>
              </description>
                  <genericClass value="10"/>
                  <specificClass value="01"/>
                  <commandClass id="0025"/>
          </endpoint>
           <endpoint number="2">
            <name>
                <lang xml:lang="en">Switch 2</lang>
              </name>
                  <description>
                <lang xml:lang="en"></lang>
              </description>
                  <genericClass value="10"/>
                  <specificClass value="01"/>
                  <commandClass id="0025"/>
          </endpoint>
           <endpoint number="1">
            <name>
                <lang xml:lang="en">Switch 1</lang>
              </name>
                  <description>
                <lang xml:lang="en"></lang>
              </description>
                  <genericClass value="10"/>
                  <specificClass value="01"/>
                  <commandClass id="0025"/>
          </endpoint>
      </endpoints>
    
  
    <resourceLinks>
     
    <deviceImage url="http://www.pepper1.net/zwavedb/uploads/resources/dc098a97e54aa79c818038941fdd0634a879e193.jpg" />
      </resourceLinks>
    
  </ZWaveDevice>


