<?xml version="1.0" encoding="utf-8"?>
<ZWaveDevice xmlns="http://www.pepper1.net/zwavedb/xml-schemata/z-wave" schemaVersion="2">

  <descriptorVersion>1</descriptorVersion>

  <deviceData>
            <manufacturerId value="013c"/>
        <productType value="0001"/>
    <productId value="0011"/>
    <libType value="03"/>
    <protoVersion value="03"/>
    <protoSubVersion value="53"/>
    <appVersion value="01"/>
    <appSubVersion value="05"/>
        <basicClass value="04"/>
            <genericClass value="10"/>
            <specificClass value="01"/>
        <optional value="true"/>
    <listening value="true"/>
    <routing value="true"/>
        <beamSensor>0</beamSensor>
            <rfFrequency>EU</rfFrequency>
                
      </deviceData>

  <deviceDescription>
                <description>
            <lang xml:lang="en">This plug-in ON/OFF switch PAN11 is a security enabled wireless switch, based on Z-Wave technology. This plug-in ON/OFF switch is able to detect current wattage and overload wattage of connected lights or appliances. When detecting overload state, the Switch will be disabled and its On/Off button will be lockout of which LED will flash quickly. However, unplug and re-connect the switch will reset its overload condition to normal status. </lang>
          </description>
            <wakeupNote>
            <lang xml:lang="en"></lang>
          </wakeupNote>
            <inclusionNote>
            <lang xml:lang="en">Pressing On/Off button three times
within 2 seconds will enter inclusion mode.</lang>
          </inclusionNote>
            <productName>Smart Energy Plug In Switch</productName>
            <brandName>Philio</brandName>
            <productLine>Philio Z-Wave Products</productLine>
            <productCode>PAN11-1A</productCode>
                        </deviceDescription>

    <commandClasses>
        <commandClass id="005e" version="2"/>
        <commandClass id="0086" version="2" secure="true" nonSecure="false"/>
        <commandClass id="0072" version="2"/>
        <commandClass id="0098"/>
        <commandClass id="005a"/>
        <commandClass id="0085" version="2" secure="true" nonSecure="false"/>
        <commandClass id="0059" secure="true" nonSecure="false"/>
        <commandClass id="0073"/>
        <commandClass id="0025" secure="true" nonSecure="false"/>
        <commandClass id="0020" secure="true" nonSecure="false"/>
        <commandClass id="0027" secure="true" nonSecure="false"/>
        <commandClass id="0032" version="3" secure="true" nonSecure="false"/>
        <commandClass id="0070" secure="true" nonSecure="false"/>
        <commandClass id="0071" secure="true" nonSecure="false"/>
        <commandClass id="0075" version="2" secure="true" nonSecure="false"/>
        <commandClass id="007a" version="2"/>
      </commandClasses>
  
    <assocGroups>
        <assocGroup number="1" maxNodes="1">
            <description>
                <lang xml:lang="en">For group 1, the Switch will report its latest status to Z-Wave Controller.
Grouping 1 includes, SWITCH_BINARY_REPORT, METER_REPORT,
ALARM_REPORT.</lang>
              </description>
          </assocGroup>
      </assocGroups>
  
    <configParams>
        <configParam number="1" type="range" size="2" default="02d0">
            <name>
                <lang xml:lang="en">Watt Meter Report Period</lang>
              </name>
                  <description>
                <lang xml:lang="en">If the setting is configured for 1hour (set value =720), the PAN11 will report its
instant power consumption every 1 hour to Group1 node. The maximum interval
to report its instant power consumption is 45 hours (5s*32767/3600=45hr).</lang>
              </description>
      
                  <value from="0001" to="7fff" unit="x5sec">
                <description>
                    <lang xml:lang="en">Define the time interval to send a watt meter report.</lang>
                  </description>
              </value>
                </configParam>
        <configParam number="2" type="range" size="2" default="0006">
            <name>
                <lang xml:lang="en">KWH Meter Report Period</lang>
              </name>
                  <description>
                <lang xml:lang="en">If the setting is configured for 1hour (set value =6), the PAN11 will report its Accumulated Power Consumption (KW/h) every 1 hour to Group1 node. The
maximum interval to report its Accumulated Power Consumption (KW/h) is 227.55
days (10min*32767/1440=227.55 days).</lang>
              </description>
      
                  <value from="0001" to="7fff" unit="x10min">
                <description>
                    <lang xml:lang="en">Define the time interval for the report.</lang>
                  </description>
              </value>
                </configParam>
        <configParam number="3" type="range" size="2" default="0514">
            <name>
                <lang xml:lang="en">Threshold of current for Load caution</lang>
              </name>
                  <description>
                <lang xml:lang="en">This is a warning when the current of load over the preset threshold value, if the
setting value is 1300, when the load current of Relay1 over this value, PAN11
will send current meter report to warn the Group1 node, the Range of the setting
value is from 10 to 1300,and the default value is 1300.
1300*0.01A = 13A</lang>
              </description>
      
                  <value from="000a" to="0514" unit="x0.01A">
                <description>
                    <lang xml:lang="en">Define the value of the treshold.</lang>
                  </description>
              </value>
                </configParam>
        <configParam number="4" type="range" size="2" default="2710">
            <name>
                <lang xml:lang="en">Threshold of KWh for Load caution</lang>
              </name>
                  <description>
                <lang xml:lang="en">This is a warning when the KWh of load over the preset threshold value, If the
setting value is 10000, when the Accumulated Power Consumption of Relay1 over
this value, PAN11 will send KWH meter report to warn the Group1 node,
minimum value is 1KWh and default value is 10000 kWh.</lang>
              </description>
      
                  <value from="0001" to="2710" unit="KWh">
                <description>
                    <lang xml:lang="en">Define the value of the treshold.</lang>
                  </description>
              </value>
                </configParam>
        <configParam number="5" type="constant" size="1" default="01">
            <name>
                <lang xml:lang="en">Restore switch state mode</lang>
              </name>
                  <description>
                <lang xml:lang="en">Whenever the AC power return from lost, PAN11 will restore the switch state which
could be SWITCH OFF、LAST SWITCH STATE、SWITCH ON. The default setting
is LAST SWITCH STATE.</lang>
              </description>
      
                  <value from="00" to="00">
                <description>
                    <lang xml:lang="en">Switch off</lang>
                  </description>
              </value>
            <value from="01" to="01">
                <description>
                    <lang xml:lang="en">Last switch state</lang>
                  </description>
              </value>
            <value from="02" to="02">
                <description>
                    <lang xml:lang="en">Switch on</lang>
                  </description>
              </value>
                </configParam>
        <configParam number="6" type="constant" size="1" default="01">
            <name>
                <lang xml:lang="en">Mode of Switch Off function</lang>
              </name>
                  <description>
                <lang xml:lang="en">When the mode of switch On/Off is set to 0, any command of switch off will be
disabled and the On/Off function of include button will be disabled. The default
setting is enable mode.</lang>
              </description>
      
                  <value from="00" to="00">
                <description>
                    <lang xml:lang="en">Disable</lang>
                  </description>
              </value>
            <value from="01" to="01">
                <description>
                    <lang xml:lang="en">Enable</lang>
                  </description>
              </value>
                </configParam>
        <configParam number="7" type="constant" size="1" default="01">
            <name>
                <lang xml:lang="en">LED indication mode</lang>
              </name>
                  <description>
                <lang xml:lang="en">Show Switch State：When switch is on, LED is on. When switch is off, LED is
off. The default setting is Show Switch State.

Show Night mode：When switch is on, LED is off. When switch is off, LED is
on.</lang>
              </description>
      
                  <value from="01" to="01">
                <description>
                    <lang xml:lang="en">Show switch state</lang>
                  </description>
              </value>
            <value from="02" to="02">
                <description>
                    <lang xml:lang="en">Show night mode</lang>
                  </description>
              </value>
                </configParam>
        <configParam number="8" type="range" size="2" default="0000">
            <name>
                <lang xml:lang="en">Auto off timer</lang>
              </name>
                  <description>
                <lang xml:lang="en">Whenever PAN11 switches to on, the auto off timer begin to count down. After the
timer decrease to zero, it will switch to off automatically. However if Auto off timer
is set as 0, the auto off function will be disabled. The default setting is 0.</lang>
              </description>
      
                  <value from="0000" to="0000">
                <description>
                    <lang xml:lang="en">Disable auto off
function</lang>
                  </description>
              </value>
            <value from="0001" to="7fff" unit="sec">
                <description>
                    <lang xml:lang="en">Define the time interval for auto off.</lang>
                  </description>
              </value>
                </configParam>
        <configParam number="9" type="constant" size="1" default="00">
            <name>
                <lang xml:lang="en">RF off command mode</lang>
              </name>
                  <description>
                <lang xml:lang="en">Whenever a switch off command, BASIC_SET 、BINARY_SWITCH_SET 、
SWITCH_ALL_OFF, is received, it could be interpreted as 4 variety of commands.
</lang>
              </description>
      
                  <value from="00" to="00">
                <description>
                    <lang xml:lang="en">Switch off</lang>
                  </description>
              </value>
            <value from="01" to="01">
                <description>
                    <lang xml:lang="en">Ignore</lang>
                  </description>
              </value>
            <value from="02" to="02">
                <description>
                    <lang xml:lang="en">Switch toggle</lang>
                  </description>
              </value>
            <value from="03" to="03">
                <description>
                    <lang xml:lang="en">Switch on</lang>
                  </description>
              </value>
                </configParam>
      </configParams>
  
    
  
    <resourceLinks>
     
    <deviceImage url="http://www.pepper1.net/zwavedb/uploads/resources/898a871cffa314baf351b0a4f43e370802eea5b7.jpg" />
      </resourceLinks>
    
  </ZWaveDevice>


