<?xml version="1.0" encoding="utf-8"?>
<ZWaveDevice xmlns="http://www.pepper1.net/zwavedb/xml-schemata/z-wave" schemaVersion="2">

  <descriptorVersion>1</descriptorVersion>

  <deviceData>
            <manufacturerId value="0115"/>
        <productType value="0100"/>
    <productId value="0401"/>
    <libType value="03"/>
    <protoVersion value="03"/>
    <protoSubVersion value="43"/>
    <appVersion value="01"/>
    <appSubVersion value="04"/>
        <basicClass value="04"/>
            <genericClass value="12"/>
            <specificClass value="02"/>
        <optional value="true"/>
    <listening value="false"/>
    <routing value="true"/>
        <beamSensor>0</beamSensor>
            <rfFrequency>EU</rfFrequency>
            <certId>14965</certId>
            <certNumber>ZC08-12070010</certNumber>
        
      </deviceData>

  <deviceDescription>
                <description>
            <lang xml:lang="de">Wandcontroller mit geteilter Schaltwippe</lang>
            <lang xml:lang="en">Split Paddle Wall Controller</lang>
            <lang xml:lang="ru"> </lang>
          </description>
            <wakeupNote>
            <lang xml:lang="de">gleichzeitiges 5 sek langes Drücken aller 4 Tasten und anschließend Taste 2</lang>
            <lang xml:lang="en">Simultaneously press four buttons for 5 seconds and then button 2</lang>
            <lang xml:lang="ru">Одновременное нажатие 4 кнопок на 5 секунд и далее кнопка 2</lang>
          </wakeupNote>
            <inclusionNote>
            <lang xml:lang="de">gleichzeitiges 5 sek langes Drücken aller 4 Tasten and anschließend Taste 1</lang>
            <lang xml:lang="en">Simultaneously press four buttons for 5 seconds and then button 1</lang>
            <lang xml:lang="ru">Одновременное нажатие 4 кнопок на 5 секунд и далее кнопка 1</lang>
          </inclusionNote>
            <productName>Dual Paddle Wall Controller 1.4</productName>
            <brandName>Z-Wave.Me</brandName>
                <productCode>ZMR_WCD_1</productCode>
                <batteryType>CR2032</batteryType>
            <batteryCount>1</batteryCount>
            </deviceDescription>

    <commandClasses>
        <commandClass id="002d"/>
        <commandClass id="0070"/>
        <commandClass id="0072"/>
        <commandClass id="0075"/>
        <commandClass id="0077"/>
        <commandClass id="0080"/>
        <commandClass id="0084" version="2"/>
        <commandClass id="0085" version="2"/>
        <commandClass id="0086"/>
        <commandClass id="008e" version="2"/>
      </commandClasses>
  
    <assocGroups>
        <assocGroup number="1" maxNodes="8">
            <description>
                <lang xml:lang="de">Wird gesteuert durch Taste 1 oder einfache Klicks auf Taste 1 und 3</lang>
                <lang xml:lang="en">Controlled by button 1 or single clicks of buttons 1 and 3</lang>
                <lang xml:lang="ru">Управляется кнопкой 1 или одинарными нажатиями кнопок 1 и 3</lang>
              </description>
          </assocGroup>
        <assocGroup number="2" maxNodes="8">
            <description>
                <lang xml:lang="de">Wird gesteuert durch Taste 2 oder einfache Klicks auf Taste 2 und 4</lang>
                <lang xml:lang="en">Controlled by button 2 or single clicks of buttons 2 and 4</lang>
                <lang xml:lang="ru">Управляется кнопкой 2 или одинарными нажатиями кнопок 2 и 4</lang>
              </description>
          </assocGroup>
        <assocGroup number="3" maxNodes="8">
            <description>
                <lang xml:lang="de">Wird gesteuert durch Taste 3 oder zwei Klicks auf Taste 1 und 3</lang>
                <lang xml:lang="en">Controlled by button 3 or double clicks of buttons 1 and 3</lang>
                <lang xml:lang="ru">Управляется кнопкой 3 или двойными нажатиями кнопок 1 и 3</lang>
              </description>
          </assocGroup>
        <assocGroup number="4" maxNodes="8">
            <description>
                <lang xml:lang="de">Wird gesteuert durch Taste 4 oder zwei Klicks auf Taste 2 und 4</lang>
                <lang xml:lang="en">Controlled by button 4 or double clicks of buttons 2 and 4</lang>
                <lang xml:lang="ru">Управляется кнопкой 4 или двойными нажатиями кнопок 2 и 4</lang>
              </description>
          </assocGroup>
      </assocGroups>
  
    <configParams>
        <configParam number="1" type="rangemapped" size="1" default="01">
            <name>
                <lang xml:lang="de">Taste 1 und 3 gekoppelt</lang>
                <lang xml:lang="en">Button 1 and 3 pair mode</lang>
                <lang xml:lang="ru">Режим работы пары кнопок 1 и 3</lang>
              </name>
                  <description>
                <lang xml:lang="de">Im entkoppelten Modus steuert Taste 1 die Gruppe 1  und Taste 3 die Gruppe 3, im gekoppelten Modus steuern beide die Gruppen 1 und 3, wobei Einfachklick Gruppe 1 und Doppelklick Gruppe 3 schaltet.

</lang>
                <lang xml:lang="en">In separate mode button 1 works with group 1, button 3 with groups 3. Click is On, Hold is dimming Up, Double click is Off, Click-Hold is dimming Down. In pair button 1/3 are Up/Down correspondingly. Click is On/Off, Hold is dimming Up/Down. Single clicks works with group 1, double click with group 3.</lang>
                <lang xml:lang="ru">В раздельном режиме кнопка 1 работает с группой 1, кнопка 3 с группой 3. Нажатие - Вкл, удержание - диммирование Вверх, двойное нажатие - Выкл, нажатие-удержание - Вниз. В парном режиме 1/3 - Вверх/Вниз соответственно. Клик - Вкл/Выкл, удержания - диммирование Вверх/Вниз. Одинарный клик работает с группой 1, двойной с группой 3.</lang>
              </description>
      
                  <value from="00" to="00">
                <description>
                    <lang xml:lang="de">Taste 1 und 3 sind unabängig</lang>
                    <lang xml:lang="en">Separately</lang>
                    <lang xml:lang="ru">Раздельно</lang>
                  </description>
              </value>
            <value from="01" to="01">
                <description>
                    <lang xml:lang="de">Taste 1 und 3 steuern gemeinsam, Doppelklick wird nicht beachtet</lang>
                    <lang xml:lang="en">In pair without double clicks</lang>
                    <lang xml:lang="ru">В паре без двойных кликов</lang>
                  </description>
              </value>
            <value from="02" to="02">
                <description>
                    <lang xml:lang="de">Taste 1 und 3 steuern gemeinsam, Doppelklick wird beachtet</lang>
                    <lang xml:lang="en">In pair with double clicks</lang>
                    <lang xml:lang="ru">В паре с двойными кликами</lang>
                  </description>
              </value>
                </configParam>
        <configParam number="2" type="rangemapped" size="1" default="01">
            <name>
                <lang xml:lang="de">Taste 2 und 4 gekoppelt</lang>
                <lang xml:lang="en">Button 2 and 4 pair mode</lang>
                <lang xml:lang="ru">Режим работы пары кнопок 2 и 4</lang>
              </name>
                  <description>
                <lang xml:lang="de">Im entkoppelten Modus steuert Taste 2 die Gruppe 2  und Taste 4 die Gruppe 4, im gekoppelten Modus steuern beide die Gruppen 2 und 4, wobei Einfachklick Gruppe 2 und Doppelklick Gruppe 4 schaltet.</lang>
                <lang xml:lang="en">In separate mode button 2 works with group 2, button 4 with groups 4. Click is On, Hold is dimming Up, Double click is Off, Click-Hold is dimming Down. In pair button 2/4 are Up/Down correspondingly. Click is On/Off, Hold is dimming Up/Down. Single clicks works with group 2, double click with group 4.</lang>
                <lang xml:lang="ru">В раздельном режиме кнопка 2 работает с группой 2, кнопка 4 с группой 4. Нажатие - Вкл, удержание - диммирование Вверх, двойное нажатие - Выкл, нажатие-удержание - Вниз. В парном режиме 2/4 - Вверх/Вниз соответственно. Клик - Вкл/Выкл, удержания - диммирование Вверх/Вниз. Одинарный клик работает с группой 2, двойной с группой 4.</lang>
              </description>
      
                  <value from="00" to="00">
                <description>
                    <lang xml:lang="de">Taste 2 und 4 sind unhängig

</lang>
                    <lang xml:lang="en">Separately</lang>
                    <lang xml:lang="ru">Раздельно</lang>
                  </description>
              </value>
            <value from="01" to="01">
                <description>
                    <lang xml:lang="de">Taste 2 und 4 steuern gemeinsam, Doppelklick wird nicht beachtet</lang>
                    <lang xml:lang="en">In pair without double clicks</lang>
                    <lang xml:lang="ru">В паре без двойных кликов</lang>
                  </description>
              </value>
            <value from="02" to="02">
                <description>
                    <lang xml:lang="de">Taste 2 und 4 steuern gemeinsam, Doppelklick wird beachtet</lang>
                    <lang xml:lang="en">In pair with double clicks</lang>
                    <lang xml:lang="ru">В паре с двойными кликами</lang>
                  </description>
              </value>
                </configParam>
        <configParam number="11" type="rangemapped" size="1" default="01">
            <name>
                <lang xml:lang="de">Aktion für Gruppe 1</lang>
                <lang xml:lang="en">Action on group 1</lang>
                <lang xml:lang="ru">Действия для группы 1</lang>
              </name>
                  <description>
                <lang xml:lang="de">Dieser Parameter definiert das Schaltkommando, das an Geräte in Assoziationsgruppe 1 gesendet wird.</lang>
                <lang xml:lang="en">In Switch On/Off only mode On command is sent on Dim Up, Off on Dim Down. In Scenes mode the scene ID sent is (10 * group + ActionID), where ActionID is: 1 = On, 2 = Off, 3 = Dim Up Start, 4 = Dim Down Start, 5 = Dim Up Stop, 6 = Dim Down Stop</lang>
                <lang xml:lang="ru">В режиме Только Включить/Выключить при диммировании Вверх отправляется команда Включить, Вниз - команда Выключить. В режиме Сцен номер сцены вычисляется так: (10 * группа + ActionID), где ActionID это: 1 - Вкл, 2 = Выкл, 3 = Начало диммирования Вверх, 4 = Начало диммирования Вниз, 5 = Окончание диммирования Вверх, 6 = Окончание диммирования Вниз. Пример: в режиме &quot;В паре без двойных кликов&quot; при нажатии на кнопку 1 (группа 1) отправится команда 10 * 1 + 1(Вкл) = 11.</lang>
              </description>
      
                  <value from="00" to="00">
                <description>
                    <lang xml:lang="de">Deaktiviert</lang>
                    <lang xml:lang="en">Disabled</lang>
                    <lang xml:lang="ru">Отключено</lang>
                  </description>
              </value>
            <value from="01" to="01">
                <description>
                    <lang xml:lang="de">Schaltkommandos Ein und Aus mittels &#039;Basic&#039; und &#039;SwitchMultilevel&#039; Kommando</lang>
                    <lang xml:lang="en">Switch On/Off and Dim (send Basic Set and Switch Multilevel)</lang>
                    <lang xml:lang="ru">Включить/Выключить и Диммировать (Basic Set и Switch Multilevel)</lang>
                  </description>
              </value>
            <value from="02" to="02">
                <description>
                    <lang xml:lang="de">Schaltkommandos Ein und Aus mittels &#039;Basic&#039; Kommando</lang>
                    <lang xml:lang="en">Switch On/Off only (send Basic Set)</lang>
                    <lang xml:lang="ru">Только Включить/Выключить (Basic Set)</lang>
                  </description>
              </value>
            <value from="03" to="03">
                <description>
                    <lang xml:lang="de">&#039;Switch All&quot; Kommando</lang>
                    <lang xml:lang="en">Switch All</lang>
                    <lang xml:lang="ru">Включить всё/Выключить всё</lang>
                  </description>
              </value>
            <value from="04" to="04">
                <description>
                    <lang xml:lang="de">Szenenaktivierung</lang>
                    <lang xml:lang="en">Send Scenes</lang>
                    <lang xml:lang="ru">Отправка Сцен</lang>
                  </description>
              </value>
            <value from="05" to="05">
                <description>
                    <lang xml:lang="de">Vorkonfigurierte Szenen werden gesendet.</lang>
                    <lang xml:lang="en">Send Preconfigured Scenes</lang>
                    <lang xml:lang="ru">Отправка преднастроенных Сцен</lang>
                  </description>
              </value>
                </configParam>
        <configParam number="12" type="rangemapped" size="1" default="01">
            <name>
                <lang xml:lang="de">Aktion für Gruppe 2</lang>
                <lang xml:lang="en">Action on group 2</lang>
                <lang xml:lang="ru">Действия для группы 2</lang>
              </name>
                  <description>
                <lang xml:lang="de">Dieser Parameter definiert das Schaltkommando, das an Geräte in Assoziationsgruppe 2 gesendet wird.</lang>
                <lang xml:lang="en">In Switch On/Off only mode On command is sent on Dim Up, Off on Dim Down. In Scenes mode the scene ID sent is (10 * group + ActionID), where ActionID is: 1 = On, 2 = Off, 3 = Dim Up Start, 4 = Dim Down Start, 5 = Dim Up Stop, 6 = Dim Down Stop</lang>
                <lang xml:lang="ru">В режиме Только Включить/Выключить при диммировании Вверх отправляется команда Включить, Вниз - команда Выключить. В режиме Сцен номер сцены вычисляется так: (10 * группа + ActionID), где ActionID это: 1 - Вкл, 2 = Выкл, 3 = Начало диммирования Вверх, 4 = Начало диммирования Вниз, 5 = Окончание диммирования Вверх, 6 = Окончание диммирования Вниз. Пример:  в режиме &quot;В паре без двойных кликов&quot; при нажатии на кнопку 2 (группа 2) отправится команда 10 * 2 + 1(Вкл) = 21.</lang>
              </description>
      
                  <value from="00" to="00">
                <description>
                    <lang xml:lang="de">Deaktiviert</lang>
                    <lang xml:lang="en">Disabled</lang>
                    <lang xml:lang="ru">Отключено</lang>
                  </description>
              </value>
            <value from="01" to="01">
                <description>
                    <lang xml:lang="de">Schaltkommandos Ein und Aus mittels &#039;Basic&#039; und &#039;SwitchMultilevel&#039; Kommando</lang>
                    <lang xml:lang="en">Switch On/Off and Dim (send Basic Set and Switch Multilevel)</lang>
                    <lang xml:lang="ru">Включить/Выключить и Диммировать (Basic Set и Switch Multilevel)</lang>
                  </description>
              </value>
            <value from="02" to="02">
                <description>
                    <lang xml:lang="de">Schaltkommandos Ein und Aus mittels &#039;Basic&#039; Kommando</lang>
                    <lang xml:lang="en">Switch On/Off only (send Basic Set)</lang>
                    <lang xml:lang="ru">Только Включить/Выключить (Basic Set)</lang>
                  </description>
              </value>
            <value from="03" to="03">
                <description>
                    <lang xml:lang="de">&#039;Switch All&quot; Kommando</lang>
                    <lang xml:lang="en">Switch All</lang>
                    <lang xml:lang="ru">Включить всё/Выключить всё</lang>
                  </description>
              </value>
            <value from="04" to="04">
                <description>
                    <lang xml:lang="de">Szenenaktivierung</lang>
                    <lang xml:lang="en">Send Scenes</lang>
                    <lang xml:lang="ru">Отправка Сцен</lang>
                  </description>
              </value>
            <value from="05" to="05">
                <description>
                    <lang xml:lang="de">Vorkonfigurierte Szenen werden gesendet.</lang>
                    <lang xml:lang="en">Send Preconfigured Scenes</lang>
                    <lang xml:lang="ru">Отправка преднастроенных Сцен</lang>
                  </description>
              </value>
                </configParam>
        <configParam number="13" type="rangemapped" size="1" default="01">
            <name>
                <lang xml:lang="de">Aktion für Gruppe 3</lang>
                <lang xml:lang="en">Action on group 3</lang>
                <lang xml:lang="ru">Действия для группы 3</lang>
              </name>
                  <description>
                <lang xml:lang="de">Dieser Parameter definiert das Schaltkommando, das an Geräte in Assoziationsgruppe 3 gesendet wird.</lang>
                <lang xml:lang="en">In Switch On/Off only mode On command is sent on Dim Up, Off on Dim Down. In Scenes mode the scene ID sent is (10 * group + ActionID), where ActionID is: 1 = On, 2 = Off, 3 = Dim Up Start, 4 = Dim Down Start, 5 = Dim Up Stop, 6 = Dim Down Stop</lang>
                <lang xml:lang="ru">В режиме Только Включить/Выключить при диммировании Вверх отправляется команда Включить, Вниз - команда Выключить. В режиме Сцен номер сцены вычисляется так: (10 * группа + ActionID), где ActionID это: 1 - Вкл, 2 = Выкл, 3 = Начало диммирования Вверх, 4 = Начало диммирования Вниз, 5 = Окончание диммирования Вверх, 6 = Окончание диммирования Вниз. Пример:  в режиме &quot;В паре без двойных кликов&quot; при нажатии на кнопку 3 (группа 1) отправится команда 10 * 1 + 2(Выкл) = 12.</lang>
              </description>
      
                  <value from="00" to="00">
                <description>
                    <lang xml:lang="de">Deaktiviert</lang>
                    <lang xml:lang="en">Disabled</lang>
                    <lang xml:lang="ru">Отключено</lang>
                  </description>
              </value>
            <value from="01" to="01">
                <description>
                    <lang xml:lang="de">Schaltkommandos Ein und Aus mittels &#039;Basic&#039; und &#039;SwitchMultilevel&#039; Kommando</lang>
                    <lang xml:lang="en">Switch On/Off and Dim (send Basic Set and Switch Multilevel)</lang>
                    <lang xml:lang="ru">Включить/Выключить и Диммировать (Basic Set и Switch Multilevel)</lang>
                  </description>
              </value>
            <value from="02" to="02">
                <description>
                    <lang xml:lang="de">Schaltkommandos Ein und Aus mittels &#039;Basic&#039; Kommando</lang>
                    <lang xml:lang="en">Switch On/Off only (send Basic Set)</lang>
                    <lang xml:lang="ru">Только Включить/Выключить (Basic Set)</lang>
                  </description>
              </value>
            <value from="03" to="03">
                <description>
                    <lang xml:lang="de">&#039;Switch All&quot; Kommando</lang>
                    <lang xml:lang="en">Switch All</lang>
                    <lang xml:lang="ru">Включить всё/Выключить всё</lang>
                  </description>
              </value>
            <value from="04" to="04">
                <description>
                    <lang xml:lang="de">Szenenaktivierung</lang>
                    <lang xml:lang="en">Send Scenes</lang>
                    <lang xml:lang="ru">Отправка Сцен</lang>
                  </description>
              </value>
            <value from="05" to="05">
                <description>
                    <lang xml:lang="de">Vorkonfigurierte Szenen werden gesendet.</lang>
                    <lang xml:lang="en">Send Preconfigured Scenes</lang>
                    <lang xml:lang="ru">Отправка преднастроенных Сцен</lang>
                  </description>
              </value>
                </configParam>
        <configParam number="14" type="rangemapped" size="1" default="01">
            <name>
                <lang xml:lang="de">Aktion für Gruppe 4</lang>
                <lang xml:lang="en">Action on group 4</lang>
                <lang xml:lang="ru">Действия для группы 4</lang>
              </name>
                  <description>
                <lang xml:lang="de">Dieser Parameter definiert das Schaltkommando, das an Geräte in Assoziationsgruppe 4 gesendet wird.</lang>
                <lang xml:lang="en">In Switch On/Off only mode On command is sent on Dim Up, Off on Dim Down. In Scenes mode the scene ID sent is (10 * group + ActionID), where ActionID is: 1 = On, 2 = Off, 3 = Dim Up Start, 4 = Dim Down Start, 5 = Dim Up Stop, 6 = Dim Down Stop</lang>
                <lang xml:lang="ru">В режиме Только Включить/Выключить при диммировании Вверх отправляется команда Включить, Вниз - команда Выключить. В режиме Сцен номер сцены вычисляется так: (10 * группа + ActionID), где ActionID это: 1 - Вкл, 2 = Выкл, 3 = Начало диммирования Вверх, 4 = Начало диммирования Вниз, 5 = Окончание диммирования Вверх, 6 = Окончание диммирования Вниз. Пример:  в режиме &quot;В паре без двойных кликов&quot; при нажатии на кнопку 4 (группа 2) отправится команда 10 * 2 + 2(Выкл) = 22.</lang>
              </description>
      
                  <value from="00" to="00">
                <description>
                    <lang xml:lang="de">Deaktiviert</lang>
                    <lang xml:lang="en">Disabled</lang>
                    <lang xml:lang="ru">Отключено</lang>
                  </description>
              </value>
            <value from="01" to="01">
                <description>
                    <lang xml:lang="de">Schaltkommandos Ein und Aus mittels &#039;Basic&#039; und &#039;SwitchMultilevel&#039; Kommando</lang>
                    <lang xml:lang="en">Switch On/Off and Dim (send Basic Set and Switch Multilevel)</lang>
                    <lang xml:lang="ru">Включить/Выключить и Диммировать (Basic Set и Switch Multilevel)</lang>
                  </description>
              </value>
            <value from="02" to="02">
                <description>
                    <lang xml:lang="de">Schaltkommandos Ein und Aus mittels &#039;Basic&#039; Kommando</lang>
                    <lang xml:lang="en">Switch On/Off only (send Basic Set)</lang>
                    <lang xml:lang="ru">Только Включить/Выключить (Basic Set)</lang>
                  </description>
              </value>
            <value from="03" to="03">
                <description>
                    <lang xml:lang="de">&#039;Switch All&quot; Kommando</lang>
                    <lang xml:lang="en">Switch All</lang>
                    <lang xml:lang="ru">Включить всё/Выключить всё</lang>
                  </description>
              </value>
            <value from="04" to="04">
                <description>
                    <lang xml:lang="de">Szenenaktivierung</lang>
                    <lang xml:lang="en">Send Scenes</lang>
                    <lang xml:lang="ru">Отправка Сцен</lang>
                  </description>
              </value>
            <value from="05" to="05">
                <description>
                    <lang xml:lang="de">Vorkonfigurierte Szenen werden gesendet.</lang>
                    <lang xml:lang="en">Send Preconfigured Scenes</lang>
                    <lang xml:lang="ru">Отправка преднастроенных Сцен</lang>
                  </description>
              </value>
                </configParam>
        <configParam number="20" type="range" size="1" default="32">
            <name>
                <lang xml:lang="de">Typische Zeitüberschreitungseinstellungen</lang>
                <lang xml:lang="en">Typical click timeout</lang>
                <lang xml:lang="ru">Характерное время нажатия</lang>
              </name>
                  <description>
                <lang xml:lang="de">Diese Einstellungen werden dfür genutzt um zwischen einem einfachem Klick, einem gehaltenem Taste und einem Doppelklick unterscheiden zu können.</lang>
                <lang xml:lang="en">Typical time used to differenciate click, hold and double clicks</lang>
                <lang xml:lang="ru">Харакерное время для отличия нажатия, удержания и двойного нажатий</lang>
              </description>
      
                  <value from="0a" to="64" unit="ms">
                <description>
                    <lang xml:lang="de">in 10ms Schritten</lang>
                    <lang xml:lang="en">in 10ms units</lang>
                    <lang xml:lang="ru">в единицах 10мс</lang>
                  </description>
              </value>
                </configParam>
        <configParam number="21" type="rangemapped" size="1" default="01">
            <name>
                <lang xml:lang="de">Sende die folgenden &#039;Switch All&#039; Kommandos</lang>
                <lang xml:lang="en">Send the following Switch All commands</lang>
                <lang xml:lang="ru">Отправлять следующие команды включить/выключит всё</lang>
              </name>
                  <description>
                <lang xml:lang="de"></lang>
                <lang xml:lang="en"></lang>
                <lang xml:lang="ru"></lang>
              </description>
      
                  <value from="01" to="01">
                <description>
                    <lang xml:lang="de">Nur bei alle Ausschalten</lang>
                    <lang xml:lang="en">Switch off only</lang>
                    <lang xml:lang="ru">Только выключить всё</lang>
                  </description>
              </value>
            <value from="02" to="02">
                <description>
                    <lang xml:lang="de">Nur bei alle Einschalten</lang>
                    <lang xml:lang="en">Switch on only</lang>
                    <lang xml:lang="ru">Только включить всё</lang>
                  </description>
              </value>
            <value from="ff" to="ff">
                <description>
                    <lang xml:lang="de">Alle Einschalten und Ausschalten</lang>
                    <lang xml:lang="en">Switch all on and off</lang>
                    <lang xml:lang="ru">Включить и выключить всё</lang>
                  </description>
              </value>
                </configParam>
        <configParam number="22" type="rangemapped" size="1" default="00">
            <name>
                <lang xml:lang="de">Invertieren der Tastenbedeutung Hoch und Runter</lang>
                <lang xml:lang="en">Invert buttons</lang>
                <lang xml:lang="ru">Инвертировать кнопки</lang>
              </name>
                  <description>
                <lang xml:lang="de"></lang>
                <lang xml:lang="en"></lang>
                <lang xml:lang="ru"></lang>
              </description>
      
                  <value from="00" to="00">
                <description>
                    <lang xml:lang="de">Nein</lang>
                    <lang xml:lang="en">No</lang>
                    <lang xml:lang="ru">Нет</lang>
                  </description>
              </value>
            <value from="01" to="01">
                <description>
                    <lang xml:lang="de">Ja</lang>
                    <lang xml:lang="en">Yes</lang>
                    <lang xml:lang="ru">Да</lang>
                  </description>
              </value>
                </configParam>
        <configParam number="30" type="rangemapped" size="1" default="00">
            <name>
                <lang xml:lang="de">Sende beim Aufwecken unaufgefordert eine Batterie-Statusmeldung</lang>
                <lang xml:lang="en">Send unsolicited Battery Report on Wake Up</lang>
                <lang xml:lang="ru">Отправлять непрошенные отчёт заряда батареек Battery Report при пробуждении</lang>
              </name>
                  <description>
                <lang xml:lang="de"></lang>
                <lang xml:lang="en"></lang>
                <lang xml:lang="ru"></lang>
              </description>
      
                  <value from="00" to="00">
                <description>
                    <lang xml:lang="de">Nein</lang>
                    <lang xml:lang="en">No</lang>
                    <lang xml:lang="ru">Нет</lang>
                  </description>
              </value>
            <value from="01" to="01">
                <description>
                    <lang xml:lang="de">An das gleiche Gerät wie die Aufweck-Meldung</lang>
                    <lang xml:lang="en">To same node as wake up notification</lang>
                    <lang xml:lang="ru">Тому же узлу, что и оповещение от пробуждении</lang>
                  </description>
              </value>
            <value from="02" to="02">
                <description>
                    <lang xml:lang="de">Broadcast an alle Nachbarn</lang>
                    <lang xml:lang="en">Broadcast to neighbours</lang>
                    <lang xml:lang="ru">Широковещательная рассылка соседним узлам</lang>
                  </description>
              </value>
                </configParam>
        <configParam number="24" type="rangemapped" size="1" default="02">
            <name>
                <lang xml:lang="de">LED Bestätigungsmodus</lang>
                <lang xml:lang="en">LED confirmation mode</lang>
                <lang xml:lang="ru">Режим подтверждения светодиода</lang>
              </name>
                  <description>
                <lang xml:lang="de">Dieser Modus dient der Verlängerung der Batterielebensdauer.</lang>
                <lang xml:lang="en">This allows to save battery</lang>
                <lang xml:lang="ru">Позволяет экономить заряд батарейки</lang>
              </description>
      
                  <value from="00" to="00">
                <description>
                    <lang xml:lang="de">Deaktiviert</lang>
                    <lang xml:lang="en">No confirmations</lang>
                    <lang xml:lang="ru">Без подтверждения</lang>
                  </description>
              </value>
            <value from="01" to="01">
                <description>
                    <lang xml:lang="de">Bestätige Druck auf Taste</lang>
                    <lang xml:lang="en">Confirm button press</lang>
                    <lang xml:lang="ru">Подтвердить нажатие клавиши</lang>
                  </description>
              </value>
            <value from="02" to="02">
                <description>
                    <lang xml:lang="de">Bestätige Druck auf Taste und Funkkomunikation</lang>
                    <lang xml:lang="en">Confirm button press and delivery</lang>
                    <lang xml:lang="ru">Подтвердить нажатие клавиши и доставку</lang>
                  </description>
              </value>
                </configParam>
      </configParams>
  
    
  
    <resourceLinks>
     
    <deviceImage url="http://www.pepper1.net/zwavedb/uploads/resources/f90ca634dd41b191bad2b44a3625251688e1bbc5.jpg" />
      </resourceLinks>
    
  </ZWaveDevice>


