<?xml version="1.0" encoding="utf-8"?>
<ZWaveDevice xmlns="http://www.pepper1.net/zwavedb/xml-schemata/z-wave" schemaVersion="2">

  <descriptorVersion>1</descriptorVersion>

  <deviceData>
            <manufacturerId value="014f"/>
        <productType value="4744"/>
    <productId value="3032"/>
    <libType value="03"/>
    <protoVersion value="03"/>
    <protoSubVersion value="67"/>
    <appVersion value="00"/>
    <appSubVersion value="15"/>
        <basicClass value="04"/>
            <genericClass value="40"/>
            <specificClass value="00"/>
        <optional value="true"/>
    <listening value="true"/>
    <routing value="false"/>
        <beamSensor>0</beamSensor>
            <rfFrequency>US</rfFrequency>
                
      </deviceData>

  <deviceDescription>
                <description>
            <lang xml:lang="en">Z-Wave Secure Garage Door Opener Accessory (Motorized Barrier Command Class)</lang>
          </description>
            <wakeupNote>
            <lang xml:lang="en"></lang>
          </wakeupNote>
            <inclusionNote>
            <lang xml:lang="en">Press the link button on
the GD00Z-X.</lang>
          </inclusionNote>
            <productName>GD00Z-X</productName>
            <brandName>Linear</brandName>
            <productLine>Linear Home Security</productLine>
            <productCode>GD00Z-X</productCode>
            <productVersion>V1.1</productVersion>
                    </deviceDescription>

    <commandClasses>
        <commandClass id="0072"/>
        <commandClass id="0098"/>
        <commandClass id="005a"/>
        <commandClass id="0086" version="2" secure="true" nonSecure="false"/>
        <commandClass id="0066" secure="true" nonSecure="false"/>
        <commandClass id="0022" secure="true" nonSecure="false"/>
        <commandClass id="0071" version="4" secure="true" nonSecure="false"/>
        <commandClass id="0085" secure="true" nonSecure="false"/>
        <commandClass id="0020"/>
      </commandClasses>
  
    <assocGroups>
        <assocGroup number="1" maxNodes="1">
            <description>
                <lang xml:lang="en">The device sends notifications
to the controller.</lang>
              </description>
          </assocGroup>
      </assocGroups>
  
  
    
  
    <resourceLinks>
     
    <deviceImage url="http://www.pepper1.net/zwavedb/uploads/resources/e1948e100191cb6a8b8f99e4a6586c377f84c488.jpg" />
      </resourceLinks>
    
  </ZWaveDevice>


