<?xml version="1.0" encoding="utf-8"?>
<ZWaveDevice xmlns="http://www.pepper1.net/zwavedb/xml-schemata/z-wave" schemaVersion="2">

  <descriptorVersion>1</descriptorVersion>

  <deviceData>
            <manufacturerId value="0109"/>
        <productType value="2004"/>
    <productId value="04a4"/>
    <libType value="03"/>
    <protoVersion value="03"/>
    <protoSubVersion value="5f"/>
    <appVersion value="0e"/>
    <appSubVersion value="06"/>
        <basicClass value="04"/>
            <genericClass value="07"/>
            <specificClass value="01"/>
        <optional value="true"/>
    <listening value="false"/>
    <routing value="false"/>
        <beamSensor>0</beamSensor>
            <rfFrequency>US</rfFrequency>
                
      </deviceData>

  <deviceDescription>
                <description>
            <lang xml:lang="en">Smoke Detection</lang>
          </description>
            <wakeupNote>
            <lang xml:lang="en"></lang>
          </wakeupNote>
            <inclusionNote>
            <lang xml:lang="en">Press the program switch for 1 second at least to be included.</lang>
          </inclusionNote>
            <productName>Smoke Detector</productName>
            <brandName>Vision</brandName>
            <productLine>Home Security</productLine>
            <productCode>ZS6101US-5</productCode>
                <batteryType>CR17450E-R</batteryType>
            <batteryCount>1</batteryCount>
            </deviceDescription>

    <commandClasses>
        <commandClass id="005e" version="2"/>
        <commandClass id="0085" version="2"/>
        <commandClass id="0059"/>
        <commandClass id="0080"/>
        <commandClass id="005a"/>
        <commandClass id="007a" version="2"/>
        <commandClass id="0072" version="2"/>
        <commandClass id="0071" version="4"/>
        <commandClass id="0073"/>
        <commandClass id="0086" version="2"/>
        <commandClass id="0084" version="2"/>
        <commandClass id="0020"/>
      </commandClasses>
  
    <assocGroups>
        <assocGroup number="1" maxNodes="5">
            <description>
                <lang xml:lang="en">Lifeline</lang>
              </description>
          </assocGroup>
      </assocGroups>
  
  
    
  
    <resourceLinks>
     
    <deviceImage url="http://www.pepper1.net/zwavedb/uploads/resources/3b553f7e0472e075bea93f84bdeba2b77440283e.png" />
      </resourceLinks>
    
  </ZWaveDevice>


