<?xml version="1.0" encoding="utf-8"?>
<ZWaveDevice xmlns="http://www.pepper1.net/zwavedb/xml-schemata/z-wave" schemaVersion="2">

  <descriptorVersion>1</descriptorVersion>

  <deviceData>
            <manufacturerId value="0060"/>
        <productType value="0101"/>
    <productId value="0001"/>
    <libType value="06"/>
    <protoVersion value="02"/>
    <protoSubVersion value="09"/>
    <appVersion value="01"/>
    <appSubVersion value="00"/>
        <basicClass value="04"/>
            <genericClass value="20"/>
            <specificClass value="01"/>
        <optional value="true"/>
    <listening value="false"/>
    <routing value="true"/>
        <beamSensor>0</beamSensor>
                    
      </deviceData>

  <deviceDescription>
                <description>
            <lang xml:lang="de">Bewegungsmelder</lang>
            <lang xml:lang="en">Motion Detector</lang>
          </description>
            <wakeupNote>
            <lang xml:lang="de">Ist 10 min nach Includieren wach, danach Dreifachclick auf Einbruchschutzschalter</lang>
            <lang xml:lang="en">Stays awake for 10 min. after inclusion, click on tampering switch</lang>
          </wakeupNote>
            <inclusionNote>
            <lang xml:lang="de">Einbruchschutzschalter</lang>
            <lang xml:lang="en">Tampering switch</lang>
          </inclusionNote>
            <productName>SP103</productName>
            <brandName>Everspring</brandName>
                        <batteryType>AA</batteryType>
            <batteryCount>3</batteryCount>
            </deviceDescription>

    <commandClasses>
        <commandClass id="0020"/>
        <commandClass id="0080"/>
        <commandClass id="0084"/>
        <commandClass id="0085"/>
        <commandClass id="0086"/>
        <commandClass id="0030"/>
        <commandClass id="0070"/>
        <commandClass id="0072"/>
      </commandClasses>
  
    <assocGroups>
        <assocGroup number="1" maxNodes="5">
            <description>
                <lang xml:lang="de">Sensor löst aus</lang>
                <lang xml:lang="en">Triggered</lang>
              </description>
          </assocGroup>
      </assocGroups>
  
    <configParams>
        <configParam number="1" type="range" size="1" default="00">
            <name>
                <lang xml:lang="de">Phasenlage des Schaltkommandos</lang>
                <lang xml:lang="en">Phase Level for ON Command</lang>
              </name>
                  <description>
                <lang xml:lang="de">Definiert das Kommando, das beim Ausloesen des Sensors an ein assoziiertes Gerät gesendet wird</lang>
                <lang xml:lang="en">Defines which command to send when sensor triggers</lang>
              </description>
      
                  <value from="00" to="00">
                <description>
                    <lang xml:lang="de">Ausschalten</lang>
                    <lang xml:lang="en">Set Off</lang>
                  </description>
              </value>
            <value from="01" to="60">
                <description>
                    <lang xml:lang="de">Einschalten</lang>
                    <lang xml:lang="en">Set On</lang>
                  </description>
              </value>
            <value from="61" to="ef">
                <description>
                    <lang xml:lang="de">Einschalten auf den letzten Dimmerwert</lang>
                    <lang xml:lang="en">Set On to the last Dimmer phase</lang>
                  </description>
              </value>
                </configParam>
        <configParam number="2" type="range" size="1" default="01">
            <name>
                <lang xml:lang="de">Stay awake</lang>
                <lang xml:lang="en">Unterdrücke Schlaf-Funktion</lang>
              </name>
                  <description>
                <lang xml:lang="de">Für Testzwecke kann die Schlaf-Funktion deaktivert werden</lang>
                <lang xml:lang="en">Enables/Disables sleeping for debug purposes</lang>
              </description>
      
                  <value from="00" to="00">
                <description>
                    <lang xml:lang="de">Ausschalten</lang>
                    <lang xml:lang="en">Disabled</lang>
                  </description>
              </value>
            <value from="01" to="ff">
                <description>
                    <lang xml:lang="de">Einschalten</lang>
                    <lang xml:lang="en">Enabled</lang>
                  </description>
              </value>
                </configParam>
      </configParams>
  
    
  
    <resourceLinks>
     
    <deviceImage url="http://www.pepper1.net/zwavedb/uploads/resources/bead0dfe2907fb1c41613658ca76b8ae1f07f487.jpg" />
      </resourceLinks>
    
  </ZWaveDevice>


