<?xml version="1.0" encoding="utf-8"?>
<ZWaveDevice xmlns="http://www.pepper1.net/zwavedb/xml-schemata/z-wave" schemaVersion="2">

  <descriptorVersion>1</descriptorVersion>

  <deviceData>
            <manufacturerId value="5254"/>
        <productType value="8201"/>
    <productId value="8021"/>
    <libType value="03"/>
    <protoVersion value="03"/>
    <protoSubVersion value="67"/>
    <appVersion value="00"/>
    <appSubVersion value="21"/>
        <basicClass value="04"/>
            <genericClass value="11"/>
            <specificClass value="01"/>
        <optional value="true"/>
    <listening value="true"/>
    <routing value="false"/>
        <beamSensor>0</beamSensor>
            <rfFrequency>EU</rfFrequency>
                
      </deviceData>

  <deviceDescription>
                <description>
            <lang xml:lang="en">Z-Wave Dimming Switch Module</lang>
          </description>
            <wakeupNote>
            <lang xml:lang="en"></lang>
          </wakeupNote>
            <inclusionNote>
            <lang xml:lang="en">Triple click the PROG button within 1 second.</lang>
          </inclusionNote>
            <productName>ZDM-80SA </productName>
            <brandName>Remotec</brandName>
            <productLine>Z-Wave Home Automation</productLine>
            <productCode>BW8021SA</productCode>
            <productVersion>0.21</productVersion>
                    </deviceDescription>

    <commandClasses>
        <commandClass id="0020" controlled="true"/>
        <commandClass id="0027"/>
        <commandClass id="0026" version="2"/>
        <commandClass id="0070"/>
        <commandClass id="0085" version="2"/>
        <commandClass id="0072"/>
        <commandClass id="002b"/>
        <commandClass id="002c"/>
        <commandClass id="0073"/>
        <commandClass id="0086"/>
        <commandClass id="0025"/>
      </commandClasses>
  
    <assocGroups>
        <assocGroup number="2" maxNodes="4">
            <description>
                <lang xml:lang="en">.. Dimmer mode: ZDM-80 will send out related dimming level e.g. 50% by basic set
command to its association group automatically when ZDM-80 received the dimming
command by local switch or wireless command e.g. 50%.
.. Switch mode: ZDM-80 will send out related basic set command On (0xFF) or Off (0x00) to
its association group automatically when ZDM-80 received On (0xFF) or Off (0x00)
command by local switch or wireless command respectively.
(Max. 4 nodes ID can be assigned to this association group)</lang>
              </description>
          </assocGroup>
        <assocGroup number="1" maxNodes="1">
            <description>
                <lang xml:lang="en">Association group_1 is used to report status change such as AUTO report to gateway.</lang>
              </description>
          </assocGroup>
      </assocGroups>
  
    <configParams>
        <configParam number="1" type="constant" size="1" default="ff">
            <name>
                <lang xml:lang="en">All On/All Of</lang>
              </name>
                  <description>
                <lang xml:lang="en">Choose if All On/All Off mode should be activated or deactivated.</lang>
              </description>
      
                  <value from="00" to="00">
                <description>
                    <lang xml:lang="en">All On is not active,
All Off is not active</lang>
                  </description>
              </value>
            <value from="01" to="01">
                <description>
                    <lang xml:lang="en">All On is not active,
All Off active</lang>
                  </description>
              </value>
            <value from="02" to="02">
                <description>
                    <lang xml:lang="en">All On active,
All Off is not active</lang>
                  </description>
              </value>
            <value from="ff" to="ff">
                <description>
                    <lang xml:lang="en">All On active,
All Off active</lang>
                  </description>
              </value>
                </configParam>
        <configParam number="5" type="constant" size="1" default="01">
            <name>
                <lang xml:lang="en">Switch state after power failure</lang>
              </name>
                  <description>
                <lang xml:lang="en">Switch returns to the last position
saved before power failure.</lang>
              </description>
      
                  <value from="00" to="00">
                <description>
                    <lang xml:lang="en">Switch does not save
the state after power failure, it
returns to &quot;off&quot; position.</lang>
                  </description>
              </value>
            <value from="01" to="01">
                <description>
                    <lang xml:lang="en">Switch saves its state
before power failure.</lang>
                  </description>
              </value>
                </configParam>
        <configParam number="13" type="constant" size="1" default="01">
            <name>
                <lang xml:lang="en">Double click option</lang>
              </name>
                  <description>
                <lang xml:lang="en">Enable or disable double click function for maximum brightness level.</lang>
              </description>
      
                  <value from="00" to="00">
                <description>
                    <lang xml:lang="en">Double click function
disabled.</lang>
                  </description>
              </value>
            <value from="01" to="01">
                <description>
                    <lang xml:lang="en">Double click function
enabled.</lang>
                  </description>
              </value>
                </configParam>
        <configParam number="17" type="range" size="1" default="03">
            <name>
                <lang xml:lang="en">Dimming time frame</lang>
              </name>
                  <description>
                <lang xml:lang="en">Sets the time of moving the Dimmer from 0%
to max. dimming values. (The ZDM-80 will implement the
dimming duration if received this
parameter value from
controller/gateway. Otherwise, the
ZDM-80 will implement the local
parameter value)</lang>
              </description>
      
                  <value from="00" to="05" unit="sec">
                <description>
                    <lang xml:lang="en">Define time frame.</lang>
                  </description>
              </value>
                </configParam>
        <configParam number="18" type="range" size="1" default="63">
            <name>
                <lang xml:lang="en">Maximum Dimmer level control</lang>
              </name>
                  <description>
                <lang xml:lang="en">Define the upper dimming level. Higher percentages lead to higher brightness level.</lang>
              </description>
      
                  <value from="02" to="63" unit="%">
                <description>
                    <lang xml:lang="en">Define dimming level.</lang>
                  </description>
              </value>
                </configParam>
        <configParam number="19" type="range" size="1" default="0d">
            <name>
                <lang xml:lang="en">Minimum Dimmer level control</lang>
              </name>
                  <description>
                <lang xml:lang="en">Define the lower dimming level. Lower percentages lead to lower brightness level.</lang>
              </description>
      
                  <value from="01" to="62" unit="%">
                <description>
                    <lang xml:lang="en">Define dimming level.</lang>
                  </description>
              </value>
                </configParam>
      </configParams>
  
    
  
    <resourceLinks>
     
    <deviceImage url="http://www.pepper1.net/zwavedb/uploads/resources/671ee914a14f4c1c254143cafcb10d7bf79c318e.jpg" />
      </resourceLinks>
    
  </ZWaveDevice>


