<?xml version="1.0" encoding="utf-8"?>
<ZWaveDevice xmlns="http://www.pepper1.net/zwavedb/xml-schemata/z-wave" schemaVersion="2">

  <descriptorVersion>1</descriptorVersion>

  <deviceData>
            <manufacturerId value="0149"/>
        <productType value="0000"/>
    <productId value="0000"/>
    <libType value="03"/>
    <protoVersion value="03"/>
    <protoSubVersion value="67"/>
    <appVersion value="01"/>
    <appSubVersion value="07"/>
        <basicClass value="04"/>
            <genericClass value="11"/>
            <specificClass value="07"/>
        <optional value="true"/>
    <listening value="true"/>
    <routing value="true"/>
        <beamSensor>0</beamSensor>
            <rfFrequency>EU</rfFrequency>
                
      </deviceData>

  <deviceDescription>
                <description>
            <lang xml:lang="en">WiDom Universal Roller Shutter is a blind control designed for being installed behind a standard switch. WiDOM Universal Roller Shutter is an Motor Control with auto calibration and self recovering position capabilities.</lang>
          </description>
            <wakeupNote>
            <lang xml:lang="en"></lang>
          </wakeupNote>
            <inclusionNote>
            <lang xml:lang="en">Start normal Inclusion by pressing the (B) button once or three times or alternatively by pressing the external switch once.</lang>
          </inclusionNote>
            <productName>Universal Roller Shutter</productName>
            <brandName>WiDom</brandName>
            <productLine>Z-Wave</productLine>
            <productCode>UMS1.04</productCode>
            <productVersion>1.07</productVersion>
                    </deviceDescription>

    <commandClasses>
        <commandClass id="0026" version="3"/>
        <commandClass id="0025"/>
        <commandClass id="0027"/>
        <commandClass id="0086"/>
        <commandClass id="0072"/>
        <commandClass id="0070"/>
        <commandClass id="0077"/>
        <commandClass id="0085" version="2"/>
        <commandClass id="005a" controlled="true"/>
        <commandClass id="0020" controlled="true"/>
        <commandClass id="0071" version="3" controlled="true" inNIF="false"/>
      </commandClasses>
  
    <assocGroups>
        <assocGroup number="5" maxNodes="16">
            <description>
                <lang xml:lang="en">Group 5: devices that will be controlled by hold on the external switch</lang>
              </description>
          </assocGroup>
        <assocGroup number="4" maxNodes="16">
            <description>
                <lang xml:lang="en">Group 4: devices that will be controlled by a triple click on the external switch</lang>
              </description>
          </assocGroup>
        <assocGroup number="3" maxNodes="16">
            <description>
                <lang xml:lang="en">Group 3: devices that will be controlled by a double click on the external switch</lang>
              </description>
          </assocGroup>
        <assocGroup number="2" maxNodes="16">
            <description>
                <lang xml:lang="en">Group 2: devices that will be controlled by a single click on the external switch</lang>
              </description>
          </assocGroup>
        <assocGroup number="1" maxNodes="16">
            <description>
                <lang xml:lang="en">Group 1: devices that will be notified of changes in its status</lang>
              </description>
          </assocGroup>
      </assocGroups>
  
    <configParams>
        <configParam number="1" type="constant" size="1" default="01">
            <name>
                <lang xml:lang="en">Shutter control</lang>
              </name>
                  <description>
                <lang xml:lang="en">Enables\Disables the shutter&#039;s control trough the external Switch</lang>
              </description>
      
                  <value from="00" to="00">
                <description>
                    <lang xml:lang="en">Switch is disabled.</lang>
                  </description>
              </value>
            <value from="01" to="01">
                <description>
                    <lang xml:lang="en">Switch is enabled.</lang>
                  </description>
              </value>
                </configParam>
        <configParam number="2" type="range" size="1" default="64">
            <name>
                <lang xml:lang="en">Favourite level for position ON</lang>
              </name>
                  <description>
                <lang xml:lang="en">Define level. 100% = FULL ON</lang>
              </description>
      
                  <value from="32" to="64" unit="%">
                <description>
                    <lang xml:lang="en">From: 50 (50%) to 100 (100% - FULL ON)</lang>
                  </description>
              </value>
                </configParam>
        <configParam number="3" type="range" size="1" default="00">
            <name>
                <lang xml:lang="en">Favourite level for position OFF</lang>
              </name>
                  <description>
                <lang xml:lang="en">Define level. 0% = OFF</lang>
              </description>
      
                  <value from="00" to="31" unit="%">
                <description>
                    <lang xml:lang="en">From: 0 (OFF) to 49 (49%)</lang>
                  </description>
              </value>
                </configParam>
        <configParam number="5" type="constant" size="1" default="01">
            <name>
                <lang xml:lang="en">Action on the associated devices when the external switch receives 1 click</lang>
              </name>
                  <description>
                <lang xml:lang="en">Defines the actions to be carried out on the associated devices in terms of Basic Set.
1 – LIKE THE STATUS 
2 – IGNORE IF ON
3 – IGNORE IF OFF 
4 – IGNORE</lang>
              </description>
      
                  <value from="01" to="01">
                <description>
                    <lang xml:lang="en">Actions on the button ON = Basic Set ON_LEVEL
Actions on the button OFF = Basic Set OFF_LEVEL
</lang>
                  </description>
              </value>
            <value from="02" to="02">
                <description>
                    <lang xml:lang="en">Actions on the button ON = No action
Actions on the button OFF = Basic Set OFF_LEVEL</lang>
                  </description>
              </value>
            <value from="03" to="03">
                <description>
                    <lang xml:lang="en">Actions on the button ON = No action
Actions on the button OFF = Basic Set OFF_LEVEL</lang>
                  </description>
              </value>
            <value from="04" to="04">
                <description>
                    <lang xml:lang="en">Actions on the button ON, Actions on the button OFF = No action</lang>
                  </description>
              </value>
                </configParam>
        <configParam number="6" type="constant" size="1" default="01">
            <name>
                <lang xml:lang="en">Action on the associated devices when the external switch receives 2 clicks</lang>
              </name>
                  <description>
                <lang xml:lang="en">Defines the actions to be carried out on the associated devices in terms of Basic Set.
1 – LIKE THE STATUS 
2 – IGNORE IF ON
3 – IGNORE IF OFF 
4 – IGNORE</lang>
              </description>
      
                  <value from="01" to="01">
                <description>
                    <lang xml:lang="en">Actions on the button ON = Basic Set ON_LEVEL
Actions on the button OFF = Basic Set OFF_LEVEL
</lang>
                  </description>
              </value>
            <value from="02" to="02">
                <description>
                    <lang xml:lang="en">Actions on the button ON = No action
Actions on the button OFF = Basic Set OFF_LEVEL</lang>
                  </description>
              </value>
            <value from="03" to="03">
                <description>
                    <lang xml:lang="en">Actions on the button ON = No action
Actions on the button OFF = Basic Set OFF_LEVEL</lang>
                  </description>
              </value>
            <value from="04" to="04">
                <description>
                    <lang xml:lang="en">Actions on the button ON, Actions on the button OFF = No action</lang>
                  </description>
              </value>
                </configParam>
        <configParam number="7" type="constant" size="1" default="01">
            <name>
                <lang xml:lang="en">Action on the associated devices when the external switch receives 3 clicks</lang>
              </name>
                  <description>
                <lang xml:lang="en">Defines the actions to be carried out on the associated devices in terms of Basic Set.
1 – LIKE THE STATUS 
2 – IGNORE IF ON
3 – IGNORE IF OFF 
4 – IGNORE</lang>
              </description>
      
                  <value from="01" to="01">
                <description>
                    <lang xml:lang="en">Actions on the button ON = Basic Set ON_LEVEL
Actions on the button OFF = Basic Set OFF_LEVEL
</lang>
                  </description>
              </value>
            <value from="02" to="02">
                <description>
                    <lang xml:lang="en">Actions on the button ON = No action
Actions on the button OFF = Basic Set OFF_LEVEL</lang>
                  </description>
              </value>
            <value from="03" to="03">
                <description>
                    <lang xml:lang="en">Actions on the button ON = No action
Actions on the button OFF = Basic Set OFF_LEVEL</lang>
                  </description>
              </value>
            <value from="04" to="04">
                <description>
                    <lang xml:lang="en">Actions on the button ON, Actions on the button OFF = No action</lang>
                  </description>
              </value>
                </configParam>
        <configParam number="8" type="constant" size="1" default="01">
            <name>
                <lang xml:lang="en">Action on the associated devices when the external switch is hold</lang>
              </name>
                  <description>
                <lang xml:lang="en">Defines the actions to be carried out on the associated devices in terms of Basic Set.
1 – LIKE THE STATUS 
2 – IGNORE IF ON
3 – IGNORE IF OFF 
4 – IGNORE</lang>
              </description>
      
                  <value from="01" to="01">
                <description>
                    <lang xml:lang="en">Actions on the button ON = Basic Set ON_LEVEL
Actions on the button OFF = Basic Set OFF_LEVEL
</lang>
                  </description>
              </value>
            <value from="02" to="02">
                <description>
                    <lang xml:lang="en">Actions on the button ON = No action
Actions on the button OFF = Basic Set OFF_LEVEL</lang>
                  </description>
              </value>
            <value from="03" to="03">
                <description>
                    <lang xml:lang="en">Actions on the button ON = No action
Actions on the button OFF = Basic Set OFF_LEVEL</lang>
                  </description>
              </value>
            <value from="04" to="04">
                <description>
                    <lang xml:lang="en">Actions on the button ON, Actions on the button OFF = No action</lang>
                  </description>
              </value>
                </configParam>
        <configParam number="20" type="constant" size="1" default="01">
            <name>
                <lang xml:lang="en">Device status upon receipt of a Basic Set</lang>
              </name>
                  <description>
                <lang xml:lang="en">The device final status reached by the device when it receives a Basic Set command from the Z-Wave network.
1 – AS RECEIVED
2 – IGNORE IF ON
3 – IGNORE IF OFF
4 – IGNORE</lang>
              </description>
      
                  <value from="01" to="01">
                <description>
                    <lang xml:lang="en">IF Command received = ON, THEN  Final Status = ON.
IF Command received = OFF, THEN  Final Status = OFF.</lang>
                  </description>
              </value>
            <value from="02" to="02">
                <description>
                    <lang xml:lang="en">IF Command received = ON, THEN initial status is maintained.
IF Command received = OFF, THEN  Final Status = OFF.</lang>
                  </description>
              </value>
            <value from="03" to="03">
                <description>
                    <lang xml:lang="en">IF Command received = ON, THEN  Final Status = ON.
IF Command received = OFF, THEN  initial status is maintained.</lang>
                  </description>
              </value>
            <value from="04" to="04">
                <description>
                    <lang xml:lang="en">IF Command received = ON or OFF, THEN  initial status is maintained, or if the programmed switch-off timer is active, it is restarted.</lang>
                  </description>
              </value>
                </configParam>
        <configParam number="30" type="range" size="1" default="ff">
            <name>
                <lang xml:lang="en">ON_LEVEL value used for devices belonging to Group 2</lang>
              </name>
                  <description>
                <lang xml:lang="en">Defines the values associated to the ON_LEVEL and OFF_LEVEL parameters used in the Basic Set. commands.
Values apply to 1-click association group.
</lang>
              </description>
      
                  <value from="00" to="00">
                <description>
                    <lang xml:lang="en">ON_LEVEL parameter is switched OFF.</lang>
                  </description>
              </value>
            <value from="ff" to="ff">
                <description>
                    <lang xml:lang="en">ON_LEVEL parameter is switched ON.</lang>
                  </description>
              </value>
            <value from="01" to="63">
                <description>
                    <lang xml:lang="en">Define value for dimming purpose.</lang>
                  </description>
              </value>
                </configParam>
        <configParam number="31" type="range" size="1" default="00">
            <name>
                <lang xml:lang="en">OFF_LEVEL value used for devices belonging to Group 2</lang>
              </name>
                  <description>
                <lang xml:lang="en">Defines the values associated to the ON_LEVEL and OFF_LEVEL parameters used in the Basic Set. commands.
Values apply to 1-click association group.</lang>
              </description>
      
                  <value from="00" to="00">
                <description>
                    <lang xml:lang="en">OFF_LEVEL parameter is switched OFF.</lang>
                  </description>
              </value>
            <value from="ff" to="ff">
                <description>
                    <lang xml:lang="en">OFF_LEVEL parameter is switched ON.</lang>
                  </description>
              </value>
            <value from="01" to="63">
                <description>
                    <lang xml:lang="en">Define value for dimming purpose.</lang>
                  </description>
              </value>
                </configParam>
        <configParam number="32" type="range" size="1" default="ff">
            <name>
                <lang xml:lang="en">ON_LEVEL value used for devices belonging to Group 3</lang>
              </name>
                  <description>
                <lang xml:lang="en">Defines the values associated to the ON_LEVEL and OFF_LEVEL parameters used in the Basic Set. commands.
Values apply to 2-click association group.</lang>
              </description>
      
                  <value from="00" to="00">
                <description>
                    <lang xml:lang="en">ON_LEVEL parameter is switched OFF.</lang>
                  </description>
              </value>
            <value from="ff" to="ff">
                <description>
                    <lang xml:lang="en">ON_LEVEL parameter is switched ON.</lang>
                  </description>
              </value>
            <value from="01" to="63">
                <description>
                    <lang xml:lang="en">Define value for dimming purpose.</lang>
                  </description>
              </value>
                </configParam>
        <configParam number="33" type="range" size="1" default="00">
            <name>
                <lang xml:lang="en">OFF_LEVEL value used for devices belonging to Group 3</lang>
              </name>
                  <description>
                <lang xml:lang="en">Defines the values associated to the ON_LEVEL and OFF_LEVEL parameters used in the Basic Set. commands.
Values apply to 2-click association group.</lang>
              </description>
      
                  <value from="00" to="00">
                <description>
                    <lang xml:lang="en">OFF_LEVEL parameter is switched OFF.</lang>
                  </description>
              </value>
            <value from="ff" to="ff">
                <description>
                    <lang xml:lang="en">OFF_LEVEL parameter is switched ON.</lang>
                  </description>
              </value>
            <value from="01" to="63">
                <description>
                    <lang xml:lang="en">Define value for dimming purpose.</lang>
                  </description>
              </value>
                </configParam>
        <configParam number="34" type="range" size="1" default="ff">
            <name>
                <lang xml:lang="en">ON_LEVEL value used for devices belonging to Group 4</lang>
              </name>
                  <description>
                <lang xml:lang="en">Defines the values associated to the ON_LEVEL and OFF_LEVEL parameters used in the Basic Set. commands.
Values apply to 3-click association group.</lang>
              </description>
      
                  <value from="00" to="00">
                <description>
                    <lang xml:lang="en">ON_LEVEL parameter is switched OFF.</lang>
                  </description>
              </value>
            <value from="ff" to="ff">
                <description>
                    <lang xml:lang="en">ON_LEVEL parameter is switched ON.</lang>
                  </description>
              </value>
            <value from="01" to="63">
                <description>
                    <lang xml:lang="en">Define value for dimming purpose.</lang>
                  </description>
              </value>
                </configParam>
        <configParam number="35" type="range" size="1" default="00">
            <name>
                <lang xml:lang="en">OFF_LEVEL value used for devices belonging to Group 4</lang>
              </name>
                  <description>
                <lang xml:lang="en">Defines the values associated to the ON_LEVEL and OFF_LEVEL parameters used in the Basic Set. commands.
Values apply to 2-click association group.</lang>
              </description>
      
                  <value from="00" to="00">
                <description>
                    <lang xml:lang="en">OFF_LEVEL parameter is switched OFF.</lang>
                  </description>
              </value>
            <value from="ff" to="ff">
                <description>
                    <lang xml:lang="en">OFF_Level parameter is switched ON.</lang>
                  </description>
              </value>
            <value from="01" to="63">
                <description>
                    <lang xml:lang="en">Define value for dimming purpose.</lang>
                  </description>
              </value>
                </configParam>
        <configParam number="36" type="range" size="1" default="ff">
            <name>
                <lang xml:lang="en">ON_LEVEL value used for devices belonging to Group 5 </lang>
              </name>
                  <description>
                <lang xml:lang="en">Defines the values associated to the ON_LEVEL and OFF_LEVEL parameters used in the Basic Set. commands.
Values apply to Hold association group.</lang>
              </description>
      
                  <value from="00" to="00">
                <description>
                    <lang xml:lang="en">ON_LEVEL parameter is switched OFF.</lang>
                  </description>
              </value>
            <value from="ff" to="ff">
                <description>
                    <lang xml:lang="en">ON_LEVEL parameter is switched ON.</lang>
                  </description>
              </value>
            <value from="01" to="63">
                <description>
                    <lang xml:lang="en">Define value for dimming purpose.</lang>
                  </description>
              </value>
                </configParam>
        <configParam number="37" type="range" size="1" default="00">
            <name>
                <lang xml:lang="en">OFF_LEVEL value used for devices belonging to Group 5</lang>
              </name>
                  <description>
                <lang xml:lang="en">Defines the values associated to the ON_LEVEL and OFF_LEVEL parameters used in the Basic Set. commands.
Values apply to Hold association group.</lang>
              </description>
      
                  <value from="00" to="00">
                <description>
                    <lang xml:lang="en">OFF_LEVEL parameter is switched OFF.</lang>
                  </description>
              </value>
            <value from="ff" to="ff">
                <description>
                    <lang xml:lang="en">OFF_LEVEL parameter is switched ON.</lang>
                  </description>
              </value>
            <value from="01" to="63">
                <description>
                    <lang xml:lang="en">Define value for dimming purpose.</lang>
                  </description>
              </value>
                </configParam>
        <configParam number="50" type="constant" size="1" default="04">
            <name>
                <lang xml:lang="en">Smoke Alarm, CO, CO2 Action </lang>
              </name>
                  <description>
                <lang xml:lang="en">Defines how the device reacts when it receives one of the following types of alarms: smoke, CO and CO2.</lang>
              </description>
      
                  <value from="01" to="01">
                <description>
                    <lang xml:lang="en">The device status switches to ON.</lang>
                  </description>
              </value>
            <value from="02" to="02">
                <description>
                    <lang xml:lang="en">The device status switches to OFF.</lang>
                  </description>
              </value>
            <value from="04" to="04">
                <description>
                    <lang xml:lang="en">The alarm will be ignored.</lang>
                  </description>
              </value>
                </configParam>
        <configParam number="51" type="constant" size="1" default="04">
            <name>
                <lang xml:lang="en">Heat Alarm </lang>
              </name>
                  <description>
                <lang xml:lang="en">Defines how the device reacts when it receives a Heat Alarm.</lang>
              </description>
      
                  <value from="01" to="01">
                <description>
                    <lang xml:lang="en">The device status switches to ON.</lang>
                  </description>
              </value>
            <value from="02" to="02">
                <description>
                    <lang xml:lang="en">The device status switches to OFF.</lang>
                  </description>
              </value>
            <value from="04" to="04">
                <description>
                    <lang xml:lang="en">The alarm will be ignored.</lang>
                  </description>
              </value>
                </configParam>
        <configParam number="52" type="constant" size="1" default="04">
            <name>
                <lang xml:lang="en">Water Alarm</lang>
              </name>
                  <description>
                <lang xml:lang="en">Defines how the device reacts when it receives a Water Alarm.</lang>
              </description>
      
                  <value from="01" to="01">
                <description>
                    <lang xml:lang="en">The device status switches to ON.</lang>
                  </description>
              </value>
            <value from="02" to="02">
                <description>
                    <lang xml:lang="en">The device status switches to OFF.</lang>
                  </description>
              </value>
            <value from="04" to="04">
                <description>
                    <lang xml:lang="en">The alarm will be ignored.</lang>
                  </description>
              </value>
                </configParam>
        <configParam number="53" type="constant" size="1" default="04">
            <name>
                <lang xml:lang="en">Home Security</lang>
              </name>
                  <description>
                <lang xml:lang="en">Defines how the device reacts when it receives a Home Security Alarm.</lang>
              </description>
      
                  <value from="01" to="01">
                <description>
                    <lang xml:lang="en">The device status switches to ON.</lang>
                  </description>
              </value>
            <value from="02" to="02">
                <description>
                    <lang xml:lang="en">The device status switches to OFF.</lang>
                  </description>
              </value>
            <value from="04" to="04">
                <description>
                    <lang xml:lang="en">The alarm will be ignored.</lang>
                  </description>
              </value>
                </configParam>
        <configParam number="60" type="range" size="1" default="00">
            <name>
                <lang xml:lang="en">Calibration</lang>
              </name>
                  <description>
                <lang xml:lang="en">Starts the system&#039;s calibration by setting the parameter&#039;s value as final level. During the calibration phase the parameter’s value is set to 1 and it is restored to the default value at the end of the procedure.</lang>
              </description>
      
                  <value from="00" to="64" unit="%">
                <description>
                    <lang xml:lang="en">Set parameter value.</lang>
                  </description>
              </value>
                </configParam>
        <configParam number="61" type="constant" size="1" default="04">
            <name>
                <lang xml:lang="en">Configuration Reset </lang>
              </name>
                  <description>
                <lang xml:lang="en">Defines what are the parameters to be restored to default values.</lang>
              </description>
      
                  <value from="00" to="00">
                <description>
                    <lang xml:lang="en">FACTORY RESET: the original manufacturer configuration is restored within the device.</lang>
                  </description>
              </value>
            <value from="01" to="01">
                <description>
                    <lang xml:lang="en">ASSOCIATIONS RESET.
all and only the associations are reset</lang>
                  </description>
              </value>
            <value from="02" to="02">
                <description>
                    <lang xml:lang="en">CONFIGURATIONS RESET: the associations are maintained while all other configuration parameters are reset to the manufacturer&#039;s original settings, except for this specific configuration.</lang>
                  </description>
              </value>
            <value from="04" to="04">
                <description>
                    <lang xml:lang="en">IGNORE: 
no action is carried out.</lang>
                  </description>
              </value>
                </configParam>
        <configParam number="62" type="range" size="1" default="3c">
            <name>
                <lang xml:lang="en">Protection time</lang>
              </name>
                  <description>
                <lang xml:lang="en">Represents to maximum time allowed to complete a run (from completely open to completely closed). After that time the relay contacts are opened.
</lang>
              </description>
      
                  <value from="00" to="7f" unit="sec">
                <description>
                    <lang xml:lang="en">Define time value.</lang>
                  </description>
              </value>
                </configParam>
        <configParam number="63" type="constant" size="1" default="00">
            <name>
                <lang xml:lang="en">Inversion of commands UP\DOWN</lang>
              </name>
                  <description>
                <lang xml:lang="en">Inverts the outputs controlling the motor. Once the inversion is enabled, the receipt of an opening/closure command will make the motor move in the opposite direction compared to what happens when the parameter is set on 0.
WARNING: The inversion of commands starts the calibration procedure requiring the system to completely run twice, from being completely open to completely closed.
</lang>
              </description>
      
                  <value from="00" to="00">
                <description>
                    <lang xml:lang="en">Inversion disabled.</lang>
                  </description>
              </value>
            <value from="01" to="01">
                <description>
                    <lang xml:lang="en">Inversion enabled.</lang>
                  </description>
              </value>
                </configParam>
        <configParam number="65" type="constant" size="1" default="00">
            <name>
                <lang xml:lang="en">Learn Mode</lang>
              </name>
                  <description>
                <lang xml:lang="en">efines the sequence of clicks on the external switch to be associated with the Learning Mode status.
INFO: When Learning mode is associated to a click event any configuration related to the associated devices is ignored. The configuration is valid for a single event. After which the default value will be restored (0 – DISABLED).</lang>
              </description>
      
                  <value from="00" to="00">
                <description>
                    <lang xml:lang="en">Action of the Learning mode cannot be enabled through the external switch.</lang>
                  </description>
              </value>
            <value from="01" to="01">
                <description>
                    <lang xml:lang="en">Learning mode activated by 1 click on the external switch.</lang>
                  </description>
              </value>
            <value from="02" to="02">
                <description>
                    <lang xml:lang="en">Learning mode activated by 2 clicks on the external switch.</lang>
                  </description>
              </value>
            <value from="03" to="03">
                <description>
                    <lang xml:lang="en">Learning mode activated by 3 clicks on the external switch.</lang>
                  </description>
              </value>
                </configParam>
      </configParams>
  
    
  
    <resourceLinks>
     
    <deviceImage url="http://www.pepper1.net/zwavedb/uploads/resources/7eacf8a29a3aa092afdcdce142904bf9dabed5b4.jpg" />
      </resourceLinks>
    
  </ZWaveDevice>


