<?xml version="1.0" encoding="utf-8"?>
<ZWaveDevice xmlns="http://www.pepper1.net/zwavedb/xml-schemata/z-wave" schemaVersion="2">

  <descriptorVersion>1</descriptorVersion>

  <deviceData>
            <manufacturerId value="0086"/>
        <productType value="0004"/>
    <productId value="0050"/>
    <libType value="03"/>
    <protoVersion value="03"/>
    <protoSubVersion value="5c"/>
    <appVersion value="01"/>
    <appSubVersion value="17"/>
        <basicClass value="04"/>
            <genericClass value="10"/>
            <specificClass value="05"/>
        <optional value="true"/>
    <listening value="true"/>
    <routing value="true"/>
        <beamSensor>0</beamSensor>
            <rfFrequency>EU</rfFrequency>
                
      </deviceData>

  <deviceDescription>
                <description>
            <lang xml:lang="de">Ansteckbare Sirene</lang>
            <lang xml:lang="en">Outlet Plugable Siren</lang>
          </description>
            <wakeupNote>
            <lang xml:lang="de"></lang>
            <lang xml:lang="en"></lang>
          </wakeupNote>
            <inclusionNote>
            <lang xml:lang="de">Drücke Taste</lang>
            <lang xml:lang="en">Click Button</lang>
          </inclusionNote>
            <productName>DSD31</productName>
            <brandName>AEOTEC</brandName>
                    <productVersion>1.23</productVersion>
                    </deviceDescription>

    <commandClasses>
        <commandClass id="0025" secure="true"/>
        <commandClass id="002b" secure="true"/>
        <commandClass id="002c" secure="true"/>
        <commandClass id="0059" secure="true"/>
        <commandClass id="005e" version="2"/>
        <commandClass id="0070" secure="true"/>
        <commandClass id="0072" version="2" secure="true"/>
        <commandClass id="0073" secure="true"/>
        <commandClass id="007a" version="2" secure="true"/>
        <commandClass id="0085" version="2" secure="true"/>
        <commandClass id="0086" version="2" secure="true"/>
        <commandClass id="0098" secure="true"/>
        <commandClass id="005a" controlled="true" inNIF="false" secure="true"/>
        <commandClass id="0082" controlled="true"/>
      </commandClasses>
  
    <assocGroups>
        <assocGroup number="1" maxNodes="5">
            <description>
                <lang xml:lang="de">Lifeline</lang>
                <lang xml:lang="en">Lifeline</lang>
              </description>
          </assocGroup>
      </assocGroups>
  
    <configParams>
        <configParam number="37" type="bitset" size="2" default="0000">
            <name>
                <lang xml:lang="de">Sirenensound und Lautstärke</lang>
                <lang xml:lang="en">Sirensound and Volume</lang>
              </name>
                  <description>
                <lang xml:lang="de">Der Value1 (low byte) bestimmt den Sound der Sirene. Der Value2 (high byte) bestimmt dessen Lautstärke. Andere werte als die angegebenen werden ignoriert.</lang>
                <lang xml:lang="en">The Value1(low byte) is used to select the Siren sound. The Value2(high byte) is used to adjust the volume. Other values will be ignored.
Default Value: Value1 = 1, Value2 = 3.</lang>
              </description>
      
                  <value from="0000" to="0000">
                <description>
                    <lang xml:lang="de"></lang>
                    <lang xml:lang="en">do not change the current Siren sound</lang>
                  </description>
              </value>
            <value from="0001" to="0001">
                <description>
                    <lang xml:lang="de"></lang>
                    <lang xml:lang="en">Siren sound 1 is selected</lang>
                  </description>
              </value>
            <value from="0002" to="0002">
                <description>
                    <lang xml:lang="de"></lang>
                    <lang xml:lang="en">Siren sound 2 is selected</lang>
                  </description>
              </value>
            <value from="0003" to="0003">
                <description>
                    <lang xml:lang="de"></lang>
                    <lang xml:lang="en">Siren sound 3 is selected</lang>
                  </description>
              </value>
            <value from="0004" to="0004">
                <description>
                    <lang xml:lang="de"></lang>
                    <lang xml:lang="en">Siren sound 4 is selected</lang>
                  </description>
              </value>
            <value from="0005" to="0005">
                <description>
                    <lang xml:lang="de"></lang>
                    <lang xml:lang="en">Siren sound 5 is selected</lang>
                  </description>
              </value>
            <value from="0006" to="0006" reserved="true">
                <description>
                    <lang xml:lang="de"></lang>
                    <lang xml:lang="en"></lang>
                  </description>
              </value>
            <value from="0007" to="0007" reserved="true">
                <description>
                    <lang xml:lang="de"></lang>
                    <lang xml:lang="en"></lang>
                  </description>
              </value>
            <value from="0008" to="0008">
                <description>
                    <lang xml:lang="de"></lang>
                    <lang xml:lang="en">do not change the current volume</lang>
                  </description>
              </value>
            <value from="0009" to="0009">
                <description>
                    <lang xml:lang="de"></lang>
                    <lang xml:lang="en">set the volume to 88 dB</lang>
                  </description>
              </value>
            <value from="000a" to="000a">
                <description>
                    <lang xml:lang="de"></lang>
                    <lang xml:lang="en">set the volume to 100 dB</lang>
                  </description>
              </value>
            <value from="000b" to="000b">
                <description>
                    <lang xml:lang="de"></lang>
                    <lang xml:lang="en">set the volume to 105 dB</lang>
                  </description>
              </value>
            <value from="000c" to="000c" reserved="true">
                <description>
                    <lang xml:lang="de"></lang>
                    <lang xml:lang="en"></lang>
                  </description>
              </value>
            <value from="000d" to="000d" reserved="true">
                <description>
                    <lang xml:lang="de"></lang>
                    <lang xml:lang="en"></lang>
                  </description>
              </value>
            <value from="000e" to="000e" reserved="true">
                <description>
                    <lang xml:lang="de"></lang>
                    <lang xml:lang="en"></lang>
                  </description>
              </value>
            <value from="000f" to="000f" reserved="true">
                <description>
                    <lang xml:lang="de"></lang>
                    <lang xml:lang="en"></lang>
                  </description>
              </value>
                </configParam>
        <configParam number="80" type="constant" size="1" default="00">
            <name>
                <lang xml:lang="de">Senden von Benachrichtigung</lang>
                <lang xml:lang="en">Send Notifications</lang>
              </name>
                  <description>
                <lang xml:lang="de">Sendet eine Benachrichtung an das assoziierte Gerät wenn der Zustand der Siren sich ändert.

</lang>
                <lang xml:lang="en">Enable to send notifications to associated devices when the state of Siren changed.
</lang>
              </description>
      
                  <value from="00" to="00">
                <description>
                    <lang xml:lang="de">nichts</lang>
                    <lang xml:lang="en">nothing</lang>
                  </description>
              </value>
            <value from="01" to="01">
                <description>
                    <lang xml:lang="de">hail CC</lang>
                    <lang xml:lang="en">hail CC</lang>
                  </description>
              </value>
            <value from="02" to="02">
                <description>
                    <lang xml:lang="de">basis CC Report</lang>
                    <lang xml:lang="en">basis CC Report</lang>
                  </description>
              </value>
                </configParam>
        <configParam number="200" type="constant" size="1" default="00">
            <name>
                <lang xml:lang="de">Partner ID</lang>
                <lang xml:lang="en">Partner ID</lang>
              </name>
                  <description>
                <lang xml:lang="de"></lang>
                <lang xml:lang="en"></lang>
              </description>
      
                  <value from="00" to="00">
                <description>
                    <lang xml:lang="de">AEON Labs Standart Produkt</lang>
                    <lang xml:lang="en">AEON Labs Standard Product</lang>
                  </description>
              </value>
                </configParam>
        <configParam number="252" type="constant" size="1" default="00">
            <name>
                <lang xml:lang="de">Aktivieren/Deaktiveren &quot;Lock&quot; - Konfiguration</lang>
                <lang xml:lang="en">Enable/Disable &quot;Lock&quot; - Configuration</lang>
              </name>
                  <description>
                <lang xml:lang="de"></lang>
                <lang xml:lang="en"></lang>
              </description>
      
                  <value from="00" to="00">
                <description>
                    <lang xml:lang="de">deaktivieren</lang>
                    <lang xml:lang="en">disable</lang>
                  </description>
              </value>
            <value from="01" to="01">
                <description>
                    <lang xml:lang="de">aktivieren</lang>
                    <lang xml:lang="en">enable</lang>
                  </description>
              </value>
                </configParam>
        <configParam number="255" type="constant" size="4" default="00000001">
            <name>
                <lang xml:lang="de">Zurücksetzen auf Werkszustand</lang>
                <lang xml:lang="en">Factoryreset</lang>
              </name>
                  <description>
                <lang xml:lang="de">Setzt das Gerät auf Werkszustand zurück und entfernt es aus dem Z-Wave Netzwerk</lang>
                <lang xml:lang="en">Reset to factory default setting and removed from z-wave network.</lang>
              </description>
      
                  <value from="00000001" to="00000001">
                <description>
                    <lang xml:lang="de"></lang>
                    <lang xml:lang="en">Resets all configuration parameters to default setting.</lang>
                  </description>
              </value>
            <value from="55555555" to="55555555">
                <description>
                    <lang xml:lang="de"></lang>
                    <lang xml:lang="en">Reset the product to default factory setting and be excluded from the Z-wave network.</lang>
                  </description>
              </value>
                </configParam>
      </configParams>
  
    
  
    <resourceLinks>
     
    <deviceImage url="http://www.pepper1.net/zwavedb/uploads/resources/64e24a7e64a8543f9af1eeabc77aff136145e5bc.png" />
      </resourceLinks>
    
  </ZWaveDevice>


