<?xml version="1.0" encoding="utf-8"?>
<ZWaveDevice xmlns="http://www.pepper1.net/zwavedb/xml-schemata/z-wave" schemaVersion="2">

  <descriptorVersion>1</descriptorVersion>

  <deviceData>
            <manufacturerId value="0115"/>
        <productType value="1000"/>
    <productId value="1001"/>
    <libType value="03"/>
    <protoVersion value="03"/>
    <protoSubVersion value="63"/>
    <appVersion value="02"/>
    <appSubVersion value="00"/>
        <basicClass value="04"/>
            <genericClass value="10"/>
            <specificClass value="01"/>
        <optional value="true"/>
    <listening value="true"/>
    <routing value="true"/>
        <beamSensor>0</beamSensor>
                    
      </deviceData>

  <deviceDescription>
                <description>
            <lang xml:lang="de">Sicherer Schalter</lang>
            <lang xml:lang="en">Secure flush mountable switch</lang>
            <lang xml:lang="ru">Встраиваемое реле с поддержкой шифрования</lang>
          </description>
            <wakeupNote>
            <lang xml:lang="de"></lang>
            <lang xml:lang="en"></lang>
            <lang xml:lang="ru"></lang>
          </wakeupNote>
            <inclusionNote>
            <lang xml:lang="de">Dreifach auf Schaltfläche</lang>
            <lang xml:lang="en">Button triple press</lang>
            <lang xml:lang="ru">Тройное нажатие на одну из кнопок</lang>
          </inclusionNote>
            <productName>Switch Insert S500</productName>
            <brandName>Z-Wave.Me</brandName>
                <productCode>05431</productCode>
            <productVersion>2.0</productVersion>
                    </deviceDescription>

    <commandClasses>
        <commandClass id="0020" controlled="true"/>
        <commandClass id="0025"/>
        <commandClass id="0027" controlled="true"/>
        <commandClass id="002d"/>
        <commandClass id="0032" version="4"/>
        <commandClass id="0059"/>
        <commandClass id="005a"/>
        <commandClass id="005b" controlled="true"/>
        <commandClass id="005e" version="2"/>
        <commandClass id="0070"/>
        <commandClass id="0072"/>
        <commandClass id="0073"/>
        <commandClass id="0075"/>
        <commandClass id="007a" version="2"/>
        <commandClass id="0085" version="2"/>
        <commandClass id="0086" version="2"/>
        <commandClass id="008e" version="2"/>
        <commandClass id="0026" controlled="true"/>
        <commandClass id="002b" controlled="true"/>
        <commandClass id="0060" controlled="true"/>
      </commandClasses>
  
    <assocGroups>
        <assocGroup number="1" maxNodes="5">
            <description>
                <lang xml:lang="de">Reports über alle Änderungen des Schaltzustandes</lang>
                <lang xml:lang="en">LifeLine. Send Reports on switch state change</lang>
                <lang xml:lang="ru">Отправлять отчёты контроллеру при изменении состояния выключателя</lang>
              </description>
          </assocGroup>
        <assocGroup number="2" maxNodes="5">
            <description>
                <lang xml:lang="de">Einfacher Tastendruck</lang>
                <lang xml:lang="en">Single press and hold of up/down buttons</lang>
                <lang xml:lang="ru">Одиночное нажатие или удержание клавиш вверх/вниз</lang>
              </description>
          </assocGroup>
        <assocGroup number="3" maxNodes="5">
            <description>
                <lang xml:lang="de">Doppelter Tastendruck</lang>
                <lang xml:lang="en">Double press and press-hold of up/down buttons</lang>
                <lang xml:lang="ru">Двойное нажатие или нажатие-удержание клавиш вверх/вниз</lang>
              </description>
          </assocGroup>
      </assocGroups>
  
    <configParams>
        <configParam number="1" type="rangemapped" size="1" default="01">
            <name>
                <lang xml:lang="de">LED Modus</lang>
                <lang xml:lang="en">LED mode</lang>
                <lang xml:lang="ru">Режим световой индикации</lang>
              </name>
                  <description>
                <lang xml:lang="de">Bestimmt das Verhalten der LED am Gerät</lang>
                <lang xml:lang="en">Set LED indication mode</lang>
                <lang xml:lang="ru">Режим работы светодиода</lang>
              </description>
      
                  <value from="00" to="00">
                <description>
                    <lang xml:lang="de">Deaktiviert</lang>
                    <lang xml:lang="en">Disabled</lang>
                    <lang xml:lang="ru">Отключен</lang>
                  </description>
              </value>
            <value from="01" to="01">
                <description>
                    <lang xml:lang="de">Zeigt Schaltzustand</lang>
                    <lang xml:lang="en">Show switch state</lang>
                    <lang xml:lang="ru">Индикация состояния реле</lang>
                  </description>
              </value>
            <value from="02" to="02">
                <description>
                    <lang xml:lang="de">Nachlicht (invertierter Schaltzustand)</lang>
                    <lang xml:lang="en">Night mode (inverted switch state)</lang>
                    <lang xml:lang="ru">Ночной режим (противоположно состоянию реле)</lang>
                  </description>
              </value>
                </configParam>
        <configParam number="2" type="range" size="2" default="0000">
            <name>
                <lang xml:lang="de">Automatisches Auschalten nach</lang>
                <lang xml:lang="en">Automatically switch after</lang>
                <lang xml:lang="ru">Авто отключение через</lang>
              </name>
                  <description>
                <lang xml:lang="de">Wenn nicht 0, dann schaltet das Gerät nach Sekunden automatisch wieder ab</lang>
                <lang xml:lang="en">If not zero, automatically switch off after a user defined time</lang>
                <lang xml:lang="ru">Если не 0, автоматически отключает реле после определённого пользователем времени</lang>
              </description>
      
                  <value from="0000" to="0000">
                <description>
                    <lang xml:lang="de">Deaktiviert</lang>
                    <lang xml:lang="en">Disabled</lang>
                    <lang xml:lang="ru">Отключено</lang>
                  </description>
              </value>
            <value from="0001" to="ffff">
                <description>
                    <lang xml:lang="de">Sekunden</lang>
                    <lang xml:lang="en">sec</lang>
                    <lang xml:lang="ru">секунд</lang>
                  </description>
              </value>
                </configParam>
        <configParam number="3" type="rangemapped" size="1" default="00">
            <name>
                <lang xml:lang="de">Reaktion auf Funkkommando AUS</lang>
                <lang xml:lang="en">What to do on RF off command</lang>
                <lang xml:lang="ru">Действие при получении радиокоманды выключения</lang>
              </name>
                  <description>
                <lang xml:lang="de">Definiert, wie das Funkkommando AUS interpretiert werden soll.</lang>
                <lang xml:lang="en">Defines how to interpret RF Off command. Can be used in conjunction with Auto Off function: Ignore - to switch on the light by motion detectors and switch it off after some amount of time: in case of multiple motion detectors each would try to switch the light off that would break logics; Switch on - to switch on the light on both On and Off paddle press on the remote and switch it off after some amount of time. Button off click will still work (if button operations are not disabled).</lang>
                <lang xml:lang="ru">Определяет поведение при получении радио команды выключения. Может использоваться совместно с функцией авто отключения: Игнорирование - для включения света по датчику движения и отключения по прошествии определённого времени: в случае использования нескольких датчиков движения каждый будет пытаться выключить свет сам, что приведёт к неправильной логике работы; Включить нагрузку - для включения света при нажатии на кнопки Вкл и Выкл на пульте управления и отключения по прошествии определённого времени. Выключение по кнопке будет продолжать работать (если не отключено).</lang>
              </description>
      
                  <value from="00" to="00">
                <description>
                    <lang xml:lang="de">Ausschalten</lang>
                    <lang xml:lang="en">Switch off</lang>
                    <lang xml:lang="ru">Выключить нагрузку</lang>
                  </description>
              </value>
            <value from="01" to="01">
                <description>
                    <lang xml:lang="de">Ignorieren</lang>
                    <lang xml:lang="en">Ignore</lang>
                    <lang xml:lang="ru">Игнорировать</lang>
                  </description>
              </value>
            <value from="02" to="02">
                <description>
                    <lang xml:lang="de">Anschalten</lang>
                    <lang xml:lang="en">Switch on</lang>
                    <lang xml:lang="ru">Включить нагрузку</lang>
                  </description>
              </value>
            <value from="03" to="03">
                <description>
                    <lang xml:lang="de">Schalte ein, wenn vorher ausgeschaltet und umgekehrt.</lang>
                    <lang xml:lang="en">Switch on if load is off else switch off</lang>
                    <lang xml:lang="ru">Включить, если нагрузка выключена, иначе выключить</lang>
                  </description>
              </value>
                </configParam>
        <configParam number="4" type="rangemapped" size="1" default="01">
            <name>
                <lang xml:lang="de">Schalten bei Dimm-Kommandos</lang>
                <lang xml:lang="en">Switch on/off by holding buttons</lang>
                <lang xml:lang="ru">Включить/выключить при удержании клавиш</lang>
              </name>
                  <description>
                <lang xml:lang="de"></lang>
                <lang xml:lang="en">Defines if the switch should change it state to on/off if buttons are being hold.</lang>
                <lang xml:lang="ru">Определяет будет ли устройство включаться/выключаться при удержании кнопок</lang>
              </description>
      
                  <value from="00" to="00">
                <description>
                    <lang xml:lang="de">Nein</lang>
                    <lang xml:lang="en">No</lang>
                    <lang xml:lang="ru">Нет</lang>
                  </description>
              </value>
            <value from="01" to="01">
                <description>
                    <lang xml:lang="de">Ja</lang>
                    <lang xml:lang="en">Yes</lang>
                    <lang xml:lang="ru">Да</lang>
                  </description>
              </value>
                </configParam>
        <configParam number="5" type="rangemapped" size="1" default="01">
            <name>
                <lang xml:lang="de">Automatische Rückkehr zu letztem Schaltzustand nach Stromausfall</lang>
                <lang xml:lang="en">Restore switch state after power cycle</lang>
                <lang xml:lang="ru">Восстанавливать состояние реле после отключения питания</lang>
              </name>
                  <description>
                <lang xml:lang="de">Definiert das Verhalten des Gerätes nach Stromausfall</lang>
                <lang xml:lang="en">Defines if the switch should restore switch state to the last state prior to device power off (power cycle).</lang>
                <lang xml:lang="ru">Определяет восстанавливать ли состояние реле на то, которое было до отключения питания устройства.</lang>
              </description>
      
                  <value from="00" to="00">
                <description>
                    <lang xml:lang="de">Nein, ausschalten</lang>
                    <lang xml:lang="en">No, turn off</lang>
                    <lang xml:lang="ru">Нет, выключится</lang>
                  </description>
              </value>
            <value from="01" to="01">
                <description>
                    <lang xml:lang="de">Ja</lang>
                    <lang xml:lang="en">Yes</lang>
                    <lang xml:lang="ru">Да</lang>
                  </description>
              </value>
                </configParam>
        <configParam number="11" type="rangemapped" size="1" default="00">
            <name>
                <lang xml:lang="de">Invertiere Tasten</lang>
                <lang xml:lang="en">Invert buttons</lang>
                <lang xml:lang="ru">Инвертировать кнопки</lang>
              </name>
                  <description>
                <lang xml:lang="de">ermöglicht das Vertauschen von EIN und AUS</lang>
                <lang xml:lang="en"></lang>
                <lang xml:lang="ru"></lang>
              </description>
      
                  <value from="00" to="00">
                <description>
                    <lang xml:lang="de">Nein</lang>
                    <lang xml:lang="en">No</lang>
                    <lang xml:lang="ru">Нет</lang>
                  </description>
              </value>
            <value from="01" to="01">
                <description>
                    <lang xml:lang="de">Ja</lang>
                    <lang xml:lang="en">Yes</lang>
                    <lang xml:lang="ru">Да</lang>
                  </description>
              </value>
                </configParam>
        <configParam number="12" type="rangemapped" size="1" default="01">
            <name>
                <lang xml:lang="de">Schalten durch Schaltwippe</lang>
                <lang xml:lang="en">Switch by buttons</lang>
                <lang xml:lang="ru">Включить/выключить нагрузку кнопками</lang>
              </name>
                  <description>
                <lang xml:lang="de">Definiert, ob die Schaltwippe den Aktor selbst schalten oder eine andere Aktion im Funknetz steuern sollen</lang>
                <lang xml:lang="en">If disabled, the local operations by buttons will not switch relay, but only send commands to On/Off association group. In this mode buttons are not linked with the switch anymore. They can be used separately: buttons to control remote device, switch will operate by RF commands only.</lang>
                <lang xml:lang="ru">Если отключено, нажатия на кнопки не включит реле, а только отправит команду группе ассоциаций Включить/Выключить. В данном режиме кнопки не связаны с реле. Они могут быть использованы отдельно: кнопки для управления удалённой нагрузкой, реле будет управляться только по радио.</lang>
              </description>
      
                  <value from="00" to="00">
                <description>
                    <lang xml:lang="de">Nein</lang>
                    <lang xml:lang="en">No</lang>
                    <lang xml:lang="ru">Отключено</lang>
                  </description>
              </value>
            <value from="01" to="01">
                <description>
                    <lang xml:lang="de">Einfach-Klick und Halten</lang>
                    <lang xml:lang="en">By single press and hold</lang>
                    <lang xml:lang="ru">Одинарным нажатием и удержанием</lang>
                  </description>
              </value>
            <value from="02" to="02">
                <description>
                    <lang xml:lang="de">Doppel-Klick und Halten</lang>
                    <lang xml:lang="en">By double press and press-hold</lang>
                    <lang xml:lang="ru">Двойным нажатием и нажатием-удержанием</lang>
                  </description>
              </value>
                </configParam>
        <configParam number="13" type="rangemapped" size="1" default="02">
            <name>
                <lang xml:lang="de">Aktion bei Einfachdruck und Halten der Schaltwippe</lang>
                <lang xml:lang="en">Action on button single press or hold</lang>
                <lang xml:lang="ru">Действия при одинарном нажатии или удержании клавиши</lang>
              </name>
                  <description>
                <lang xml:lang="de">Definiert das Verhalten des Schaltaktore bei einfachem Tastenklick mit anschließendem Gedrückthalten der Wippe</lang>
                <lang xml:lang="en">Defines which command should be sent on button single press or hold. Basic and Scene Activation commands are sent to Association group. Use Scene Controller Conf to set up Scene ID for Scene Activation. Switch All commands are sent broadcast.</lang>
                <lang xml:lang="ru">Определяет вид команд, которые отправляются при одинарном нажатии или удержании кнопок. Команды Basic и Активация сцен отправляются группе ассоциаций. Используйте Scene Controller Conf для задания номера сцены для Scene Activation. Команда Включить/Выключить всё отправляется на широковещательный адрес (всем).</lang>
              </description>
      
                  <value from="00" to="00">
                <description>
                    <lang xml:lang="de">Deaktiviert</lang>
                    <lang xml:lang="en">Disabled</lang>
                    <lang xml:lang="fr">désactivé</lang>
                    <lang xml:lang="ru">Отключено</lang>
                  </description>
              </value>
            <value from="01" to="01">
                <description>
                    <lang xml:lang="de">Schaltkommandos Ein und Aus mittels &#039;Basic&#039; und &#039;SwitchMultilevel&#039; Kommando</lang>
                    <lang xml:lang="en">Switch On/Off and Dim (send Basic Set and Switch Multilevel)</lang>
                    <lang xml:lang="fr">Commandos manoeuvres Marche et Arret (par commando Basic Set et Multilevel)</lang>
                    <lang xml:lang="ru">Включить/Выключить и Диммировать (отправить Basic Set и Switch Multilevel)</lang>
                  </description>
              </value>
            <value from="02" to="02">
                <description>
                    <lang xml:lang="de">Schaltkommandos Ein und Aus mittels &#039;Basic&#039; Kommando</lang>
                    <lang xml:lang="en">Switch On/Off only (send Basic Set)</lang>
                    <lang xml:lang="fr">Commandos manoeuvres Marche et Arret (par commando Basic Set)</lang>
                    <lang xml:lang="ru">Только Включить/Выключить (отправить Basic Set)</lang>
                  </description>
              </value>
            <value from="03" to="03">
                <description>
                    <lang xml:lang="de">&#039;Switch All&quot; Kommando</lang>
                    <lang xml:lang="en">Switch All</lang>
                    <lang xml:lang="fr">accoupler tous</lang>
                    <lang xml:lang="ru">Включить всё/Выключить всё</lang>
                  </description>
              </value>
            <value from="04" to="04">
                <description>
                    <lang xml:lang="de">Szenenaktivierung</lang>
                    <lang xml:lang="en">Send Scenes</lang>
                    <lang xml:lang="fr">activation de la scène</lang>
                    <lang xml:lang="ru">Отправить Сцены</lang>
                  </description>
              </value>
            <value from="05" to="05">
                <description>
                    <lang xml:lang="de">Vorkonfigurierte Szenen werden gesendet.</lang>
                    <lang xml:lang="en">Send Preconfigured Scenes</lang>
                    <lang xml:lang="fr">scènes préconfigurées sont envoyées</lang>
                    <lang xml:lang="ru">Отправить преднастроенные Сцены</lang>
                  </description>
              </value>
            <value from="06" to="06">
                <description>
                    <lang xml:lang="de"> Alle Geräte in der Nähe werden durch den Schlüsselanhänger gesteuert.</lang>
                    <lang xml:lang="en">Control devices in proximity</lang>
                    <lang xml:lang="fr">tous les appareils au voisinage sont contrôlés par la porte-clé</lang>
                    <lang xml:lang="ru">Управлять ближайшими устройствами</lang>
                  </description>
              </value>
            <value from="07" to="07">
                <description>
                    <lang xml:lang="de">Steuert Türschloss</lang>
                    <lang xml:lang="en">Control DoorLock</lang>
                    <lang xml:lang="fr">controler une serrure</lang>
                    <lang xml:lang="ru">Управлять замком</lang>
                  </description>
              </value>
            <value from="08" to="08">
                <description>
                    <lang xml:lang="de">Zentrale Szene im Gateway</lang>
                    <lang xml:lang="en">Central Scene to Gateway</lang>
                    <lang xml:lang="fr">enoyer des scenes globales  a routeur</lang>
                    <lang xml:lang="ru">Отправить глобальные сцены контроллеру</lang>
                  </description>
              </value>
                </configParam>
        <configParam number="14" type="rangemapped" size="1" default="02">
            <name>
                <lang xml:lang="de">Aktion bei Doppel-Klick</lang>
                <lang xml:lang="en">Action on button double press or hold</lang>
                <lang xml:lang="ru">Действия при двойном нажатии или удержании клавиши</lang>
              </name>
                  <description>
                <lang xml:lang="de">Definiert das Verhalten des Gerätes bei Doppel-Klick auf die Schaltwippe</lang>
                <lang xml:lang="en">Defines which command should be sent on button double press or press-hold. Basic and Scene Activation commands are sent to Association group. Use Scene Controller Conf to set up Scene ID for Scene Activation. Switch All commands are sent broadcast. If not disabled, the device will wait for a click timeout to see if the second click would be pressed. This will introduce a small delay for single click commands.</lang>
                <lang xml:lang="ru">Определяет вид команд, которые отправляются при двойном нажатии или нажатии-удержании кнопок. Команды Basic и Активация сцен отправляются группе ассоциаций. Используйте Scene Controller Conf для задания номера сцены для Scene Activation. Команда Включить/Выключить всё отправляется на широковещательный адрес (всем). Если не отключено, устройство будет ждать характерное время нажатия второго нажатия. Данная функция приведёт к небольшой задержке при одинарном нажатии.</lang>
              </description>
      
                  <value from="00" to="00">
                <description>
                    <lang xml:lang="de">Deaktiviert</lang>
                    <lang xml:lang="en">Disabled</lang>
                    <lang xml:lang="fr">désactivé</lang>
                    <lang xml:lang="ru">Отключено</lang>
                  </description>
              </value>
            <value from="01" to="01">
                <description>
                    <lang xml:lang="de">Schaltkommandos Ein und Aus mittels &#039;Basic&#039; und &#039;SwitchMultilevel&#039; Kommando</lang>
                    <lang xml:lang="en">Switch On/Off and Dim (send Basic Set and Switch Multilevel)</lang>
                    <lang xml:lang="fr">Commandos manoeuvres Marche et Arret (par commando Basic Set et Multilevel)</lang>
                    <lang xml:lang="ru">Включить/Выключить и Диммировать (отправить Basic Set и Switch Multilevel)</lang>
                  </description>
              </value>
            <value from="02" to="02">
                <description>
                    <lang xml:lang="de">Schaltkommandos Ein und Aus mittels &#039;Basic&#039; Kommando</lang>
                    <lang xml:lang="en">Switch On/Off only (send Basic Set)</lang>
                    <lang xml:lang="fr">Commandos manoeuvres Marche et Arret (par commando Basic Set)</lang>
                    <lang xml:lang="ru">Только Включить/Выключить (отправить Basic Set)</lang>
                  </description>
              </value>
            <value from="03" to="03">
                <description>
                    <lang xml:lang="de">&#039;Switch All&quot; Kommando</lang>
                    <lang xml:lang="en">Switch All</lang>
                    <lang xml:lang="fr">accoupler tous</lang>
                    <lang xml:lang="ru">Включить всё/Выключить всё</lang>
                  </description>
              </value>
            <value from="04" to="04">
                <description>
                    <lang xml:lang="de">Szenenaktivierung</lang>
                    <lang xml:lang="en">Send Scenes</lang>
                    <lang xml:lang="fr">activation de la scène</lang>
                    <lang xml:lang="ru">Отправить Сцены</lang>
                  </description>
              </value>
            <value from="05" to="05">
                <description>
                    <lang xml:lang="de">Vorkonfigurierte Szenen werden gesendet.</lang>
                    <lang xml:lang="en">Send Preconfigured Scenes</lang>
                    <lang xml:lang="fr">scènes préconfigurées sont envoyées</lang>
                    <lang xml:lang="ru">Отправить преднастроенные Сцены</lang>
                  </description>
              </value>
            <value from="06" to="06">
                <description>
                    <lang xml:lang="de"> Alle Geräte in der Nähe werden durch den Schlüsselanhänger gesteuert.</lang>
                    <lang xml:lang="en">Control devices in proximity</lang>
                    <lang xml:lang="fr">tous les appareils au voisinage sont contrôlés par la porte-clé</lang>
                    <lang xml:lang="ru">Управлять ближайшими устройствами</lang>
                  </description>
              </value>
            <value from="07" to="07">
                <description>
                    <lang xml:lang="de">Steuert Türschloss</lang>
                    <lang xml:lang="en">Control DoorLock</lang>
                    <lang xml:lang="fr">controler une serrure</lang>
                    <lang xml:lang="ru">Управлять замком</lang>
                  </description>
              </value>
            <value from="08" to="08">
                <description>
                    <lang xml:lang="de">Zentrale Szene im Gateway</lang>
                    <lang xml:lang="en">Central Scene to Gateway</lang>
                    <lang xml:lang="fr">enoyer des scenes globales  a routeur</lang>
                    <lang xml:lang="ru">Отправить глобальные сцены контроллеру</lang>
                  </description>
              </value>
                </configParam>
        <configParam number="15" type="rangemapped" size="1" default="01">
            <name>
                <lang xml:lang="de">Sende das folgende &quot;Switch All&quot; Kommando</lang>
                <lang xml:lang="en">Send the following Switch All commands</lang>
                <lang xml:lang="ru">Отправлять следующие команды Включить/Выключить всё</lang>
              </name>
                  <description>
                <lang xml:lang="de">Definiert das Kommando, daß bei &quot;Switch ALL&quot; Funkkommando gesendet wird</lang>
                <lang xml:lang="en"></lang>
                <lang xml:lang="ru"></lang>
              </description>
      
                  <value from="01" to="01">
                <description>
                    <lang xml:lang="de">Nur Ausschalten</lang>
                    <lang xml:lang="en">Switch off only</lang>
                    <lang xml:lang="ru">Только выключить всё</lang>
                  </description>
              </value>
            <value from="02" to="02">
                <description>
                    <lang xml:lang="de">Nur Einschalten</lang>
                    <lang xml:lang="en">Switch on only</lang>
                    <lang xml:lang="ru">Только включить всё</lang>
                  </description>
              </value>
            <value from="ff" to="ff">
                <description>
                    <lang xml:lang="de">Einschalten und Ausschalten</lang>
                    <lang xml:lang="en">Switch all on and off</lang>
                    <lang xml:lang="ru">Включить и выключить всё</lang>
                  </description>
              </value>
                </configParam>
        <configParam number="16" type="rangemapped" size="1" default="00">
            <name>
                <lang xml:lang="de">Aktion beim Drücken des unteren Teils der Schaltwippe</lang>
                <lang xml:lang="en">What to do on button Down press</lang>
                <lang xml:lang="ru">Действие при нажатии вниз</lang>
              </name>
                  <description>
                <lang xml:lang="de"></lang>
                <lang xml:lang="en">Defines how to interpret button Down press. Depends on parameters 12 and 32 &quot;Switch by buttons&quot; parameter. If not Disabled this parameter will affect the action selected by the latter parameter. Can be used in conjunction with Auto Off function.</lang>
                <lang xml:lang="ru">Определяет поведение при нажатии клавиши вниз. Зависит от параметра 12 и 32 &quot;Включить/выключить нагрузку кнопками&quot;. Если не &quot;Нет&quot;, данный параметр будет применён к выбранному упомянутым параметром действию. Может использоваться совместно с функцией авто отключения.</lang>
              </description>
      
                  <value from="00" to="00">
                <description>
                    <lang xml:lang="de">Ausschalten</lang>
                    <lang xml:lang="en">Switch off</lang>
                    <lang xml:lang="ru">Выключить нагрузку</lang>
                  </description>
              </value>
            <value from="01" to="01">
                <description>
                    <lang xml:lang="de">Einschalten, wenn vorher aus und umgekehrt</lang>
                    <lang xml:lang="en">Switch On if load is Off, else switch Off</lang>
                    <lang xml:lang="ru">Инвертировать состояние</lang>
                  </description>
              </value>
            <value from="02" to="02">
                <description>
                    <lang xml:lang="de">Einschalten</lang>
                    <lang xml:lang="en">Switch on</lang>
                    <lang xml:lang="ru">Включить нагрузку</lang>
                  </description>
              </value>
                </configParam>
        <configParam number="20" type="range" size="2" default="0000">
            <name>
                <lang xml:lang="de">Energieverbrauch von Last 1</lang>
                <lang xml:lang="en">Energy consumption</lang>
                <lang xml:lang="ru">Энергопотребление</lang>
              </name>
                  <description>
                <lang xml:lang="de">definiert die Nennleistung der angeschlossenen Last 1. Dies wird zur Berechnung der verbrauchten elektrischen Arbeit genutzt.</lang>
                <lang xml:lang="en">Specify the consumption of the load in watts, for the calculation of power consumption. Max load 1800 W.</lang>
                <lang xml:lang="ru">Укажите потребление нагрузки в ваттах, для подсчета энергопотребления. Максимальная нагрузка 1800 Ватт.</lang>
              </description>
      
                  <value from="0000" to="0000">
                <description>
                    <lang xml:lang="de">Deaktiviert</lang>
                    <lang xml:lang="en">Disabled</lang>
                    <lang xml:lang="ru">Отключено</lang>
                  </description>
              </value>
            <value from="0001" to="0708">
                <description>
                    <lang xml:lang="de">Watts</lang>
                    <lang xml:lang="en">Watts</lang>
                    <lang xml:lang="ru">Ватт</lang>
                  </description>
              </value>
                </configParam>
      </configParams>
  
    
  
    <resourceLinks>
     
    <deviceImage url="http://www.pepper1.net/zwavedb/uploads/resources/614431a28d8f8cb870184d91ab1b799db6a6e785.jpg" />
      </resourceLinks>
    
  </ZWaveDevice>


