<?xml version="1.0" encoding="utf-8"?>
<ZWaveDevice xmlns="http://www.pepper1.net/zwavedb/xml-schemata/z-wave" schemaVersion="2">

  <descriptorVersion>1</descriptorVersion>

  <deviceData>
            <manufacturerId value="0060"/>
        <productType value="0202"/>
    <productId value="0001"/>
    <libType value="06"/>
    <protoVersion value="02"/>
    <protoSubVersion value="09"/>
    <appVersion value="01"/>
    <appSubVersion value="00"/>
        <basicClass value="04"/>
            <genericClass value="20"/>
            <specificClass value="01"/>
        <optional value="true"/>
    <listening value="false"/>
    <routing value="true"/>
        <beamSensor>0</beamSensor>
                    
      </deviceData>

  <deviceDescription>
                <description>
            <lang xml:lang="de">Überflutungssensor</lang>
            <lang xml:lang="en">Flood Sensor</lang>
          </description>
            <wakeupNote>
            <lang xml:lang="de"></lang>
            <lang xml:lang="en"></lang>
          </wakeupNote>
            <inclusionNote>
            <lang xml:lang="de">Taste neben dem Batteriefach</lang>
            <lang xml:lang="en">Press Button beside battery case</lang>
          </inclusionNote>
            <productName>ST812 old</productName>
            <brandName>Z-Wave</brandName>
                        <batteryType>AA</batteryType>
            <batteryCount>3</batteryCount>
            </deviceDescription>

    <commandClasses>
        <commandClass id="0020"/>
        <commandClass id="0080"/>
        <commandClass id="0084"/>
        <commandClass id="0085"/>
        <commandClass id="0086"/>
        <commandClass id="0030"/>
        <commandClass id="0070"/>
        <commandClass id="0072"/>
      </commandClasses>
  
  
  
    
  
    <resourceLinks>
     
    <deviceImage url="http://www.pepper1.net/zwavedb/uploads/resources/758e8d6b392b8fc3085e740294e42101bb16f7ce.gif" />
      </resourceLinks>
    
  </ZWaveDevice>


