<?xml version="1.0" encoding="utf-8"?>
<ZWaveDevice xmlns="http://www.pepper1.net/zwavedb/xml-schemata/z-wave" schemaVersion="2">

  <descriptorVersion>1</descriptorVersion>

  <deviceData>
            <manufacturerId value="010e"/>
        <productType value="0003"/>
    <productId value="0002"/>
    <libType value="03"/>
    <protoVersion value="02"/>
    <protoSubVersion value="4e"/>
    <appVersion value="02"/>
    <appSubVersion value="04"/>
        <basicClass value="04"/>
            <genericClass value="40"/>
            <specificClass value="02"/>
        <optional value="true"/>
    <listening value="false"/>
    <routing value="true"/>
        <beamSensor>1000</beamSensor>
                    
      </deviceData>

  <deviceDescription>
                <description>
            <lang xml:lang="en">Door Lock with Z-Wave and Bluetooth</lang>
            <lang xml:lang="ru">Круглый дверной замок с управлением по Z-Wave и Bluetooth</lang>
          </description>
            <wakeupNote>
            <lang xml:lang="en"></lang>
            <lang xml:lang="ru"></lang>
          </wakeupNote>
            <inclusionNote>
            <lang xml:lang="en">Touch the touch button in the middle of the face plate until you hear 2 beeps</lang>
            <lang xml:lang="ru">Коснитесь сенсорной кнопки в середине замка и удерживайте ее пока не прозвучат два звуковых сигнала</lang>
          </inclusionNote>
            <productName>DanaLock</productName>
            <brandName>Poly-control</brandName>
                    <productVersion>2.4</productVersion>
                    </deviceDescription>

    <commandClasses>
        <commandClass id="0020" inNIF="false"/>
        <commandClass id="0072" secure="true"/>
        <commandClass id="0080" secure="true"/>
        <commandClass id="0086" secure="true"/>
        <commandClass id="0098" secure="true"/>
        <commandClass id="004e" inNIF="false" secure="true"/>
        <commandClass id="0062" inNIF="false" secure="true"/>
        <commandClass id="0063" inNIF="false" secure="true"/>
        <commandClass id="0070" inNIF="false" secure="true"/>
        <commandClass id="008a" inNIF="false" secure="true"/>
      </commandClasses>
  
  
    <configParams>
        <configParam number="1" type="rangemapped" size="1" default="00">
            <name>
                <lang xml:lang="de"></lang>
                <lang xml:lang="en">Invert lock direction</lang>
                <lang xml:lang="ru">Инвертировать направление движения замка</lang>
              </name>
                  <description>
                <lang xml:lang="de"></lang>
                <lang xml:lang="en"></lang>
                <lang xml:lang="ru"></lang>
              </description>
      
                  <value from="00" to="00">
                <description>
                    <lang xml:lang="de"></lang>
                    <lang xml:lang="en">The motor goes clockwise when unlatched</lang>
                    <lang xml:lang="ru">Мотор крутится по часовой стрелке для открытия замка</lang>
                  </description>
              </value>
            <value from="01" to="01">
                <description>
                    <lang xml:lang="de"></lang>
                    <lang xml:lang="en">The motor goes counterclockwise when unlatched</lang>
                    <lang xml:lang="ru">Мотор крутится против часовой стрелки для открытия замка</lang>
                  </description>
              </value>
                </configParam>
        <configParam number="2" type="rangemapped" size="1" default="05">
            <name>
                <lang xml:lang="de"></lang>
                <lang xml:lang="en">Lock Speed</lang>
                <lang xml:lang="ru">Скорость замка</lang>
              </name>
                  <description>
                <lang xml:lang="de"></lang>
                <lang xml:lang="en"></lang>
                <lang xml:lang="ru"></lang>
              </description>
      
                  <value from="01" to="01">
                <description>
                    <lang xml:lang="de"></lang>
                    <lang xml:lang="en">Slowest</lang>
                    <lang xml:lang="ru">Очень медленно</lang>
                  </description>
              </value>
            <value from="02" to="02">
                <description>
                    <lang xml:lang="de"></lang>
                    <lang xml:lang="en">Slow</lang>
                    <lang xml:lang="ru">Медленно</lang>
                  </description>
              </value>
            <value from="03" to="03">
                <description>
                    <lang xml:lang="de"></lang>
                    <lang xml:lang="en">Normal</lang>
                    <lang xml:lang="ru">Нормально</lang>
                  </description>
              </value>
            <value from="04" to="04">
                <description>
                    <lang xml:lang="de"></lang>
                    <lang xml:lang="en">Fast</lang>
                    <lang xml:lang="ru">Быстро</lang>
                  </description>
              </value>
            <value from="05" to="05">
                <description>
                    <lang xml:lang="de"></lang>
                    <lang xml:lang="en">Fastest</lang>
                    <lang xml:lang="ru">Очень быстро</lang>
                  </description>
              </value>
                </configParam>
        <configParam number="3" type="rangemapped" size="1" default="01">
            <name>
                <lang xml:lang="de"></lang>
                <lang xml:lang="en">Lock Mode</lang>
                <lang xml:lang="ru">Режим замка</lang>
              </name>
                  <description>
                <lang xml:lang="de"></lang>
                <lang xml:lang="en"></lang>
                <lang xml:lang="ru"></lang>
              </description>
      
                  <value from="00" to="00">
                <description>
                    <lang xml:lang="de"></lang>
                    <lang xml:lang="en">Stepper motor mode wave drive (Power saving)</lang>
                    <lang xml:lang="ru">Шаговый двигатель работает в режиме ШИМ (энергосбережение)</lang>
                  </description>
              </value>
            <value from="01" to="01">
                <description>
                    <lang xml:lang="de"></lang>
                    <lang xml:lang="en">Stepper motor mode full drive(Normal)</lang>
                    <lang xml:lang="ru">Шаговый двигатель работает на полную мощность</lang>
                  </description>
              </value>
                </configParam>
        <configParam number="4" type="range" size="1" default="09">
            <name>
                <lang xml:lang="de"></lang>
                <lang xml:lang="en">Lock Turn degrees</lang>
                <lang xml:lang="ru">Градус поворота замка</lang>
              </name>
                  <description>
                <lang xml:lang="de"></lang>
                <lang xml:lang="en">Factor 10 turn degrees ( 1 = 10 degrees, 9 = 90 degrees etc).</lang>
                <lang xml:lang="ru">1 = 10 градусов, 9 = 90 градусов.</lang>
              </description>
      
                  <value from="01" to="64">
                <description>
                    <lang xml:lang="de"></lang>
                    <lang xml:lang="en"></lang>
                    <lang xml:lang="ru"></lang>
                  </description>
              </value>
                </configParam>
        <configParam number="5" type="range" size="1" default="00">
            <name>
                <lang xml:lang="de"></lang>
                <lang xml:lang="en">Lock Normal closed time</lang>
                <lang xml:lang="ru">Автозакрытие замка</lang>
              </name>
                  <description>
                <lang xml:lang="de"></lang>
                <lang xml:lang="en">How many seconds from the lock has been unlatched to it automatically should close again. If 0 then it is disabled.</lang>
                <lang xml:lang="ru">Через сколько секунд после открытия, замок автоматически закроется.</lang>
              </description>
      
                  <value from="00" to="00">
                <description>
                    <lang xml:lang="de"></lang>
                    <lang xml:lang="en">Disabled</lang>
                    <lang xml:lang="ru">Отключено</lang>
                  </description>
              </value>
            <value from="01" to="3c">
                <description>
                    <lang xml:lang="de"></lang>
                    <lang xml:lang="en">seconds</lang>
                    <lang xml:lang="ru">секунды</lang>
                  </description>
              </value>
                </configParam>
        <configParam number="6" type="rangemapped" size="1" default="01">
            <name>
                <lang xml:lang="de"></lang>
                <lang xml:lang="en">Lock Sound</lang>
                <lang xml:lang="ru">Звук замка</lang>
              </name>
                  <description>
                <lang xml:lang="de"></lang>
                <lang xml:lang="en">Disable or enable the beep sound from latch or unlatch operations.</lang>
                <lang xml:lang="ru">Звук при открытии или закрытии замка.</lang>
              </description>
      
                  <value from="00" to="00">
                <description>
                    <lang xml:lang="de"></lang>
                    <lang xml:lang="en">Disable</lang>
                    <lang xml:lang="ru">Отключено</lang>
                  </description>
              </value>
            <value from="01" to="01">
                <description>
                    <lang xml:lang="de"></lang>
                    <lang xml:lang="en">Enable</lang>
                    <lang xml:lang="ru">Включено</lang>
                  </description>
              </value>
                </configParam>
        <configParam number="7" type="rangemapped" size="1" default="00">
            <name>
                <lang xml:lang="de"></lang>
                <lang xml:lang="en">Battery type</lang>
                <lang xml:lang="ru">Тип батареи</lang>
              </name>
                  <description>
                <lang xml:lang="de"></lang>
                <lang xml:lang="en">Set the type of battery that powers the device. This affect the returned battery state.</lang>
                <lang xml:lang="ru">Выберите тип используемом батареи, чтобы замок правильно сообщал о ее заряде.</lang>
              </description>
      
                  <value from="00" to="00">
                <description>
                    <lang xml:lang="de"></lang>
                    <lang xml:lang="en">3.6 V</lang>
                    <lang xml:lang="ru">3.6 В</lang>
                  </description>
              </value>
            <value from="01" to="01">
                <description>
                    <lang xml:lang="de"></lang>
                    <lang xml:lang="en">3.0 V</lang>
                    <lang xml:lang="ru">3.0 В</lang>
                  </description>
              </value>
                </configParam>
        <configParam number="8" type="range" size="1" default="00">
            <name>
                <lang xml:lang="de"></lang>
                <lang xml:lang="en">Battery alarm percent</lang>
                <lang xml:lang="ru">Звук при низком заряде батареи</lang>
              </name>
                  <description>
                <lang xml:lang="de"></lang>
                <lang xml:lang="en">When the battery level is equal to, or under this value. The device will notify with a beep sound after latch or unlatch.</lang>
                <lang xml:lang="ru">При каком заряде батареи замок должен издавать звуковой сигнал</lang>
              </description>
      
                  <value from="00" to="64">
                <description>
                    <lang xml:lang="de"></lang>
                    <lang xml:lang="en">Battery level %</lang>
                    <lang xml:lang="ru">Заряд батареи %</lang>
                  </description>
              </value>
                </configParam>
      </configParams>
  
    
  
    <resourceLinks>
     
    <deviceImage url="http://www.pepper1.net/zwavedb/uploads/resources/707d5878e5368c1a286cf8ac251664d6ae861ac6.jpg" />
      </resourceLinks>
    
  </ZWaveDevice>


