<?xml version="1.0" encoding="utf-8"?>
<ZWaveDevice xmlns="http://www.pepper1.net/zwavedb/xml-schemata/z-wave" schemaVersion="2">

  <descriptorVersion>1</descriptorVersion>

  <deviceData>
            <manufacturerId value="0109"/>
        <productType value="2002"/>
    <productId value="0203"/>
    <libType value="06"/>
    <protoVersion value="03"/>
    <protoSubVersion value="34"/>
    <appVersion value="04"/>
    <appSubVersion value="54"/>
        <basicClass value="04"/>
            <genericClass value="20"/>
            <specificClass value="01"/>
        <optional value="true"/>
    <listening value="false"/>
    <routing value="true"/>
        <beamSensor>0</beamSensor>
            <rfFrequency>Russia</rfFrequency>
                
      </deviceData>

  <deviceDescription>
                <description>
            <lang xml:lang="en">Motion Sensor</lang>
            <lang xml:lang="ru">Датчик движения</lang>
          </description>
            <wakeupNote>
            <lang xml:lang="en">Remove the cover and press TMP</lang>
            <lang xml:lang="ru">Снять крышку и нажать кнопку TMP</lang>
          </wakeupNote>
            <inclusionNote>
            <lang xml:lang="en">Press the program switch once</lang>
            <lang xml:lang="ru">Нажать программную кнопку один раз</lang>
          </inclusionNote>
            <productName>ZP3102RU</productName>
            <brandName>Vision</brandName>
            <productLine>Home Security</productLine>
                <productVersion>4.84</productVersion>
            <batteryType>CR123A</batteryType>
            <batteryCount>1</batteryCount>
            </deviceDescription>

    <commandClasses>
        <commandClass id="0020" inNIF="false"/>
        <commandClass id="0030"/>
        <commandClass id="0031" version="4"/>
        <commandClass id="0070"/>
        <commandClass id="0071" version="2"/>
        <commandClass id="0072"/>
        <commandClass id="0080"/>
        <commandClass id="0084" version="2"/>
        <commandClass id="0085"/>
        <commandClass id="0086"/>
      </commandClasses>
  
    <assocGroups>
        <assocGroup number="1" maxNodes="5">
            <description>
                <lang xml:lang="en">Basic on/off group for detecting movements</lang>
                <lang xml:lang="ru">Устройства, включаемые при обнаружении движения и выключаемые по истечению заданного времени</lang>
              </description>
          </assocGroup>
      </assocGroups>
  
    <configParams>
        <configParam number="1" type="range" size="1" default="03">
            <name>
                <lang xml:lang="en">Delay of Off Command</lang>
                <lang xml:lang="ru">Время выключения</lang>
              </name>
                  <description>
                <lang xml:lang="en">This defines the time interval to turn off associated devices if no activity is detected</lang>
                <lang xml:lang="ru">Время в минутах, через которое датчик движения отправит команду Выключить устройству из группы 1</lang>
              </description>
      
                  <value from="01" to="7f" unit="min">
                <description>
                    <lang xml:lang="en">Minutes</lang>
                    <lang xml:lang="ru">Минуты</lang>
                  </description>
              </value>
                </configParam>
      </configParams>
  
    
  
    <resourceLinks>
     
    <deviceImage url="http://www.pepper1.net/zwavedb/uploads/resources/a351d5e52eb946d05b0c00673729903c4c4c1db2.png" />
      </resourceLinks>
    
  </ZWaveDevice>


