<?xml version="1.0" encoding="utf-8"?>
<ZWaveDevice xmlns="http://www.pepper1.net/zwavedb/xml-schemata/z-wave" schemaVersion="2">

  <descriptorVersion>1</descriptorVersion>

  <deviceData>
            <manufacturerId value="0071"/>
        <productType value="0005"/>
    <productId value="035d"/>
    <libType value="00"/>
    <protoVersion value="00"/>
    <protoSubVersion value="00"/>
    <appVersion value="00"/>
    <appSubVersion value="00"/>
        <basicClass value="04"/>
            <genericClass value="21"/>
            <specificClass value="01"/>
        <optional value="true"/>
    <listening value="false"/>
    <routing value="false"/>
        <beamSensor>0</beamSensor>
                    
      </deviceData>

  <deviceDescription>
                <description>
            <lang xml:lang="de">Generisches Potentiometer</lang>
            <lang xml:lang="en">Generic Pot Sensor</lang>
          </description>
            <wakeupNote>
            <lang xml:lang="de">interner Taster</lang>
            <lang xml:lang="en">internal switch</lang>
          </wakeupNote>
            <inclusionNote>
            <lang xml:lang="de">interner Schalter</lang>
            <lang xml:lang="en">internal switch</lang>
          </inclusionNote>
            <productName>E861P</productName>
            <brandName>LS Control</brandName>
                        <batteryType>AAA</batteryType>
            <batteryCount>2</batteryCount>
            </deviceDescription>

    <commandClasses>
        <commandClass id="0020"/>
        <commandClass id="0080"/>
        <commandClass id="0084"/>
        <commandClass id="0085" version="0"/>
        <commandClass id="0086"/>
        <commandClass id="0070"/>
        <commandClass id="0031"/>
        <commandClass id="0072"/>
      </commandClasses>
  
  
  
    
  
    <resourceLinks>
     
    <deviceImage url="http://www.pepper1.net/zwavedb/uploads/resources/cec1c8e19611ca695a690dc451bbf89b76feb825.jpg" />
      </resourceLinks>
    
  </ZWaveDevice>


