<?xml version="1.0" encoding="utf-8"?>
<ZWaveDevice xmlns="http://www.pepper1.net/zwavedb/xml-schemata/z-wave" schemaVersion="2">

  <descriptorVersion>1</descriptorVersion>

  <deviceData>
            <manufacturerId value="013c"/>
        <productType value="0001"/>
    <productId value="0012"/>
    <libType value="03"/>
    <protoVersion value="03"/>
    <protoSubVersion value="5f"/>
    <appVersion value="01"/>
    <appSubVersion value="04"/>
        <basicClass value="04"/>
            <genericClass value="10"/>
            <specificClass value="01"/>
        <optional value="true"/>
    <listening value="true"/>
    <routing value="true"/>
        <beamSensor>0</beamSensor>
            <rfFrequency>EU</rfFrequency>
                
      </deviceData>

  <deviceDescription>
                <description>
            <lang xml:lang="en">This in-wall dual relay switch module is a transceiver which is a Z-Wave PlusTMenabled device.</lang>
          </description>
            <wakeupNote>
            <lang xml:lang="en"></lang>
          </wakeupNote>
            <inclusionNote>
            <lang xml:lang="en">Pressing INCLUDE_BUTTON three
times within 2 seconds will enter
inclusion mode.</lang>
          </inclusionNote>
            <productName>In Wall Dual relay(1 way) switchmodule</productName>
            <brandName>Philio</brandName>
            <productLine>Philio Z-Wave Products </productLine>
            <productCode>PAN04-1A </productCode>
                        </deviceDescription>

    <commandClasses>
        <commandClass id="005e" version="2"/>
        <commandClass id="0086" version="2"/>
        <commandClass id="0072" version="2"/>
        <commandClass id="005a"/>
        <commandClass id="0085" version="2"/>
        <commandClass id="0059"/>
        <commandClass id="0073"/>
        <commandClass id="0025"/>
        <commandClass id="0020"/>
        <commandClass id="0027"/>
        <commandClass id="0071"/>
        <commandClass id="002b"/>
        <commandClass id="002c"/>
        <commandClass id="0075" version="2"/>
        <commandClass id="007a" version="2"/>
        <commandClass id="0060" version="3"/>
        <commandClass id="0032" version="3"/>
        <commandClass id="0070"/>
      </commandClasses>
  
    <assocGroups>
        <assocGroup number="3" maxNodes="1">
            <description>
                <lang xml:lang="en">For group 3, the Switch will report (1) ON/OFF status of Relay2 (2) Instant
Power Consumption (Watt) of Relay2 (3) Accumulated Power Consumption
(KWh) of Relay2 to Z-Wave Controller.</lang>
              </description>
          </assocGroup>
        <assocGroup number="2" maxNodes="1">
            <description>
                <lang xml:lang="en">For group 2, the Switch will report (1) ON/OFF status of Relay1 (2) Instant
Power Consumption (Watt) of Relay1 (3) Accumulated Power Consumption
(KWh) of Relay1 to Z-Wave Controller.</lang>
              </description>
          </assocGroup>
        <assocGroup number="1" maxNodes="1">
            <description>
                <lang xml:lang="en">For group 1, the Switch will report (1) ON/OFF status of Relay1 and Relay2 (2)
Instant Power Consumption (Watt) of Relay1 and Relay2 (3) Accumulated
Power Consumption (KWh) of Relay1 and Relay2 to Z-Wave Controller.</lang>
              </description>
          </assocGroup>
      </assocGroups>
  
    <configParams>
        <configParam number="1" type="range" size="2" default="02d0">
            <name>
                <lang xml:lang="en">Watt Meter Report Period</lang>
              </name>
                  <description>
                <lang xml:lang="en">If the setting is configured for 1hour (set value =720), the PAN04 will report its instant power consumption every 1 hour to the node of correspond Group.
The maximum interval to report its instant power consumption is 45 hours (5s*32767/3600=45hr).</lang>
              </description>
      
                  <value from="0001" to="7fff" unit="x5sec">
                <description>
                    <lang xml:lang="en">Set time interval for device to send power consumption report, e.g. 720*5s=3600s=1
hour.</lang>
                  </description>
              </value>
                </configParam>
        <configParam number="2" type="range" size="2" default="0006">
            <name>
                <lang xml:lang="en">KWH Meter Report Period</lang>
              </name>
                  <description>
                <lang xml:lang="en">If the setting is configured for 1hour (set value =6), the PAN04 will report its
Accumulated Power Consumption (KW/h) every 1 hour to the node of
correspond Group. The maximum interval to report its Accumulated Power
Consumption (KW/h) is 227.55 days (10min*32767/1440=227.55 days).</lang>
              </description>
      
                  <value from="0001" to="7fff" unit="x10min">
                <description>
                    <lang xml:lang="en">Set time interval for device to send accumulated power consumtion report, e.g. 6*10min= 1 hour.</lang>
                  </description>
              </value>
                </configParam>
        <configParam number="3" type="constant" size="1" default="03">
            <name>
                <lang xml:lang="en">Selected Relay</lang>
              </name>
                  <description>
                <lang xml:lang="en">If Controller not using Multi_Channel command class to access the relay of
PAN04, you may configure the select value to react the Basic Command
Class, Binary Switch Command Class or Meter Command Class V3.</lang>
              </description>
      
                  <value from="01" to="01">
                <description>
                    <lang xml:lang="en">1：Relay1</lang>
                  </description>
              </value>
            <value from="02" to="02">
                <description>
                    <lang xml:lang="en">2：Relay2</lang>
                  </description>
              </value>
            <value from="03" to="03">
                <description>
                    <lang xml:lang="en">3：Relay1 &amp;
Relay2</lang>
                  </description>
              </value>
                </configParam>
        <configParam number="4" type="constant" size="1" default="01">
            <name>
                <lang xml:lang="en">Edge or Pulse mode or Edge-Toggle mode</lang>
              </name>
                  <description>
                <lang xml:lang="en">Manual switch S1 and S2 can set to Edge mode or Pulse mode or Edge-Toggle
mode, default value is Edge mode.</lang>
              </description>
      
                  <value from="01" to="01">
                <description>
                    <lang xml:lang="en">1：Edge mode</lang>
                  </description>
              </value>
            <value from="02" to="02">
                <description>
                    <lang xml:lang="en">2：Pulse mode</lang>
                  </description>
              </value>
            <value from="03" to="03">
                <description>
                    <lang xml:lang="en">3：Edge-Toggle
mode</lang>
                  </description>
              </value>
                </configParam>
        <configParam number="5" type="range" size="2" default="02ee">
            <name>
                <lang xml:lang="en">Threshold of current for Load Caution</lang>
              </name>
                  <description>
                <lang xml:lang="en">This is a warning when the current of load over the preset threshold value, if the
setting value is 750, when the load current of Relay1 or Relay2 over this value,
PAN04 will send current meter report to the node of correspond Group, the
Range of the setting value is from 10 to 750, and the default value is 750.</lang>
              </description>
      
                  <value from="000a" to="02ee" unit="x0.01A">
                <description>
                    <lang xml:lang="en">Define treshold, e.g. 750*0.01A = 7.5A.</lang>
                  </description>
              </value>
                </configParam>
        <configParam number="6" type="range" size="2" default="2710">
            <name>
                <lang xml:lang="en">Threshold of KWH for Load Caution</lang>
              </name>
                  <description>
                <lang xml:lang="en">This is a warning when the KWh of load over the preset threshold value, If the
setting value is 10000, when the Accumulated Power Consumption of Relay1 or
Relay2 over this value, PAN04 will send KWh Meter Report command to the
node of correspond Group, minimum value is 1KWh and default value is 10000
kWh.</lang>
              </description>
      
                  <value from="0001" to="2710" unit="1 KWh">
                <description>
                    <lang xml:lang="en">Define treshold.</lang>
                  </description>
              </value>
                </configParam>
        <configParam number="7" type="constant" size="1" default="01">
            <name>
                <lang xml:lang="en">Restore switch state mode</lang>
              </name>
                  <description>
                <lang xml:lang="en">Restores the switch state setting in case the device was disconnected from the power source.</lang>
              </description>
      
                  <value from="00" to="00">
                <description>
                    <lang xml:lang="en">0 : Switch off</lang>
                  </description>
              </value>
            <value from="01" to="01">
                <description>
                    <lang xml:lang="en">1 : Last switch
state</lang>
                  </description>
              </value>
            <value from="02" to="02">
                <description>
                    <lang xml:lang="en">2 : Switch on</lang>
                  </description>
              </value>
                </configParam>
        <configParam number="8" type="range" size="2" default="0000">
            <name>
                <lang xml:lang="en">Auto off timer</lang>
              </name>
                  <description>
                <lang xml:lang="en">Whenever PAN11 switches to on, the auto off timer begin to count down. After the timer decrease to zero, it will switch off automatically. </lang>
              </description>
      
                  <value from="0000" to="0000">
                <description>
                    <lang xml:lang="en">0 : Disable auto
off function</lang>
                  </description>
              </value>
            <value from="0001" to="7fff" unit="sec">
                <description>
                    <lang xml:lang="en">Define time interval for auto off function.</lang>
                  </description>
              </value>
                </configParam>
        <configParam number="9" type="constant" size="1" default="00">
            <name>
                <lang xml:lang="en">RF off command mode</lang>
              </name>
                  <description>
                <lang xml:lang="en">Whenever a switch off command, BASIC_SET 、BINARY_SWITCH_SET 、
SWITCH_ALL_OFF, is received, it could be interpreted as 4 kinds of
commands.</lang>
              </description>
      
                  <value from="00" to="00">
                <description>
                    <lang xml:lang="en">0 : Switch off</lang>
                  </description>
              </value>
            <value from="01" to="01">
                <description>
                    <lang xml:lang="en">1 : Ignore</lang>
                  </description>
              </value>
            <value from="02" to="02">
                <description>
                    <lang xml:lang="en">2 : Switch toggle</lang>
                  </description>
              </value>
            <value from="03" to="03">
                <description>
                    <lang xml:lang="en">3 : Switch on</lang>
                  </description>
              </value>
                </configParam>
        <configParam number="10" type="constant" size="1" default="01">
            <name>
                <lang xml:lang="en">Existence of Endpoint 3</lang>
              </name>
                  <description>
                <lang xml:lang="en">Multi-Channel Command is a good way to control relay1 and relay2 of PAN04
individually. The endpoint3 of PAN04 is related to both relay1 and relay2. In
some condition it becomes redundant in Multi-Channel Command Class.</lang>
              </description>
      
                  <value from="01" to="01">
                <description>
                    <lang xml:lang="en">1 : Endpoint3 exist</lang>
                  </description>
              </value>
            <value from="02" to="02">
                <description>
                    <lang xml:lang="en">2 : No Endpoint3</lang>
                  </description>
              </value>
                </configParam>
      </configParams>
  
    <endpoints>
           <endpoint number="3" dynamic="true">
            <name>
                <lang xml:lang="en"></lang>
              </name>
                  <description>
                <lang xml:lang="en">Switch Relay1 and Relay2 ON/OFF.</lang>
              </description>
                  <genericClass value="10"/>
                  <specificClass value="01"/>
                  <commandClass id="0025"/>
            <commandClass id="0020"/>
            <commandClass id="0032"/>
          </endpoint>
           <endpoint number="2">
            <name>
                <lang xml:lang="en"></lang>
              </name>
                  <description>
                <lang xml:lang="en">Switch Relay2 ON/OFF.</lang>
              </description>
                  <genericClass value="10"/>
                  <specificClass value="01"/>
                  <commandClass id="0025"/>
            <commandClass id="0020"/>
            <commandClass id="0032"/>
          </endpoint>
           <endpoint number="1">
            <name>
                <lang xml:lang="en"></lang>
              </name>
                  <description>
                <lang xml:lang="en">Switch Relay1 ON/OFF.</lang>
              </description>
                  <genericClass value="10"/>
                  <specificClass value="01"/>
                  <commandClass id="0025"/>
            <commandClass id="0020"/>
            <commandClass id="0032"/>
          </endpoint>
      </endpoints>
    
  
    <resourceLinks>
     
    <deviceImage url="http://www.pepper1.net/zwavedb/uploads/resources/c67adde76e9b93d795f72ed563c0529448abd363.jpg" />
      </resourceLinks>
    
  </ZWaveDevice>


