<?xml version="1.0" encoding="utf-8"?>
<ZWaveDevice xmlns="http://www.pepper1.net/zwavedb/xml-schemata/z-wave" schemaVersion="2">

  <descriptorVersion>1</descriptorVersion>

  <deviceData>
            <manufacturerId value="013c"/>
        <productType value="0001"/>
    <productId value="0013"/>
    <libType value="03"/>
    <protoVersion value="03"/>
    <protoSubVersion value="5f"/>
    <appVersion value="01"/>
    <appSubVersion value="04"/>
        <basicClass value="04"/>
            <genericClass value="10"/>
            <specificClass value="01"/>
        <optional value="true"/>
    <listening value="true"/>
    <routing value="true"/>
        <beamSensor>0</beamSensor>
            <rfFrequency>EU</rfFrequency>
                
      </deviceData>

  <deviceDescription>
                <description>
            <lang xml:lang="en">This in-wall switch module is a transceiver which is a Z-Wave PlusTM enabled deviceand is fully compatible with any Z-WaveTM enabled network. </lang>
          </description>
            <wakeupNote>
            <lang xml:lang="en"></lang>
          </wakeupNote>
            <inclusionNote>
            <lang xml:lang="en">Pressing Include button of PAN06
three times within 2 seconds will
enter inclusion mode.</lang>
          </inclusionNote>
            <productName>In Wall Dual relay(1 way) switch module</productName>
            <brandName>Philio</brandName>
            <productLine>Philio Z-Wave Products </productLine>
            <productCode>PAN06-1A </productCode>
                        </deviceDescription>

    <commandClasses>
        <commandClass id="005e" version="2"/>
        <commandClass id="0086" version="2"/>
        <commandClass id="0072" version="2"/>
        <commandClass id="005a"/>
        <commandClass id="0085" version="2"/>
        <commandClass id="0059"/>
        <commandClass id="0073"/>
        <commandClass id="0025"/>
        <commandClass id="0020"/>
        <commandClass id="0027"/>
        <commandClass id="0071"/>
        <commandClass id="002b"/>
        <commandClass id="002c"/>
        <commandClass id="0075" version="2"/>
        <commandClass id="007a" version="2"/>
        <commandClass id="0060" version="3"/>
        <commandClass id="0070"/>
      </commandClasses>
  
    <assocGroups>
        <assocGroup number="3" maxNodes="1">
            <description>
                <lang xml:lang="en">For group 3, the Switch will report ON/OFF status of Relay2</lang>
              </description>
          </assocGroup>
        <assocGroup number="2" maxNodes="1">
            <description>
                <lang xml:lang="en">For group 2, the Switch will report ON/OFF status of Relay1</lang>
              </description>
          </assocGroup>
        <assocGroup number="1" maxNodes="1">
            <description>
                <lang xml:lang="en">For group 1, the Switch will report ON/OFF status of Relay1 and Relay2</lang>
              </description>
          </assocGroup>
      </assocGroups>
  
    <configParams>
        <configParam number="1" type="constant" size="1" default="03">
            <name>
                <lang xml:lang="en">Relay selection</lang>
              </name>
                  <description>
                <lang xml:lang="en">Select relay</lang>
              </description>
      
                  <value from="01" to="01">
                <description>
                    <lang xml:lang="en">Selects relay 1.</lang>
                  </description>
              </value>
            <value from="02" to="02">
                <description>
                    <lang xml:lang="en">Selects relay 2.</lang>
                  </description>
              </value>
            <value from="03" to="03">
                <description>
                    <lang xml:lang="en">Selects both relays.</lang>
                  </description>
              </value>
                </configParam>
        <configParam number="2" type="constant" size="1" default="01">
            <name>
                <lang xml:lang="en">Mode selection</lang>
              </name>
                  <description>
                <lang xml:lang="en">Select mode</lang>
              </description>
      
                  <value from="01" to="01">
                <description>
                    <lang xml:lang="en">Selects edge mode.</lang>
                  </description>
              </value>
            <value from="02" to="02">
                <description>
                    <lang xml:lang="en">Selects pulse mode.</lang>
                  </description>
              </value>
            <value from="03" to="03">
                <description>
                    <lang xml:lang="en">Selects edge-toggle mode.</lang>
                  </description>
              </value>
                </configParam>
        <configParam number="3" type="constant" size="1" default="01">
            <name>
                <lang xml:lang="en">Switch state mode</lang>
              </name>
                  <description>
                <lang xml:lang="en">Restore switch
state mode.</lang>
              </description>
      
                  <value from="00" to="00">
                <description>
                    <lang xml:lang="en">0 : Switch off</lang>
                  </description>
              </value>
            <value from="01" to="01">
                <description>
                    <lang xml:lang="en">1 : Last switch
state</lang>
                  </description>
              </value>
            <value from="02" to="02">
                <description>
                    <lang xml:lang="en">2 : Switch on</lang>
                  </description>
              </value>
                </configParam>
        <configParam number="4" type="range" size="2" default="0000">
            <name>
                <lang xml:lang="en">Auto off timer</lang>
              </name>
                  <description>
                <lang xml:lang="en">Sets auto off timer.</lang>
              </description>
      
                  <value from="0000" to="0000">
                <description>
                    <lang xml:lang="en">0 : Disable auto off
function</lang>
                  </description>
              </value>
            <value from="0001" to="7fff" unit="sec.">
                <description>
                    <lang xml:lang="en">Sets time interval for auto off.</lang>
                  </description>
              </value>
                </configParam>
        <configParam number="5" type="constant" size="1" default="00">
            <name>
                <lang xml:lang="en">RF off command mode</lang>
              </name>
                  <description>
                <lang xml:lang="en">Select RF off command mode.</lang>
              </description>
      
                  <value from="00" to="00">
                <description>
                    <lang xml:lang="en">0 : Switch off</lang>
                  </description>
              </value>
            <value from="01" to="01">
                <description>
                    <lang xml:lang="en">1 : Ignore</lang>
                  </description>
              </value>
            <value from="02" to="02">
                <description>
                    <lang xml:lang="en">2 : Switch toggle</lang>
                  </description>
              </value>
            <value from="03" to="03">
                <description>
                    <lang xml:lang="en">3 : Switch on</lang>
                  </description>
              </value>
                </configParam>
        <configParam number="6" type="constant" size="1" default="01">
            <name>
                <lang xml:lang="en">Existence of Endpoint3</lang>
              </name>
                  <description>
                <lang xml:lang="en"></lang>
              </description>
      
                  <value from="02" to="02">
                <description>
                    <lang xml:lang="en">2 : No Endpoint3</lang>
                  </description>
              </value>
            <value from="01" to="01">
                <description>
                    <lang xml:lang="en">1 : Endpoint3 exist</lang>
                  </description>
              </value>
                </configParam>
      </configParams>
  
    <endpoints>
           <endpoint number="3" dynamic="true">
            <name>
                <lang xml:lang="en"></lang>
              </name>
                  <description>
                <lang xml:lang="en">Relay 1 and Relay 2</lang>
              </description>
                  <genericClass value="10"/>
                  <specificClass value="01"/>
                  <commandClass id="0025"/>
            <commandClass id="0020"/>
          </endpoint>
           <endpoint number="2">
            <name>
                <lang xml:lang="en"></lang>
              </name>
                  <description>
                <lang xml:lang="en">Relay2</lang>
              </description>
                  <genericClass value="10"/>
                  <specificClass value="01"/>
                  <commandClass id="0025"/>
            <commandClass id="0020"/>
          </endpoint>
           <endpoint number="1">
            <name>
                <lang xml:lang="en"></lang>
              </name>
                  <description>
                <lang xml:lang="en">Relay 1</lang>
              </description>
                  <genericClass value="10"/>
                  <specificClass value="01"/>
                  <commandClass id="0025"/>
            <commandClass id="0020"/>
          </endpoint>
      </endpoints>
    
  
    <resourceLinks>
     
    <deviceImage url="http://www.pepper1.net/zwavedb/uploads/resources/6822ff5e1a981eedb55fc9fc5cd856f33fda2573.jpg" />
      </resourceLinks>
    
  </ZWaveDevice>


