<?xml version="1.0" encoding="utf-8"?>
<ZWaveDevice xmlns="http://www.pepper1.net/zwavedb/xml-schemata/z-wave" schemaVersion="2">

  <descriptorVersion>1</descriptorVersion>

  <deviceData>
            <manufacturerId value="017c"/>
        <productType value="0001"/>
    <productId value="0002"/>
    <libType value="06"/>
    <protoVersion value="03"/>
    <protoSubVersion value="67"/>
    <appVersion value="03"/>
    <appSubVersion value="78"/>
        <basicClass value="04"/>
            <genericClass value="21"/>
            <specificClass value="01"/>
        <optional value="true"/>
    <listening value="false"/>
    <routing value="false"/>
        <beamSensor>0</beamSensor>
            <rfFrequency>EU</rfFrequency>
                
      </deviceData>

  <deviceDescription>
                <description>
            <lang xml:lang="en">Room sensor</lang>
          </description>
            <wakeupNote>
            <lang xml:lang="en"></lang>
          </wakeupNote>
            <inclusionNote>
            <lang xml:lang="en">Press the learn key (5) for 2 seconds.</lang>
          </inclusionNote>
            <productName>heatapp! sense temperatur sensor z-wave</productName>
            <brandName>heatapp! sense</brandName>
            <productLine>Temperature Sensor</productLine>
            <productCode>9600050000</productCode>
            <productVersion>1.0</productVersion>
            <batteryType>1.5 V AAA</batteryType>
            <batteryCount>2</batteryCount>
            </deviceDescription>

    <commandClasses>
        <commandClass id="0020"/>
        <commandClass id="0080"/>
        <commandClass id="0070"/>
        <commandClass id="0072"/>
        <commandClass id="0031"/>
        <commandClass id="0086" version="2"/>
        <commandClass id="0084"/>
      </commandClasses>
  
  
    <configParams>
        <configParam number="1" type="range" size="1" default="05">
            <name>
                <lang xml:lang="en">delta temperature</lang>
              </name>
                  <description>
                <lang xml:lang="en">Configuration parameter 1 &quot;delta temperature&quot;

Default value is 5 (0.5°C).</lang>
              </description>
      
                  <value from="02" to="32">
                <description>
                    <lang xml:lang="en">It is possible to set in the range of 2 to 50, in 0.1
degree steps.</lang>
                  </description>
              </value>
                </configParam>
        <configParam number="2" type="rangemapped" size="1" default="00">
            <name>
                <lang xml:lang="en">temperature scale</lang>
              </name>
                  <description>
                <lang xml:lang="en">Configuration parameter 2 &quot;temperature scale&quot;

Default value is 0.</lang>
              </description>
      
                  <value from="00" to="7f">
                <description>
                    <lang xml:lang="en">0 to 127(0x00-0x7F) = Celsius</lang>
                  </description>
              </value>
            <value from="80" to="ff">
                <description>
                    <lang xml:lang="en">-128 to -1 (0x80-0xFF ) = Fahrenheit</lang>
                  </description>
              </value>
                </configParam>
      </configParams>
  
    
  
    <resourceLinks>
     
    <deviceImage url="http://www.pepper1.net/zwavedb/uploads/resources/853a65fb452f1eb98927bfd9c736321fa31730c5.png" />
      </resourceLinks>
    
  </ZWaveDevice>


