<?xml version="1.0" encoding="utf-8"?>
<ZWaveDevice xmlns="http://www.pepper1.net/zwavedb/xml-schemata/z-wave" schemaVersion="2">

  <descriptorVersion>1</descriptorVersion>

  <deviceData>
            <manufacturerId value="0109"/>
        <productType value="2012"/>
    <productId value="1206"/>
    <libType value="03"/>
    <protoVersion value="03"/>
    <protoSubVersion value="5f"/>
    <appVersion value="0e"/>
    <appSubVersion value="07"/>
        <basicClass value="04"/>
            <genericClass value="0f"/>
            <specificClass value="01"/>
        <optional value="true"/>
    <listening value="true"/>
    <routing value="false"/>
        <beamSensor>0</beamSensor>
            <rfFrequency>US</rfFrequency>
                
      </deviceData>

  <deviceDescription>
                <description>
            <lang xml:lang="en">Repeater</lang>
          </description>
            <wakeupNote>
            <lang xml:lang="en"></lang>
          </wakeupNote>
            <inclusionNote>
            <lang xml:lang="en">Put the Z-Wave™ Interface Controller into“inclusion”
mode and following its instruction to add the ZR1202 to your controller. To get into the “inclusion”
mode, the distance between module and controller is suggested to be in one meter. Press the
program switch on the ZR1202 three times in 3 seconds. The LED should stop flashing, if not,
please try again.</lang>
          </inclusionNote>
            <productName>Repeater</productName>
            <brandName>Vision</brandName>
            <productLine>Home Security</productLine>
            <productCode>ZR1202US-5</productCode>
                        </deviceDescription>

    <commandClasses>
        <commandClass id="005e" version="2"/>
        <commandClass id="0085" version="2"/>
        <commandClass id="0059"/>
        <commandClass id="005a"/>
        <commandClass id="007a" version="2"/>
        <commandClass id="0072" version="2"/>
        <commandClass id="0073"/>
        <commandClass id="0086" version="2"/>
        <commandClass id="0020"/>
      </commandClasses>
  
    <assocGroups>
        <assocGroup number="1" maxNodes="5">
            <description>
                <lang xml:lang="en">Support one association group (5 nodes).</lang>
              </description>
          </assocGroup>
      </assocGroups>
  
  
    
  
    <resourceLinks>
     
    <deviceImage url="http://www.pepper1.net/zwavedb/uploads/resources/a6b2e870a94d2ff1b96a00e6508b70f8da8f277d.png" />
      </resourceLinks>
    
  </ZWaveDevice>


