<?xml version="1.0" encoding="utf-8"?>
<ZWaveDevice xmlns="http://www.pepper1.net/zwavedb/xml-schemata/z-wave" schemaVersion="2">

  <descriptorVersion>1</descriptorVersion>

  <deviceData>
            <manufacturerId value="0109"/>
        <productType value="2002"/>
    <productId value="0205"/>
    <libType value="03"/>
    <protoVersion value="03"/>
    <protoSubVersion value="5f"/>
    <appVersion value="05"/>
    <appSubVersion value="01"/>
        <basicClass value="04"/>
            <genericClass value="07"/>
            <specificClass value="01"/>
        <optional value="true"/>
    <listening value="false"/>
    <routing value="false"/>
        <beamSensor>0</beamSensor>
            <rfFrequency>EU</rfFrequency>
                
      </deviceData>

  <deviceDescription>
                <description>
            <lang xml:lang="de">Vision PIR Motion Sensor Gen5</lang>
            <lang xml:lang="en">PIR Motion Sensor</lang>
          </description>
            <wakeupNote>
            <lang xml:lang="de">Für Wakeup Funktion vordere Abdeckung öffnen. Die rote LED wird für 10 Sekunden anhaltend leuchten. Anschließend sendet der ZP3102 ein &quot;Wake up&quot; Signal.</lang>
            <lang xml:lang="en">It will be triggering after opening the front cover, also the red LED will keep on lasting 10 seconds and ZP3102 will send &quot;Wake UP Notification&quot; after 10 seconds.</lang>
          </wakeupNote>
            <inclusionNote>
            <lang xml:lang="de">Drücken Sie den Programmwahlschalter des ZP3102 zum Senden der NIF. Anschließend sendet Z-Wave die automatische Aufnahme, andernfalls schaltet sich ZP3102 nach 10 Sekunden aus. (P.S.: Sollte die automatisch Aufnahme nicht erfolgreich gewesen sein, versuchen Sie es erneut. Der ZP3102 schaltet sich erst nach 20 Sekunden aus, sollte die Aufnahme nicht funktionieren.)</lang>
            <lang xml:lang="en">To add the ZP3102 to your Z-Wave network (inclusion), place your Z-Wave primary controller into inclusion mode and the distance between sensor and controller is suggested to be in one meter. Press the Program Switch of ZP3102 for sending the NIF. After sending NIF, Z-Wave will send the auto inclusion, otherwise, ZP3102 will go to sleep after 10 seconds. (P.S.: Press the Program Switch to send NIF again for inclusion if the auto inclusion did not success. The ZP3102 will go to sleep after 20 seconds if the inclusion did not work.)</lang>
          </inclusionNote>
            <productName>PIR Sensor</productName>
            <brandName>Vision</brandName>
            <productLine>Home Security</productLine>
            <productCode>ZP3102EU-5</productCode>
                <batteryType>CR123A</batteryType>
            <batteryCount>1</batteryCount>
            </deviceDescription>

    <commandClasses>
        <commandClass id="005e" version="2"/>
        <commandClass id="0098"/>
        <commandClass id="0086" version="2"/>
        <commandClass id="0072" version="2"/>
        <commandClass id="005a"/>
        <commandClass id="0085" version="2"/>
        <commandClass id="0059"/>
        <commandClass id="0073"/>
        <commandClass id="0080"/>
        <commandClass id="0071" version="4"/>
        <commandClass id="0031" version="5"/>
        <commandClass id="0070"/>
        <commandClass id="0084" version="2"/>
        <commandClass id="007a" version="2"/>
        <commandClass id="0020" controlled="true" inNIF="false"/>
      </commandClasses>
  
    <assocGroups>
        <assocGroup number="1" maxNodes="5">
            <description>
                <lang xml:lang="de"></lang>
                <lang xml:lang="en">Remove the cover of the ZP3102 to get into “Awake” mode, then
put the Z-Wave TM Interface Controller into “association”, and following its instruction to
associate the ZP3102 with other device. Close the cover back after “association”
done, afterward the ZP3102 will get into “Sleep” mode for power saving. Support one
association group (5 nodes).
</lang>
              </description>
          </assocGroup>
      </assocGroups>
  
    <configParams>
        <configParam number="1" type="range" size="1" default="03">
            <name>
                <lang xml:lang="de">Einstellung Trigger Set-up Zeit</lang>
                <lang xml:lang="en">Re-trigger duration</lang>
              </name>
                  <description>
                <lang xml:lang="de">Der Benutzer kann die Trigger Set-up Zeit von 1 bis 255 Minuten einstellen, wenn keine Bewegung erkannt wird.
Der Standardwert beträgt 3 Minuten.</lang>
                <lang xml:lang="en">User can change value from 1 to 255 minutes to
setup the re-trigger time when there is no movement detected in the period of time.
Default is 3 minutes.</lang>
              </description>
      
                  <value from="01" to="ff" unit="min">
                <description>
                    <lang xml:lang="de">Wählbar zwischen 1 und 255 Minuten für Einstellung der Retrigger Set-Up Zeit</lang>
                    <lang xml:lang="en">Choose a value between 1 and 255 minutes to set re-trigger time.</lang>
                  </description>
              </value>
                </configParam>
        <configParam number="2" type="rangemapped" size="1" default="00">
            <name>
                <lang xml:lang="de">Einstellung Celsius/ Fahrenheit</lang>
                <lang xml:lang="en">Celsius / Fahrenheit</lang>
              </name>
                  <description>
                <lang xml:lang="de">Der Benutzer kann zwischen Celsius und Fahrenheit wählen.</lang>
                <lang xml:lang="en">User can choose between Celsius and Fahrenheit.</lang>
              </description>
      
                  <value from="00" to="00" unit="C°">
                <description>
                    <lang xml:lang="de">0=Celsius</lang>
                    <lang xml:lang="en">0=Celsius</lang>
                  </description>
              </value>
            <value from="01" to="01" unit="°F">
                <description>
                    <lang xml:lang="de">1=Fahrenheit</lang>
                    <lang xml:lang="en">1=Fahrenheit</lang>
                  </description>
              </value>
                </configParam>
        <configParam number="3" type="range" size="1" default="04">
            <name>
                <lang xml:lang="de">Einstellung der Infrarot-Sensor-Empfindlichkeit</lang>
                <lang xml:lang="en">Infrared sensor sensitivity adjustment</lang>
              </name>
                  <description>
                <lang xml:lang="de">7 Sensitivitätsstärken einstellbar,
1 = höchste Sensitivität
7= geringste Sensitivität
4= Standardwert</lang>
                <lang xml:lang="en">7 levels of sensitivity, 1 = most
sensitive, 7 = most insensitive, default values= 4</lang>
              </description>
      
                  <value from="01" to="07">
                <description>
                    <lang xml:lang="de">Der Benutzer kann die Sensitivitätsstärke einstellen</lang>
                    <lang xml:lang="en">User is able to adjust sensitivity.</lang>
                  </description>
              </value>
                </configParam>
      </configParams>
  
    
  
    <resourceLinks>
     
    <deviceImage url="http://www.pepper1.net/zwavedb/uploads/resources/3af853c088e154fcfb493e65ef7acee3fba11d6f.jpg" />
      </resourceLinks>
    
  </ZWaveDevice>


