<?xml version="1.0" encoding="utf-8"?>
<ZWaveDevice xmlns="http://www.pepper1.net/zwavedb/xml-schemata/z-wave" schemaVersion="2">

  <descriptorVersion>1</descriptorVersion>

  <deviceData>
            <productType value="0000"/>
    <productId value="0000"/>
    <libType value="00"/>
    <protoVersion value="00"/>
    <protoSubVersion value="00"/>
    <appVersion value="00"/>
    <appSubVersion value="00"/>
        <basicClass value="02"/>
            <genericClass value="02"/>
            <specificClass value="00"/>
        <optional value="true"/>
    <listening value="true"/>
    <routing value="false"/>
        <beamSensor>0</beamSensor>
            <rfFrequency>EU</rfFrequency>
                
      </deviceData>

  <deviceDescription>
                <description>
            <lang xml:lang="en">Central Controller</lang>
          </description>
            <wakeupNote>
            <lang xml:lang="en"></lang>
          </wakeupNote>
            <inclusionNote>
            <lang xml:lang="en"></lang>
          </inclusionNote>
            <productName>Connected Life Gateway</productName>
            <brandName>CISCO</brandName>
            <productLine>CLG</productLine>
            <productCode>8202</productCode>
            <productVersion>R2.00</productVersion>
                    </deviceDescription>

    <commandClasses>
        <commandClass id="0098" controlled="true"/>
        <commandClass id="0020" controlled="true"/>
        <commandClass id="0071" version="2" controlled="true"/>
        <commandClass id="009c" controlled="true"/>
        <commandClass id="0085" version="2" controlled="true"/>
        <commandClass id="0080" controlled="true"/>
        <commandClass id="0030" controlled="true"/>
        <commandClass id="0025" controlled="true"/>
        <commandClass id="0046" controlled="true"/>
        <commandClass id="0081" controlled="true"/>
        <commandClass id="0070" version="2" controlled="true"/>
        <commandClass id="0062" controlled="true"/>
        <commandClass id="004c" controlled="true"/>
        <commandClass id="0082"/>
        <commandClass id="0072" version="2" controlled="true"/>
        <commandClass id="0032" version="3" controlled="true"/>
        <commandClass id="0060" version="3" controlled="true"/>
        <commandClass id="008e" version="2" controlled="true"/>
        <commandClass id="0031" version="5" controlled="true"/>
        <commandClass id="0026" controlled="true"/>
        <commandClass id="0000" controlled="true"/>
        <commandClass id="0073" controlled="true"/>
        <commandClass id="0075" version="2" controlled="true"/>
        <commandClass id="0044" controlled="true"/>
        <commandClass id="0045" controlled="true"/>
        <commandClass id="0040" version="2" controlled="true"/>
        <commandClass id="0042" controlled="true"/>
        <commandClass id="0047" controlled="true"/>
        <commandClass id="0043" version="2" controlled="true"/>
        <commandClass id="0063" controlled="true"/>
        <commandClass id="0086" controlled="true"/>
        <commandClass id="0084" version="2"/>
      </commandClasses>
  
  
  
    
  
    <resourceLinks>
     
    <deviceImage url="http://www.pepper1.net/zwavedb/uploads/resources/683df7b23b140d5a4f4c5733fb316683e059941f.jpg" />
      </resourceLinks>
    
  </ZWaveDevice>


