<?xml version="1.0" encoding="utf-8"?>
<ZWaveDevice xmlns="http://www.pepper1.net/zwavedb/xml-schemata/z-wave" schemaVersion="2">

  <descriptorVersion>1</descriptorVersion>

  <deviceData>
            <manufacturerId value="0071"/>
        <productType value="0002"/>
    <productId value="035d"/>
    <libType value="00"/>
    <protoVersion value="00"/>
    <protoSubVersion value="00"/>
    <appVersion value="00"/>
    <appSubVersion value="00"/>
        <basicClass value="04"/>
            <genericClass value="21"/>
            <specificClass value="01"/>
        <optional value="true"/>
    <listening value="false"/>
    <routing value="false"/>
        <beamSensor>0</beamSensor>
                    
      </deviceData>

  <deviceDescription>
                <description>
            <lang xml:lang="de">Temperatur-Sensor</lang>
            <lang xml:lang="en">Temperature Sensor</lang>
          </description>
            <wakeupNote>
            <lang xml:lang="de">Interner Taster</lang>
            <lang xml:lang="en">Internal Button</lang>
          </wakeupNote>
            <inclusionNote>
            <lang xml:lang="de">Interner Taster</lang>
            <lang xml:lang="en">Internal Button</lang>
          </inclusionNote>
            <productName>E861C</productName>
                            <batteryType>AAA</batteryType>
            <batteryCount>4</batteryCount>
            </deviceDescription>

    <commandClasses>
        <commandClass id="0020"/>
        <commandClass id="0080"/>
        <commandClass id="0084"/>
        <commandClass id="0085" version="0"/>
        <commandClass id="0086"/>
        <commandClass id="0070"/>
        <commandClass id="0031"/>
        <commandClass id="0072"/>
      </commandClasses>
  
    <assocGroups>
        <assocGroup number="1" maxNodes="5">
            <description>
                <lang xml:lang="de">Empfänger von Sensor-Reports</lang>
                <lang xml:lang="en">Receiver of all REPORTS</lang>
              </description>
          </assocGroup>
      </assocGroups>
  
    <configParams>
        <configParam number="1" type="range" size="1" default="00">
            <name>
                <lang xml:lang="de">Veränderungsschwellwert</lang>
                <lang xml:lang="en">Delta Percentage</lang>
              </name>
                  <description>
                <lang xml:lang="de"></lang>
                <lang xml:lang="en"></lang>
              </description>
      
                  <value from="02" to="38" unit="%">
                <description>
                    <lang xml:lang="de">Delta</lang>
                    <lang xml:lang="en">Delta</lang>
                  </description>
              </value>
                </configParam>
        <configParam number="2" type="constant" size="1" default="00">
            <name>
                <lang xml:lang="de">Celsius/Fahrenheit</lang>
                <lang xml:lang="en">Celsius/Fahrenheit</lang>
              </name>
                  <description>
                <lang xml:lang="de"></lang>
                <lang xml:lang="en"></lang>
              </description>
      
                  <value from="00" to="40">
                <description>
                    <lang xml:lang="de">Celsius</lang>
                    <lang xml:lang="en">Celsius</lang>
                  </description>
              </value>
            <value from="40" to="7f">
                <description>
                    <lang xml:lang="de">Fahrenheit</lang>
                    <lang xml:lang="en">Fahrenheit</lang>
                  </description>
              </value>
                </configParam>
        <configParam number="3" type="constant" size="1" default="00">
            <name>
                <lang xml:lang="de">Sende Messwert beim Auswecken</lang>
                <lang xml:lang="en">Send setpoint when wakeup</lang>
              </name>
                  <description>
                <lang xml:lang="de"></lang>
                <lang xml:lang="en"></lang>
              </description>
      
                  <value from="00" to="40">
                <description>
                    <lang xml:lang="de">Senden</lang>
                    <lang xml:lang="en">send</lang>
                  </description>
              </value>
            <value from="40" to="7f">
                <description>
                    <lang xml:lang="de">Nicht Senden</lang>
                    <lang xml:lang="en">do not send</lang>
                  </description>
              </value>
                </configParam>
      </configParams>
  
    
  
    <resourceLinks>
     
    <deviceImage url="http://pepper1.net/zwavedb/uploads/resources/79d9e74cde80f607eca0d9f17b4d497855861f73.jpg" />
      </resourceLinks>
    
  </ZWaveDevice>


