<?xml version="1.0" encoding="utf-8"?>
<ZWaveDevice xmlns="http://www.pepper1.net/zwavedb/xml-schemata/z-wave" schemaVersion="2">

  <descriptorVersion>1</descriptorVersion>

  <deviceData>
            <manufacturerId value="0086"/>
        <productType value="0002"/>
    <productId value="0009"/>
    <libType value="03"/>
    <protoVersion value="02"/>
    <protoSubVersion value="61"/>
    <appVersion value="03"/>
    <appSubVersion value="38"/>
        <basicClass value="04"/>
            <genericClass value="21"/>
            <specificClass value="01"/>
        <optional value="false"/>
    <listening value="false"/>
    <routing value="false"/>
        <beamSensor>1000</beamSensor>
                    
      </deviceData>

  <deviceDescription>
                <description>
            <lang xml:lang="de">Zangen-Strommessgerät</lang>
            <lang xml:lang="en">Clamp Power Meter</lang>
          </description>
            <wakeupNote>
            <lang xml:lang="de"></lang>
            <lang xml:lang="en"></lang>
          </wakeupNote>
            <inclusionNote>
            <lang xml:lang="de">Taster hinter Abdeckung</lang>
            <lang xml:lang="en">Button inside</lang>
          </inclusionNote>
            <productName>HEM</productName>
            <brandName>AeonLabs</brandName>
            <productLine>Power Sensors</productLine>
                    <batteryType>AA</batteryType>
            <batteryCount>4</batteryCount>
            </deviceDescription>

    <commandClasses>
        <commandClass id="0020"/>
        <commandClass id="0080"/>
        <commandClass id="0084" controlled="true"/>
        <commandClass id="0085"/>
        <commandClass id="0086"/>
        <commandClass id="0060" version="2"/>
        <commandClass id="0072"/>
        <commandClass id="0070"/>
        <commandClass id="0031" version="2"/>
        <commandClass id="0032" version="2"/>
      </commandClasses>
  
    <assocGroups>
        <assocGroup number="1" maxNodes="5">
            <description>
                <lang xml:lang="de">Empfänger aller Reports</lang>
                <lang xml:lang="en">Receiver of all Reports</lang>
              </description>
          </assocGroup>
      </assocGroups>
  
    <configParams>
        <configParam number="1" type="range" size="2" default="00f0">
            <name>
                <lang xml:lang="de">Netzspannung</lang>
                <lang xml:lang="en">Mains Voltage</lang>
              </name>
                  <description>
                <lang xml:lang="de">Definiert die Netzspanning, um aus der gemessenen Stromstärke unter Annahme eines Leistungsfaktors von 1 die elektrische Leistung der Verbraucher zu errechnen.</lang>
                <lang xml:lang="en">Set the Mains Voltage to calculate Power from the measured Current</lang>
              </description>
      
                  <value from="0000" to="7d00" unit="V">
                <description>
                    <lang xml:lang="de">Volt</lang>
                    <lang xml:lang="en">Voltage</lang>
                  </description>
              </value>
                </configParam>
        <configParam number="3" type="rangemapped" size="1" default="00">
            <name>
                <lang xml:lang="de">Automatisches Senden eines Messwertes erfolgt nur bei Änderung des Messwertes</lang>
                <lang xml:lang="en">Automated Report only when power is changed</lang>
              </name>
                  <description>
                <lang xml:lang="de"></lang>
                <lang xml:lang="en"></lang>
              </description>
      
                  <value from="00" to="00">
                <description>
                    <lang xml:lang="de">Deaktiviert</lang>
                    <lang xml:lang="en">Disabled</lang>
                  </description>
              </value>
            <value from="01" to="01">
                <description>
                    <lang xml:lang="de">Aktiviert</lang>
                    <lang xml:lang="en">Enabled</lang>
                  </description>
              </value>
                </configParam>
        <configParam number="4" type="range" size="2" default="0032">
            <name>
                <lang xml:lang="de">Änderungsschwellwert für Leistungs-Report (Watt) für das gesamte Gerät</lang>
                <lang xml:lang="en">Minimum Change to send Report (Watt) for the whole HEM</lang>
              </name>
                  <description>
                <lang xml:lang="de">Definiert die minimale Änderung der Leistungsaufnahme des angeschlossenen Verbrauchers in Watt, die zu einem automatischen Senden von Leistungsdaten führt.</lang>
                <lang xml:lang="en">The value represents the minimum change in Wattage for a Report to be sent .</lang>
              </description>
      
                  <value from="0000" to="7d00" unit="W">
                <description>
                    <lang xml:lang="de">W</lang>
                    <lang xml:lang="en">W</lang>
                  </description>
              </value>
                </configParam>
        <configParam number="5" type="range" size="2" default="0032">
            <name>
                <lang xml:lang="de">Änderungsschwellwert für Leistungs-Report (Watt) für Klemme 1</lang>
                <lang xml:lang="en">Minimum Change to send Report (Watt) for clamp 1</lang>
              </name>
                  <description>
                <lang xml:lang="de">Definiert die minimale Änderung der Leistungsaufnahme des angeschlossenen Verbrauchers in Watt, die zu einem automatischen Senden von Leistungsdaten führt.</lang>
                <lang xml:lang="en">The value represents the minimum change in Wattage for a Report to be sent .</lang>
              </description>
      
                  <value from="0000" to="7d00" unit="W">
                <description>
                    <lang xml:lang="de">W</lang>
                    <lang xml:lang="en">W</lang>
                  </description>
              </value>
                </configParam>
        <configParam number="6" type="range" size="2" default="0032">
            <name>
                <lang xml:lang="de">Änderungsschwellwert für Leistungs-Report (Watt) für Klemme 2</lang>
                <lang xml:lang="en">Minimum Change to send Report (Watt) for clamp 2</lang>
              </name>
                  <description>
                <lang xml:lang="de">Definiert die minimale Änderung der Leistungsaufnahme des angeschlossenen Verbrauchers in Watt, die zu einem automatischen Senden von Leistungsdaten führt.</lang>
                <lang xml:lang="en">The value represents the minimum change in Wattage for a Report to be sent .</lang>
              </description>
      
                  <value from="0000" to="7d00" unit="W">
                <description>
                    <lang xml:lang="de">W</lang>
                    <lang xml:lang="en">W</lang>
                  </description>
              </value>
                </configParam>
        <configParam number="7" type="range" size="2" default="0032">
            <name>
                <lang xml:lang="de">Änderungsschwellwert für Leistungs-Report (Watt) für Klemme 3</lang>
                <lang xml:lang="en">Minimum Change to send Report (Watt) for clamp 3</lang>
              </name>
                  <description>
                <lang xml:lang="de">Definiert die minimale Änderung der Leistungsaufnahme des angeschlossenen Verbrauchers in Watt, die zu einem automatischen Senden von Leistungsdaten führt.</lang>
                <lang xml:lang="en">The value represents the minimum change in Wattage for a Report to be sent .</lang>
              </description>
      
                  <value from="0000" to="7d00" unit="W">
                <description>
                    <lang xml:lang="de">W</lang>
                    <lang xml:lang="en">W</lang>
                  </description>
              </value>
                </configParam>
        <configParam number="8" type="range" size="1" default="0a">
            <name>
                <lang xml:lang="de">Änderungsschwellwert für Leistungs-Report (%) für das gesamte Gerät</lang>
                <lang xml:lang="en">Minimum Change to send Report (%) for the whole HEM</lang>
              </name>
                  <description>
                <lang xml:lang="de">Definiert die minimale Änderung der Leistungsaufnahme des angeschlossenen Verbrauchers in Prozent, die zu einem automatischen Senden von Leistungsdaten führt.</lang>
                <lang xml:lang="en">The value represents the minimum change in Watage Percent for a report to be sent </lang>
              </description>
      
                  <value from="00" to="ff" unit="W">
                <description>
                    <lang xml:lang="de">%</lang>
                    <lang xml:lang="en">%</lang>
                  </description>
              </value>
                </configParam>
        <configParam number="9" type="range" size="1" default="0a">
            <name>
                <lang xml:lang="de">Änderungsschwellwert für Leistungs-Report (%) für Klemme 1</lang>
                <lang xml:lang="en">Minimum Change to send Report (%) for clamp 1</lang>
              </name>
                  <description>
                <lang xml:lang="de">Definiert die minimale Änderung der Leistungsaufnahme des angeschlossenen Verbrauchers in Prozent, die zu einem automatischen Senden von Leistungsdaten führt.</lang>
                <lang xml:lang="en">The value represents the minimum change in Watage Percent for a report to be sent </lang>
              </description>
      
                  <value from="00" to="ff" unit="W">
                <description>
                    <lang xml:lang="de">%</lang>
                    <lang xml:lang="en">%</lang>
                  </description>
              </value>
                </configParam>
        <configParam number="10" type="range" size="1" default="0a">
            <name>
                <lang xml:lang="de">Änderungsschwellwert für Leistungs-Report (%) für Klemme 2</lang>
                <lang xml:lang="en">Minimum Change to send Report (%) for clamp 2</lang>
              </name>
                  <description>
                <lang xml:lang="de">Definiert die minimale Änderung der Leistungsaufnahme des angeschlossenen Verbrauchers in Prozent, die zu einem automatischen Senden von Leistungsdaten führt.</lang>
                <lang xml:lang="en">The value represents the minimum change in Watage Percent for a report to be sent </lang>
              </description>
      
                  <value from="00" to="ff" unit="W">
                <description>
                    <lang xml:lang="de">%</lang>
                    <lang xml:lang="en">%</lang>
                  </description>
              </value>
                </configParam>
        <configParam number="11" type="range" size="1" default="0a">
            <name>
                <lang xml:lang="de">Änderungsschwellwert für Leistungs-Report (%) für Klemme 3</lang>
                <lang xml:lang="en">Minimum Change to send Report (%) for clamp 3</lang>
              </name>
                  <description>
                <lang xml:lang="de">Definiert die minimale Änderung der Leistungsaufnahme des angeschlossenen Verbrauchers in Prozent, die zu einem automatischen Senden von Leistungsdaten führt.</lang>
                <lang xml:lang="en">The value represents the minimum change in Watage Percent for a report to be sent </lang>
              </description>
      
                  <value from="00" to="ff" unit="W">
                <description>
                    <lang xml:lang="de">%</lang>
                    <lang xml:lang="en">%</lang>
                  </description>
              </value>
                </configParam>
        <configParam number="12" type="rangemapped" size="1" default="00">
            <name>
                <lang xml:lang="de">Berechne KWH auch bei Batteriebetrieb</lang>
                <lang xml:lang="en">Calculate kWh when battery powered</lang>
              </name>
                  <description>
                <lang xml:lang="de"></lang>
                <lang xml:lang="en"></lang>
              </description>
      
                  <value from="00" to="00">
                <description>
                    <lang xml:lang="de">Deaktiviert</lang>
                    <lang xml:lang="en">Disabled</lang>
                  </description>
              </value>
            <value from="01" to="01">
                <description>
                    <lang xml:lang="de">Aktiviert</lang>
                    <lang xml:lang="en">Enabled</lang>
                  </description>
              </value>
                </configParam>
        <configParam number="101" type="rangemapped" size="4" default="00000008">
            <name>
                <lang xml:lang="de">Benachrichtigungsart der Benachrichtigungsgruppe 1</lang>
                <lang xml:lang="en">Report type send in Reporting Group 1</lang>
              </name>
                  <description>
                <lang xml:lang="de">Definiert die Benachrichtigungsart (Typ des Reports), der in dier Benachrichtigungsgruppe 1 gesendet wird.</lang>
                <lang xml:lang="en">Defines the type of report sent for the Reporting Group 1.</lang>
              </description>
      
                  <value from="00000001" to="00000001">
                <description>
                    <lang xml:lang="de">Batterie-Report</lang>
                    <lang xml:lang="en">Battery Report</lang>
                  </description>
              </value>
            <value from="00000002" to="00000002">
                <description>
                    <lang xml:lang="de">Multisensor-Report für das Gesamtgerät</lang>
                    <lang xml:lang="en">MultiSensor Report for the whole device</lang>
                  </description>
              </value>
            <value from="00000004" to="00000004">
                <description>
                    <lang xml:lang="de">Zähler-Report als Watt für das Gesamtgerät</lang>
                    <lang xml:lang="en">Meter Report for Watt for the whole device</lang>
                  </description>
              </value>
            <value from="00000008" to="00000008">
                <description>
                    <lang xml:lang="de">Zähler-Report als kWh für das Gesamtgerät</lang>
                    <lang xml:lang="en">Meter Report for kWh for the whole device</lang>
                  </description>
              </value>
            <value from="00000100" to="00000100">
                <description>
                    <lang xml:lang="de">Zähler-Report als Watt für Klemme 1</lang>
                    <lang xml:lang="en">Meter Report for Watt for clamp 1</lang>
                  </description>
              </value>
            <value from="00000200" to="00000200">
                <description>
                    <lang xml:lang="de">Zähler-Report als Watt für Klemme 2</lang>
                    <lang xml:lang="en">Meter Report for Watt for clamp 2</lang>
                  </description>
              </value>
            <value from="00000400" to="00000400">
                <description>
                    <lang xml:lang="de">Zähler-Report als Watt für Klemme 3</lang>
                    <lang xml:lang="en">Meter Report for Watt for clamp 3</lang>
                  </description>
              </value>
            <value from="00000800" to="00000800">
                <description>
                    <lang xml:lang="de">Zähler-Report als kWh für Klemme 1</lang>
                    <lang xml:lang="en">Meter Report for kWh for clamp 1</lang>
                  </description>
              </value>
            <value from="00001000" to="00001000">
                <description>
                    <lang xml:lang="de">Zähler-Report als kWh für Klemme 2</lang>
                    <lang xml:lang="en">Meter Report for Watt for clamp 2</lang>
                  </description>
              </value>
            <value from="00002000" to="00002000">
                <description>
                    <lang xml:lang="de">Zähler-Report als kWh für Klemme 3</lang>
                    <lang xml:lang="en">Meter Report for kWh for clamp 3</lang>
                  </description>
              </value>
                </configParam>
        <configParam number="102" type="rangemapped" size="4" default="00000000">
            <name>
                <lang xml:lang="de">Benachrichtigungsart der Benachrichtigungsgruppe 2</lang>
                <lang xml:lang="en">Report Type send in Reporting Group 2</lang>
              </name>
                  <description>
                <lang xml:lang="de">Definiert die Benachrichtigungsart (Typ des Reports), der in dier Benachrichtigungsgruppe 2 gesendet wird.</lang>
                <lang xml:lang="en">Defines the type of report sent for the Reporting Group 2.</lang>
              </description>
      
                  <value from="00000001" to="00000001">
                <description>
                    <lang xml:lang="de">Batterie-Report</lang>
                    <lang xml:lang="en">Battery Report</lang>
                  </description>
              </value>
            <value from="00000002" to="00000002">
                <description>
                    <lang xml:lang="de">Multisensor-Report für das Gesamtgerät</lang>
                    <lang xml:lang="en">MultiSensor Report for the whole device</lang>
                  </description>
              </value>
            <value from="00000004" to="00000004">
                <description>
                    <lang xml:lang="de">Zähler-Report als Watt für das Gesamtgerät</lang>
                    <lang xml:lang="en">Meter Report for Watt for the whole device</lang>
                  </description>
              </value>
            <value from="00000008" to="00000008">
                <description>
                    <lang xml:lang="de">Zähler-Report als kWh für das Gesamtgerät</lang>
                    <lang xml:lang="en">Meter Report for kWh for the whole device</lang>
                  </description>
              </value>
            <value from="00000100" to="00000100">
                <description>
                    <lang xml:lang="de">Zähler-Report als Watt für Klemme 1</lang>
                    <lang xml:lang="en">Meter Report for Watt for clamp 1</lang>
                  </description>
              </value>
            <value from="00000200" to="00000200">
                <description>
                    <lang xml:lang="de">Zähler-Report als Watt für Klemme 2</lang>
                    <lang xml:lang="en">Meter Report for Watt for clamp 2</lang>
                  </description>
              </value>
            <value from="00000400" to="00000400">
                <description>
                    <lang xml:lang="de">Zähler-Report als Watt für Klemme 3</lang>
                    <lang xml:lang="en">Meter Report for Watt for clamp 3</lang>
                  </description>
              </value>
            <value from="00000800" to="00000800">
                <description>
                    <lang xml:lang="de">Zähler-Report als kWh für Klemme 1</lang>
                    <lang xml:lang="en">Meter Report for kWh for clamp 1</lang>
                  </description>
              </value>
            <value from="00001000" to="00001000">
                <description>
                    <lang xml:lang="de">Zähler-Report als kWh für Klemme 2</lang>
                    <lang xml:lang="en">Meter Report for Watt for clamp 2</lang>
                  </description>
              </value>
            <value from="00002000" to="00002000">
                <description>
                    <lang xml:lang="de">Zähler-Report als kWh für Klemme 3</lang>
                    <lang xml:lang="en">Meter Report for kWh for clamp 3</lang>
                  </description>
              </value>
                </configParam>
        <configParam number="103" type="rangemapped" size="4" default="00000000">
            <name>
                <lang xml:lang="de">Benachrichtigungsart der Benachrichtigungsgruppe 3</lang>
                <lang xml:lang="en">Report Type send in Reporting Group 3</lang>
              </name>
                  <description>
                <lang xml:lang="de">Definiert die Benachrichtigungsart (Typ des Reports), der in dier Benachrichtigungsgruppe 3 gesendet wird.</lang>
                <lang xml:lang="en">Defines the type of report sent for the Reporting Group 3.</lang>
              </description>
      
                  <value from="00000001" to="00000001">
                <description>
                    <lang xml:lang="de">Batterie-Report</lang>
                    <lang xml:lang="en">Battery Report</lang>
                  </description>
              </value>
            <value from="00000002" to="00000002">
                <description>
                    <lang xml:lang="de">Multisensor-Report für das Gesamtgerät</lang>
                    <lang xml:lang="en">MultiSensor Report for the whole device</lang>
                  </description>
              </value>
            <value from="00000004" to="00000004">
                <description>
                    <lang xml:lang="de">Zähler-Report als Watt für das Gesamtgerät</lang>
                    <lang xml:lang="en">Meter Report for Watt for the whole device</lang>
                  </description>
              </value>
            <value from="00000008" to="00000008">
                <description>
                    <lang xml:lang="de">Zähler-Report als kWh für das Gesamtgerät</lang>
                    <lang xml:lang="en">Meter Report for kWh for the whole device</lang>
                  </description>
              </value>
            <value from="00000100" to="00000100">
                <description>
                    <lang xml:lang="de">Zähler-Report als Watt für Klemme 1</lang>
                    <lang xml:lang="en">Meter Report for Watt for clamp 1</lang>
                  </description>
              </value>
            <value from="00000200" to="00000200">
                <description>
                    <lang xml:lang="de">Zähler-Report als Watt für Klemme 2</lang>
                    <lang xml:lang="en">Meter Report for Watt for clamp 2</lang>
                  </description>
              </value>
            <value from="00000400" to="00000400">
                <description>
                    <lang xml:lang="de">Zähler-Report als Watt für Klemme 3</lang>
                    <lang xml:lang="en">Meter Report for Watt for clamp 3</lang>
                  </description>
              </value>
            <value from="00000800" to="00000800">
                <description>
                    <lang xml:lang="de">Zähler-Report als kWh für Klemme 1</lang>
                    <lang xml:lang="en">Meter Report for kWh for clamp 1</lang>
                  </description>
              </value>
            <value from="00001000" to="00001000">
                <description>
                    <lang xml:lang="de">Zähler-Report als kWh für Klemme 2</lang>
                    <lang xml:lang="en">Meter Report for Watt for clamp 2</lang>
                  </description>
              </value>
            <value from="00002000" to="00002000">
                <description>
                    <lang xml:lang="de">Zähler-Report als kWh für Klemme 3</lang>
                    <lang xml:lang="en">Meter Report for kWh for clamp 3</lang>
                  </description>
              </value>
                </configParam>
        <configParam number="111" type="range" size="4" default="000002d0">
            <name>
                <lang xml:lang="de">Sendeinterval für Benachrichtigungsgruppe 1</lang>
                <lang xml:lang="en">Send Interval for Reporting Group 1</lang>
              </name>
                  <description>
                <lang xml:lang="de">Definiert das Zeitinterval, in dem die definierte Benachrichtigung der Benachrichtigungsgruppe 1 ausgesendet wird.</lang>
                <lang xml:lang="en">Defines the time interval when the defined report of Reporting Group 1 is sent out.</lang>
              </description>
      
                  <value from="00000000" to="0000ffff" unit="s">
                <description>
                    <lang xml:lang="de">Sekunden</lang>
                    <lang xml:lang="en">Seconds</lang>
                  </description>
              </value>
                </configParam>
        <configParam number="112" type="range" size="4" default="000002d0">
            <name>
                <lang xml:lang="de">Sendeinterval für Benachrichtigungsgruppe 2</lang>
                <lang xml:lang="en">Send Interval for Reporting Group 2</lang>
              </name>
                  <description>
                <lang xml:lang="de">Definiert das Zeitinterval, in dem die definierte Benachrichtigung der Benachrichtigungsgruppe 2 ausgesendet wird.</lang>
                <lang xml:lang="en">Defines the time interval when the defined report of Reporting Group 2 is sent out.</lang>
              </description>
      
                  <value from="00000000" to="0000ffff" unit="s">
                <description>
                    <lang xml:lang="de">Sekunden</lang>
                    <lang xml:lang="en">Seconds</lang>
                  </description>
              </value>
                </configParam>
        <configParam number="113" type="range" size="4" default="000002d0">
            <name>
                <lang xml:lang="de">Sendeinterval für Benachrichtigungsgruppe 3</lang>
                <lang xml:lang="en">Send Interval for Reporting Group 3</lang>
              </name>
                  <description>
                <lang xml:lang="de">Definiert das Zeitinterval, in dem die definierte Benachrichtigung der Benachrichtigungsgruppe 3 ausgesendet wird.</lang>
                <lang xml:lang="en">Defines the time interval when the defined report of Reporting Group 3 is sent out.</lang>
              </description>
      
                  <value from="00000000" to="00007d00" unit="s">
                <description>
                    <lang xml:lang="de">Sekunden</lang>
                    <lang xml:lang="en">Seconds</lang>
                  </description>
              </value>
                </configParam>
      </configParams>
  
    <endpoints>
           <endpoint number="2">
            <name>
                <lang xml:lang="en"></lang>
              </name>
                  <description>
                <lang xml:lang="en"></lang>
              </description>
                  <genericClass value="21"/>
                  <specificClass value="01"/>
                  <commandClass id="0020"/>
            <commandClass id="0031" version="2"/>
            <commandClass id="0032" version="2"/>
          </endpoint>
           <endpoint number="1">
            <name>
                <lang xml:lang="en"></lang>
              </name>
                  <description>
                <lang xml:lang="en"></lang>
              </description>
                  <genericClass value="21"/>
                  <specificClass value="01"/>
                  <commandClass id="0020"/>
            <commandClass id="0031" version="2"/>
            <commandClass id="0032" version="2"/>
          </endpoint>
      </endpoints>
    
  
    <resourceLinks>
     
    <deviceImage url="http://www.pepper1.net/zwavedb/uploads/resources/71b1c1d6381a98d92622631f33c7cd9e2ba1b5bd.gif" />
      </resourceLinks>
    
  </ZWaveDevice>


