<?xml version="1.0" encoding="utf-8"?>
<ZWaveDevice xmlns="http://www.pepper1.net/zwavedb/xml-schemata/z-wave" schemaVersion="2">

  <descriptorVersion>1</descriptorVersion>

  <deviceData>
            <manufacturerId value="007a"/>
        <productType value="0002"/>
    <productId value="0001"/>
    <libType value="02"/>
    <protoVersion value="02"/>
    <protoSubVersion value="1b"/>
    <appVersion value="01"/>
    <appSubVersion value="08"/>
        <basicClass value="01"/>
            <genericClass value="12"/>
            <specificClass value="00"/>
        <optional value="false"/>
    <listening value="false"/>
    <routing value="false"/>
        <beamSensor>0</beamSensor>
                    
      </deviceData>

  <deviceDescription>
                <description>
            <lang xml:lang="de">Batteriebetriebener Wandcontroller MOVE</lang>
            <lang xml:lang="en">Battery Powered Wall Controller MOVE</lang>
          </description>
            <wakeupNote>
            <lang xml:lang="de">Dreifach auf Taster und 5 Sekunden warten</lang>
            <lang xml:lang="en">tripple press button and wait for 5 sec.</lang>
          </wakeupNote>
            <inclusionNote>
            <lang xml:lang="de">Dreifach auf Taster</lang>
            <lang xml:lang="en">tripple press on button</lang>
          </inclusionNote>
            <productName>5082xx</productName>
            <brandName>CONNECT</brandName>
                        <batteryType>CR2450</batteryType>
            <batteryCount>1</batteryCount>
            </deviceDescription>

    <commandClasses>
        <commandClass id="0020"/>
        <commandClass id="0085"/>
        <commandClass id="0086"/>
        <commandClass id="008e"/>
        <commandClass id="0070"/>
        <commandClass id="0072"/>
      </commandClasses>
  
    <assocGroups>
        <assocGroup number="1" maxNodes="12">
            <description>
                <lang xml:lang="de">Taster</lang>
                <lang xml:lang="en">Button</lang>
                <lang xml:lang="ru"></lang>
              </description>
          </assocGroup>
      </assocGroups>
  
    <configParams>
        <configParam number="4" type="range" size="1" default="00">
            <name>
                <lang xml:lang="de">Schalten mit einer Schaltwippe</lang>
                <lang xml:lang="en">Switching single-surface</lang>
                <lang xml:lang="ru">Включатель с одной клавишей</lang>
              </name>
                  <description>
                <lang xml:lang="de"></lang>
                <lang xml:lang="en"></lang>
                <lang xml:lang="ru"></lang>
              </description>
      
                  <value from="00" to="7f">
                <description>
                    <lang xml:lang="de">Kanfigurationsparameter</lang>
                    <lang xml:lang="en">Config Byte</lang>
                    <lang xml:lang="ru"></lang>
                  </description>
              </value>
                </configParam>
        <configParam number="44" type="range" size="1" default="00">
            <name>
                <lang xml:lang="de">Türgongfunktion</lang>
                <lang xml:lang="en">Doorbell function </lang>
                <lang xml:lang="ru">Функция звонка</lang>
              </name>
                  <description>
                <lang xml:lang="de"></lang>
                <lang xml:lang="en"></lang>
                <lang xml:lang="ru"></lang>
              </description>
      
                  <value from="00" to="7f">
                <description>
                    <lang xml:lang="de">Kanfigurationsparameter</lang>
                    <lang xml:lang="en">Config Byte</lang>
                    <lang xml:lang="ru"></lang>
                  </description>
              </value>
                </configParam>
        <configParam number="54" type="range" size="1" default="00">
            <name>
                <lang xml:lang="de">Jalousiesteuerung mittels einer Schaltwippe</lang>
                <lang xml:lang="en">Move shutter single-surface</lang>
                <lang xml:lang="ru">Управление жалюзи с одной кнопки</lang>
              </name>
                  <description>
                <lang xml:lang="de">Richtung des Steuerungmotors wechselt bei jedem Schaltvorgang</lang>
                <lang xml:lang="en">Direction of movement changes after each switching process</lang>
                <lang xml:lang="ru">Направление движения меняется при каждом нажатии</lang>
              </description>
      
                  <value from="00" to="7f">
                <description>
                    <lang xml:lang="de">Kanfigurationsparameter</lang>
                    <lang xml:lang="en">Config Byte</lang>
                    <lang xml:lang="ru"></lang>
                  </description>
              </value>
                </configParam>
        <configParam number="52" type="range" size="1" default="00">
            <name>
                <lang xml:lang="de">Jalousie senken, solange Taster gedrückt ist</lang>
                <lang xml:lang="en">LOWER shutter as long as button is pressed</lang>
                <lang xml:lang="ru">Опускать жалюзи пока кнопка удерживается</lang>
              </name>
                  <description>
                <lang xml:lang="de"></lang>
                <lang xml:lang="en"></lang>
                <lang xml:lang="ru"></lang>
              </description>
      
                  <value from="00" to="7f">
                <description>
                    <lang xml:lang="de">Kanfigurationsparameter</lang>
                    <lang xml:lang="en">Config Byte</lang>
                    <lang xml:lang="ru"></lang>
                  </description>
              </value>
                </configParam>
        <configParam number="55" type="range" size="1" default="00">
            <name>
                <lang xml:lang="de">Jalousie anheben, solange Taster gedrückt ist</lang>
                <lang xml:lang="en">RAISE shutter as long as button is pressed</lang>
                <lang xml:lang="ru">Поднимать жалюзи пока кнопка удерживается</lang>
              </name>
                  <description>
                <lang xml:lang="de"></lang>
                <lang xml:lang="en"></lang>
                <lang xml:lang="ru"></lang>
              </description>
      
                  <value from="00" to="7f">
                <description>
                    <lang xml:lang="de">Kanfigurationsparameter</lang>
                    <lang xml:lang="en">Config Byte</lang>
                    <lang xml:lang="ru"></lang>
                  </description>
              </value>
                </configParam>
      </configParams>
  
    
  
    <resourceLinks>
     
    <deviceImage url="http://www.pepper1.net/zwavedb/uploads/resources/b233d2d8a33f47c809e0722680b6a2c45d1dca26.png" />
      </resourceLinks>
    
  </ZWaveDevice>


