<?xml version="1.0" encoding="utf-8"?>
<ZWaveDevice xmlns="http://www.pepper1.net/zwavedb/xml-schemata/z-wave" schemaVersion="2">

  <descriptorVersion>1</descriptorVersion>

  <deviceData>
            <manufacturerId value="007a"/>
        <productType value="8003"/>
    <productId value="0001"/>
    <libType value="06"/>
    <protoVersion value="02"/>
    <protoSubVersion value="1b"/>
    <appVersion value="02"/>
    <appSubVersion value="02"/>
        <basicClass value="04"/>
            <genericClass value="09"/>
            <specificClass value="00"/>
        <optional value="false"/>
    <listening value="true"/>
    <routing value="true"/>
        <beamSensor>0</beamSensor>
                    
      </deviceData>

  <deviceDescription>
                <description>
            <lang xml:lang="de">Jalousiesteuer-Wandeinsatz</lang>
            <lang xml:lang="en">Window Blind Wall Insert</lang>
          </description>
            <wakeupNote>
            <lang xml:lang="de"></lang>
            <lang xml:lang="en"></lang>
          </wakeupNote>
            <inclusionNote>
            <lang xml:lang="de">Taster</lang>
            <lang xml:lang="en">Button</lang>
          </inclusionNote>
            <productName>507801</productName>
            <brandName>CONNECT</brandName>
                                </deviceDescription>

    <commandClasses>
        <commandClass id="0020" inNIF="false"/>
        <commandClass id="0060" version="2"/>
        <commandClass id="0026"/>
        <commandClass id="0086"/>
        <commandClass id="0050" version="2"/>
        <commandClass id="0070" version="2"/>
        <commandClass id="0031" version="0" inNIF="false"/>
        <commandClass id="0072"/>
        <commandClass id="0075" version="2"/>
        <commandClass id="009e" version="0" inNIF="false"/>
        <commandClass id="0085"/>
      </commandClasses>
  
    <assocGroups>
        <assocGroup number="1" maxNodes="12">
            <description>
                <lang xml:lang="de">Gruppe 1</lang>
                <lang xml:lang="en">Group 1</lang>
                <lang xml:lang="ru"></lang>
              </description>
          </assocGroup>
      </assocGroups>
  
    <configParams>
        <configParam number="177" type="range" size="1" default="00">
            <name>
                <lang xml:lang="de">Fahrzeit hoch, Byte 1</lang>
                <lang xml:lang="en">travel time UP, Byte 1</lang>
                <lang xml:lang="ru"></lang>
              </name>
                  <description>
                <lang xml:lang="de"></lang>
                <lang xml:lang="en"></lang>
                <lang xml:lang="ru"></lang>
              </description>
      
                  <value from="00" to="7f">
                <description>
                    <lang xml:lang="de">Konfigurationsparameter</lang>
                    <lang xml:lang="en">Config Byte</lang>
                    <lang xml:lang="ru"></lang>
                  </description>
              </value>
                </configParam>
        <configParam number="178" type="range" size="1" default="00">
            <name>
                <lang xml:lang="de">Fahrzeit hoch, Byte 2</lang>
                <lang xml:lang="en">travel time UP, Byte 2</lang>
                <lang xml:lang="ru"></lang>
              </name>
                  <description>
                <lang xml:lang="de"></lang>
                <lang xml:lang="en"></lang>
                <lang xml:lang="ru"></lang>
              </description>
      
                  <value from="00" to="7f">
                <description>
                    <lang xml:lang="de">Konfigurationsparameter</lang>
                    <lang xml:lang="en">Config Byte</lang>
                    <lang xml:lang="ru"></lang>
                  </description>
              </value>
                </configParam>
        <configParam number="179" type="range" size="1" default="00">
            <name>
                <lang xml:lang="de">Fahrzeit runter, Byte 1</lang>
                <lang xml:lang="en">travel time DOWN, Byte 1</lang>
                <lang xml:lang="ru"></lang>
              </name>
                  <description>
                <lang xml:lang="de"></lang>
                <lang xml:lang="en"></lang>
                <lang xml:lang="ru"></lang>
              </description>
      
                  <value from="00" to="7f">
                <description>
                    <lang xml:lang="de">Konfigurationsparameter</lang>
                    <lang xml:lang="en">Config Byte</lang>
                    <lang xml:lang="ru"></lang>
                  </description>
              </value>
                </configParam>
        <configParam number="180" type="range" size="1" default="00">
            <name>
                <lang xml:lang="de">Fahrzeit runter, Byte 2</lang>
                <lang xml:lang="en">travel time DOWN, Byte 2</lang>
                <lang xml:lang="ru"></lang>
              </name>
                  <description>
                <lang xml:lang="de"></lang>
                <lang xml:lang="en"></lang>
                <lang xml:lang="ru"></lang>
              </description>
      
                  <value from="00" to="7f">
                <description>
                    <lang xml:lang="de">Konfigurationsparameter</lang>
                    <lang xml:lang="en">Config Byte</lang>
                    <lang xml:lang="ru"></lang>
                  </description>
              </value>
                </configParam>
      </configParams>
  
    <endpoints>
           <endpoint number="2">
            <name>
                <lang xml:lang="en"></lang>
              </name>
                  <description>
                <lang xml:lang="en"></lang>
              </description>
                  <genericClass value="09"/>
                  <specificClass value="00"/>
                  <commandClass id="0020"/>
            <commandClass id="0086"/>
            <commandClass id="0026"/>
            <commandClass id="0050" version="2"/>
            <commandClass id="0031" version="0"/>
            <commandClass id="0072"/>
            <commandClass id="0075" version="2"/>
            <commandClass id="009e" version="0"/>
          </endpoint>
           <endpoint number="1">
            <name>
                <lang xml:lang="en"></lang>
              </name>
                  <description>
                <lang xml:lang="en"></lang>
              </description>
                  <genericClass value="09"/>
                  <specificClass value="00"/>
                  <commandClass id="0020"/>
            <commandClass id="0086"/>
            <commandClass id="0026"/>
            <commandClass id="0050" version="2"/>
            <commandClass id="0031" version="0"/>
            <commandClass id="0072"/>
            <commandClass id="0075" version="2"/>
            <commandClass id="009e" version="0"/>
          </endpoint>
      </endpoints>
    
  
    <resourceLinks>
     
    <deviceImage url="http://www.pepper1.net/zwavedb/uploads/resources/6912c9b706a7b0b476faf949848eb495d1b50720.jpg" />
      </resourceLinks>
    
  </ZWaveDevice>


