<?xml version="1.0" encoding="utf-8"?>
<ZWaveDevice xmlns="http://www.pepper1.net/zwavedb/xml-schemata/z-wave" schemaVersion="2">

  <descriptorVersion>1</descriptorVersion>

  <deviceData>
            <manufacturerId value="007a"/>
        <productType value="8001"/>
    <productId value="8004"/>
    <libType value="06"/>
    <protoVersion value="02"/>
    <protoSubVersion value="1b"/>
    <appVersion value="02"/>
    <appSubVersion value="04"/>
        <basicClass value="04"/>
            <genericClass value="10"/>
            <specificClass value="01"/>
        <optional value="false"/>
    <listening value="true"/>
    <routing value="true"/>
        <beamSensor>0</beamSensor>
                    
      </deviceData>

  <deviceDescription>
                <description>
            <lang xml:lang="de">Schalt-Wandeinsatz mit zwei Schaltern</lang>
            <lang xml:lang="en">Switch Wall Insert 2 Gang</lang>
          </description>
            <wakeupNote>
            <lang xml:lang="de"></lang>
            <lang xml:lang="en"></lang>
          </wakeupNote>
            <inclusionNote>
            <lang xml:lang="de">Taster</lang>
            <lang xml:lang="en">Button</lang>
          </inclusionNote>
            <productName>507502</productName>
            <brandName>CONNECT</brandName>
                                </deviceDescription>

    <commandClasses>
        <commandClass id="0020" inNIF="false"/>
        <commandClass id="0060" version="2"/>
        <commandClass id="0025"/>
        <commandClass id="0086"/>
        <commandClass id="0027"/>
        <commandClass id="0028"/>
        <commandClass id="0070" version="2"/>
        <commandClass id="0072"/>
        <commandClass id="0075" version="2"/>
        <commandClass id="0085"/>
      </commandClasses>
  
    <assocGroups>
        <assocGroup number="1" maxNodes="12">
            <description>
                <lang xml:lang="de">Gruppe 1</lang>
                <lang xml:lang="en">Group 1</lang>
                <lang xml:lang="ru"></lang>
              </description>
          </assocGroup>
      </assocGroups>
  
    <configParams>
        <configParam number="176" type="range" size="1" default="00">
            <name>
                <lang xml:lang="de">Treppenlichtzeit, Byte 1</lang>
                <lang xml:lang="en">Staircase timer, Byte 1</lang>
                <lang xml:lang="ru"></lang>
              </name>
                  <description>
                <lang xml:lang="de"></lang>
                <lang xml:lang="en"></lang>
                <lang xml:lang="ru"></lang>
              </description>
      
                  <value from="00" to="7f">
                <description>
                    <lang xml:lang="de">Konfigurationsparameter</lang>
                    <lang xml:lang="en">Config Byte</lang>
                    <lang xml:lang="ru"></lang>
                  </description>
              </value>
                </configParam>
        <configParam number="177" type="range" size="1" default="00">
            <name>
                <lang xml:lang="de">Treppenlichtzeit, Byte 2</lang>
                <lang xml:lang="en">Staircase timer, Byte 2</lang>
                <lang xml:lang="ru"></lang>
              </name>
                  <description>
                <lang xml:lang="de"></lang>
                <lang xml:lang="en"></lang>
                <lang xml:lang="ru"></lang>
              </description>
      
                  <value from="00" to="7f">
                <description>
                    <lang xml:lang="de">Konfigurationsparameter</lang>
                    <lang xml:lang="en">Config Byte</lang>
                    <lang xml:lang="ru"></lang>
                  </description>
              </value>
                </configParam>
        <configParam number="183" type="range" size="1" default="00">
            <name>
                <lang xml:lang="de">Zusätzliche Einschaltdauer (nach kurzer Unterbrechung)</lang>
                <lang xml:lang="en">Additional Limit duration (after brief interruption)</lang>
                <lang xml:lang="ru"></lang>
              </name>
                  <description>
                <lang xml:lang="de"></lang>
                <lang xml:lang="en"></lang>
                <lang xml:lang="ru"></lang>
              </description>
      
                  <value from="00" to="7f">
                <description>
                    <lang xml:lang="de">Konfigurationsparameter</lang>
                    <lang xml:lang="en">Config Byte</lang>
                    <lang xml:lang="ru"></lang>
                  </description>
              </value>
                </configParam>
      </configParams>
  
    <endpoints>
           <endpoint number="2">
            <name>
                <lang xml:lang="en"></lang>
              </name>
                  <description>
                <lang xml:lang="en"></lang>
              </description>
                  <genericClass value="10"/>
                  <specificClass value="01"/>
                  <commandClass id="0020"/>
            <commandClass id="0025"/>
            <commandClass id="0086"/>
            <commandClass id="0027"/>
            <commandClass id="0028"/>
            <commandClass id="0072"/>
            <commandClass id="0075" version="2"/>
          </endpoint>
           <endpoint number="1">
            <name>
                <lang xml:lang="en"></lang>
              </name>
                  <description>
                <lang xml:lang="en"></lang>
              </description>
                  <genericClass value="10"/>
                  <specificClass value="01"/>
                  <commandClass id="0020"/>
            <commandClass id="0025"/>
            <commandClass id="0086"/>
            <commandClass id="0027"/>
            <commandClass id="0028"/>
            <commandClass id="0072"/>
            <commandClass id="0075" version="2"/>
          </endpoint>
      </endpoints>
    
  
    <resourceLinks>
     
    <deviceImage url="http://www.pepper1.net/zwavedb/uploads/resources/9643d89a0937af079728cb947ecde6cde65f4765.jpg" />
      </resourceLinks>
    
  </ZWaveDevice>


