<?xml version="1.0" encoding="utf-8"?>
<ZWaveDevice xmlns="http://www.pepper1.net/zwavedb/xml-schemata/z-wave" schemaVersion="2">

  <descriptorVersion>1</descriptorVersion>

  <deviceData>
            <manufacturerId value="007a"/>
        <productType value="4003"/>
    <productId value="0002"/>
    <libType value="06"/>
    <protoVersion value="02"/>
    <protoSubVersion value="1b"/>
    <appVersion value="02"/>
    <appSubVersion value="03"/>
        <basicClass value="04"/>
            <genericClass value="11"/>
            <specificClass value="01"/>
        <optional value="false"/>
    <listening value="true"/>
    <routing value="true"/>
        <beamSensor>0</beamSensor>
                    
      </deviceData>

  <deviceDescription>
                <description>
            <lang xml:lang="de">Dimmer-Wandeinsatz</lang>
            <lang xml:lang="en">Dimmer Wall Insert</lang>
          </description>
            <wakeupNote>
            <lang xml:lang="de"></lang>
            <lang xml:lang="en"></lang>
          </wakeupNote>
            <inclusionNote>
            <lang xml:lang="de">Taster</lang>
            <lang xml:lang="en">Button</lang>
          </inclusionNote>
            <productName>507900</productName>
            <brandName>CONNECT</brandName>
                                </deviceDescription>

    <commandClasses>
        <commandClass id="0020" inNIF="false"/>
        <commandClass id="0086"/>
        <commandClass id="0026"/>
        <commandClass id="0027"/>
        <commandClass id="0029"/>
        <commandClass id="008e"/>
        <commandClass id="0070" version="2"/>
        <commandClass id="0072"/>
        <commandClass id="0075" version="2"/>
        <commandClass id="0085"/>
      </commandClasses>
  
    <assocGroups>
        <assocGroup number="1" maxNodes="12">
            <description>
                <lang xml:lang="de">Gruppe 1</lang>
                <lang xml:lang="en">Group 1</lang>
                <lang xml:lang="ru"></lang>
              </description>
          </assocGroup>
      </assocGroups>
  
    <configParams>
        <configParam number="196" type="range" size="1" default="00">
            <name>
                <lang xml:lang="de">Dimmergeschwindigkeit</lang>
                <lang xml:lang="en">Dimming Speed</lang>
                <lang xml:lang="ru"></lang>
              </name>
                  <description>
                <lang xml:lang="de"></lang>
                <lang xml:lang="en"></lang>
                <lang xml:lang="ru"></lang>
              </description>
      
                  <value from="00" to="7f">
                <description>
                    <lang xml:lang="de">Konfigurationsparameter</lang>
                    <lang xml:lang="en">Config Byte</lang>
                    <lang xml:lang="ru"></lang>
                  </description>
              </value>
                </configParam>
      </configParams>
  
    
  
    <resourceLinks>
     
    <deviceImage url="http://www.pepper1.net/zwavedb/uploads/resources/93778b82212e22e09f749cd6297a79ba6d879613.jpg" />
      </resourceLinks>
    
  </ZWaveDevice>


