<?xml version="1.0" encoding="utf-8"?>
<ZWaveDevice xmlns="http://www.pepper1.net/zwavedb/xml-schemata/z-wave" schemaVersion="2">

  <descriptorVersion>1</descriptorVersion>

  <deviceData>
            <manufacturerId value="007a"/>
        <productType value="4002"/>
    <productId value="0001"/>
    <libType value="06"/>
    <protoVersion value="02"/>
    <protoSubVersion value="1b"/>
    <appVersion value="02"/>
    <appSubVersion value="02"/>
        <basicClass value="04"/>
            <genericClass value="10"/>
            <specificClass value="01"/>
        <optional value="false"/>
    <listening value="true"/>
    <routing value="true"/>
        <beamSensor>0</beamSensor>
                    
      </deviceData>

  <deviceDescription>
                <description>
            <lang xml:lang="de">Schaltfläche des Schalt-Wandeinsatzes</lang>
            <lang xml:lang="en">Switch Insert Button</lang>
          </description>
            <wakeupNote>
            <lang xml:lang="de"></lang>
            <lang xml:lang="en"></lang>
          </wakeupNote>
            <inclusionNote>
            <lang xml:lang="de"></lang>
            <lang xml:lang="en"></lang>
          </inclusionNote>
            <productName>5044xx</productName>
            <brandName>CONNECT</brandName>
                                </deviceDescription>

    <commandClasses>
        <commandClass id="0020"/>
        <commandClass id="0025"/>
        <commandClass id="0086"/>
        <commandClass id="0027"/>
        <commandClass id="0028"/>
        <commandClass id="008e"/>
        <commandClass id="0070" version="2"/>
        <commandClass id="0072"/>
        <commandClass id="0075" version="2"/>
        <commandClass id="0085"/>
      </commandClasses>
  
    <assocGroups>
        <assocGroup number="1" maxNodes="5">
            <description>
                <lang xml:lang="de">Andere Geräte, die simultan geschaltet werden sollen</lang>
                <lang xml:lang="en">Other device so be switched</lang>
                <lang xml:lang="ru"></lang>
              </description>
          </assocGroup>
      </assocGroups>
  
  
    
  
    <resourceLinks>
     
    <deviceImage url="http://www.pepper1.net/zwavedb/uploads/resources/80c13475d2574c131cfaa373a8a69b88aa7945b0.gif" />
      </resourceLinks>
    
  </ZWaveDevice>


