<?xml version="1.0" encoding="utf-8"?>
<ZWaveDevice xmlns="http://www.pepper1.net/zwavedb/xml-schemata/z-wave" schemaVersion="2">

  <descriptorVersion>1</descriptorVersion>

  <deviceData>
            <manufacturerId value="0095"/>
        <productType value="0003"/>
    <productId value="0000"/>
    <libType value="06"/>
    <protoVersion value="02"/>
    <protoSubVersion value="33"/>
    <appVersion value="01"/>
    <appSubVersion value="0b"/>
        <basicClass value="04"/>
            <genericClass value="10"/>
            <specificClass value="01"/>
        <optional value="true"/>
    <listening value="true"/>
    <routing value="true"/>
        <beamSensor>0</beamSensor>
            <rfFrequency>US</rfFrequency>
            <certId>CEF13763</certId>
            <certNumber>ZC08-09120002</certNumber>
        
      </deviceData>

  <deviceDescription>
                <description>
            <lang xml:lang="de">110V - 240V Stromkreisunterbrecher</lang>
            <lang xml:lang="en">110V - 240V circuit breaker</lang>
          </description>
            <wakeupNote>
            <lang xml:lang="de"></lang>
            <lang xml:lang="en"></lang>
          </wakeupNote>
            <inclusionNote>
            <lang xml:lang="de">Taster drücken</lang>
            <lang xml:lang="en">Press Button</lang>
          </inclusionNote>
            <productName>QEES Power</productName>
            <brandName>ai power</brandName>
            <productLine>QEES Home Automation</productLine>
            <productCode>0300001</productCode>
            <productVersion>1.10</productVersion>
                    </deviceDescription>

    <commandClasses>
        <commandClass id="0085"/>
        <commandClass id="0025"/>
        <commandClass id="0070"/>
        <commandClass id="0072"/>
        <commandClass id="0031" version="2"/>
        <commandClass id="0032"/>
        <commandClass id="0077"/>
        <commandClass id="0073"/>
        <commandClass id="0075"/>
        <commandClass id="0027"/>
        <commandClass id="0086"/>
        <commandClass id="00ef"/>
        <commandClass id="0020" controlled="true"/>
      </commandClasses>
  
    <assocGroups>
        <assocGroup number="1" maxNodes="5">
            <description>
                <lang xml:lang="de">An/Aus Gruppe</lang>
                <lang xml:lang="en">Basic On/Off Group</lang>
              </description>
          </assocGroup>
      </assocGroups>
  
    <configParams>
        <configParam number="0" type="rangemapped" size="1" default="00">
            <name>
                <lang xml:lang="de">Netzwerk Neuordnung</lang>
                <lang xml:lang="en">Network rediscovery</lang>
              </name>
                  <description>
                <lang xml:lang="de">Dieser Parameter bestimmt, ob das Gerät ene Netzwerkreorganisation nach dem Batteriewechsel durchführen soll.</lang>
                <lang xml:lang="en">This parameter determent if the device should start a rediscovery process after power on.</lang>
              </description>
      
                  <value from="00" to="00">
                <description>
                    <lang xml:lang="de">Nein</lang>
                    <lang xml:lang="en">Disabled</lang>
                  </description>
              </value>
            <value from="01" to="ff">
                <description>
                    <lang xml:lang="de">Ja</lang>
                    <lang xml:lang="en">Enabled</lang>
                  </description>
              </value>
                </configParam>
        <configParam number="1" type="range" size="2" default="00a8">
            <name>
                <lang xml:lang="de">Verzögerung des automatischen Netzwerkupdates</lang>
                <lang xml:lang="en">Automatic network update delay</lang>
              </name>
                  <description>
                <lang xml:lang="de">Dieser Parameter bestimmt die Zeit zwischen einem automatischen Netzwerkupdate, das von diesem Gerät durchgeführt wird.</lang>
                <lang xml:lang="en">This parameter determent the time between automatic network update initiated by the device.</lang>
              </description>
      
                  <value from="0000" to="ffff">
                <description>
                    <lang xml:lang="de">Zeit = (256 * Wert) Sekunden</lang>
                    <lang xml:lang="en">Time = (256 * value) seconds</lang>
                  </description>
              </value>
                </configParam>
      </configParams>
  
    
  
    <resourceLinks>
     
    <deviceImage url="http://www.pepper1.net/zwavedb/uploads/resources/30e18fc75bd5dc76c24e4a0c1d6a24be7c9ae440.jpg" />
      </resourceLinks>
    
  </ZWaveDevice>


