<?xml version="1.0" encoding="utf-8"?>
<ZWaveDevice xmlns="http://www.pepper1.net/zwavedb/xml-schemata/z-wave" schemaVersion="2">

  <descriptorVersion>1</descriptorVersion>

  <deviceData>
            <manufacturerId value="0095"/>
        <productType value="0001"/>
    <productId value="0001"/>
    <libType value="02"/>
    <protoVersion value="02"/>
    <protoSubVersion value="33"/>
    <appVersion value="01"/>
    <appSubVersion value="0c"/>
        <basicClass value="01"/>
            <genericClass value="01"/>
            <specificClass value="01"/>
        <optional value="true"/>
    <listening value="false"/>
    <routing value="false"/>
        <beamSensor>0</beamSensor>
            <rfFrequency>EU</rfFrequency>
                
      </deviceData>

  <deviceDescription>
                <description>
            <lang xml:lang="de">Controller als Schlüsselanhänger mit 4 Tasten</lang>
            <lang xml:lang="en">Key ring remote with four keys</lang>
            <lang xml:lang="ru">Брелок-пульт управления с четырьмя кнопками</lang>
          </description>
            <wakeupNote>
            <lang xml:lang="de"></lang>
            <lang xml:lang="en"></lang>
            <lang xml:lang="ru"></lang>
          </wakeupNote>
            <inclusionNote>
            <lang xml:lang="de">Drücken des Config Buttons auf Rückseite</lang>
            <lang xml:lang="en">Press Config button</lang>
            <lang xml:lang="ru"></lang>
          </inclusionNote>
            <productName>QEES Ring</productName>
            <brandName>ai power</brandName>
            <productLine>QEES Home Automation</productLine>
                            </deviceDescription>

    <commandClasses>
        <commandClass id="0020"/>
        <commandClass id="0080"/>
        <commandClass id="0084"/>
        <commandClass id="0085"/>
        <commandClass id="0086"/>
        <commandClass id="002d"/>
        <commandClass id="0070"/>
        <commandClass id="0072"/>
        <commandClass id="0073" version="2"/>
      </commandClasses>
  
    <assocGroups>
        <assocGroup number="1" maxNodes="30">
            <description>
                <lang xml:lang="de">Taste 1 (Oberteil des  Q)</lang>
                <lang xml:lang="en">Button 1 (top part of Q)</lang>
                <lang xml:lang="ru">Кнопка №1 (верхняя часть буквы Q)</lang>
              </description>
          </assocGroup>
        <assocGroup number="2" maxNodes="30">
            <description>
                <lang xml:lang="de">Button 2 (rechter Teil des Q)</lang>
                <lang xml:lang="en">Button 2 (right part of Q)</lang>
                <lang xml:lang="ru">Кнопка №2 (правая часть буквы Q)</lang>
              </description>
          </assocGroup>
        <assocGroup number="3" maxNodes="30">
            <description>
                <lang xml:lang="de">Button 3 (unterer Teil des Q)</lang>
                <lang xml:lang="en">Button 3 (bottom part of Q)</lang>
                <lang xml:lang="ru">Кнопка №3 (нижняя часть буквы Q)</lang>
              </description>
          </assocGroup>
        <assocGroup number="4" maxNodes="30">
            <description>
                <lang xml:lang="de">Button 4 (linker Teil des Q)</lang>
                <lang xml:lang="en">Button 4 (left part of Q)</lang>
                <lang xml:lang="ru">Кнопка №4 (левая часть буквы Q)</lang>
              </description>
          </assocGroup>
      </assocGroups>
  
    <configParams>
        <configParam number="0" type="rangemapped" size="1" default="00">
            <name>
                <lang xml:lang="de">Netzwerkreorganisation</lang>
                <lang xml:lang="en">??Network rediscovery</lang>
              </name>
                  <description>
                <lang xml:lang="de">Dieser Parameter legt fest, ob bei Neustart eine Netzreorganisation durchgeführt werden soll.</lang>
                <lang xml:lang="en">??This parameter determent if the device should start a rediscovery process after power on.</lang>
              </description>
      
                  <value from="00" to="00">
                <description>
                    <lang xml:lang="de">Deaktiviert</lang>
                    <lang xml:lang="en">Disabled</lang>
                  </description>
              </value>
            <value from="01" to="ff">
                <description>
                    <lang xml:lang="de">Aktiviert</lang>
                    <lang xml:lang="en">Enabled</lang>
                  </description>
              </value>
                </configParam>
        <configParam number="1" type="range" size="1" default="00">
            <name>
                <lang xml:lang="de">Verzögerung beim Doppelclick</lang>
                <lang xml:lang="en">Double press delay</lang>
              </name>
                  <description>
                <lang xml:lang="de">Dieser Parameter legt fest, wie lange das Gerät auf eine zweiten Tastendruck zum Erkennen des Doppltastendrucks warten soll.</lang>
                <lang xml:lang="en">This parameter determines how long should the device wait for second press to distingush press from double press: greater the value - shorte the time to wait.</lang>
              </description>
      
                  <value from="00" to="ff">
                <description>
                    <lang xml:lang="de">Verzögerung</lang>
                    <lang xml:lang="en">Delay</lang>
                  </description>
              </value>
                </configParam>
      </configParams>
  
    
  
    <resourceLinks>
     
    <deviceImage url="http://www.pepper1.net/zwavedb/uploads/resources/53ffc05ac5ae32088d529be82354b176e004f4e5.gif" />
      </resourceLinks>
    
  </ZWaveDevice>


