<?xml version="1.0" encoding="utf-8"?>
<ZWaveDevice xmlns="http://www.pepper1.net/zwavedb/xml-schemata/z-wave" schemaVersion="2">

  <descriptorVersion>1</descriptorVersion>

  <deviceData>
            <manufacturerId value="008e"/>
        <productType value="0101"/>
    <productId value="0101"/>
    <libType value="00"/>
    <protoVersion value="00"/>
    <protoSubVersion value="00"/>
    <appVersion value="00"/>
    <appSubVersion value="00"/>
        <basicClass value="04"/>
            <genericClass value="10"/>
            <specificClass value="01"/>
        <optional value="true"/>
    <listening value="true"/>
    <routing value="false"/>
        <beamSensor>0</beamSensor>
                    
      </deviceData>

  <deviceDescription>
                <description>
            <lang xml:lang="de">Schuko Zwischenstecker mit Messfunktion</lang>
            <lang xml:lang="en">Schuko Wall Plug with Meter</lang>
          </description>
            <wakeupNote>
            <lang xml:lang="de"></lang>
            <lang xml:lang="en"></lang>
          </wakeupNote>
            <inclusionNote>
            <lang xml:lang="de">Einfacher Tastendruck </lang>
            <lang xml:lang="en">Push Button</lang>
          </inclusionNote>
            <productName>SM 230</productName>
            <brandName>Raritan</brandName>
            <productLine>Schuko Energy Meter</productLine>
                            </deviceDescription>

    <commandClasses>
        <commandClass id="0020"/>
        <commandClass id="0025"/>
        <commandClass id="0086"/>
        <commandClass id="0027"/>
        <commandClass id="0028"/>
        <commandClass id="0032"/>
        <commandClass id="0031" version="2"/>
        <commandClass id="0072"/>
        <commandClass id="0073"/>
        <commandClass id="0075"/>
        <commandClass id="007a"/>
      </commandClasses>
  
  
    <configParams>
        <configParam number="1" type="constant" size="1" default="00">
            <name>
                <lang xml:lang="de">Frequenz</lang>
                <lang xml:lang="en">Frequency</lang>
              </name>
                  <description>
                <lang xml:lang="de">Die Frequenz der Netzspannung</lang>
                <lang xml:lang="en">Frequency of Mains</lang>
              </description>
      
                  <value from="00" to="00" unit="Hz">
                <description>
                    <lang xml:lang="de">50 Hz </lang>
                    <lang xml:lang="en">50 Hz mains</lang>
                  </description>
              </value>
            <value from="01" to="01" unit="hz">
                <description>
                    <lang xml:lang="de">60 Hz </lang>
                    <lang xml:lang="en">60 Hz mains</lang>
                  </description>
              </value>
                </configParam>
        <configParam number="2" type="constant" size="1" default="00">
            <name>
                <lang xml:lang="de">Schaltschutz</lang>
                <lang xml:lang="en">Protection</lang>
              </name>
                  <description>
                <lang xml:lang="de">Zusätzlicher Schutz vor Schaltoperationen</lang>
                <lang xml:lang="en">Remote Protection</lang>
              </description>
      
                  <value from="00" to="00">
                <description>
                    <lang xml:lang="de">Deaktiviert</lang>
                    <lang xml:lang="en">off</lang>
                  </description>
              </value>
            <value from="01" to="01">
                <description>
                    <lang xml:lang="de">aktiviert</lang>
                    <lang xml:lang="en">on</lang>
                  </description>
              </value>
                </configParam>
      </configParams>
  
    
  
    <resourceLinks>
     
    <deviceImage url="http://pepper1.net/zwavedb/uploads/resources/abfe09bbe8d400eaf2229b662973dae916a3bd7e.jpg" />
      </resourceLinks>
    
  </ZWaveDevice>


