<?xml version="1.0" encoding="utf-8"?>
<ZWaveDevice xmlns="http://www.pepper1.net/zwavedb/xml-schemata/z-wave" schemaVersion="2">

  <descriptorVersion>1</descriptorVersion>

  <deviceData>
            <manufacturerId value="5254"/>
        <productType value="0000"/>
    <productId value="531e"/>
    <libType value="02"/>
    <protoVersion value="02"/>
    <protoSubVersion value="4e"/>
    <appVersion value="01"/>
    <appSubVersion value="01"/>
        <basicClass value="01"/>
            <genericClass value="01"/>
            <specificClass value="01"/>
        <optional value="true"/>
    <listening value="false"/>
    <routing value="false"/>
        <beamSensor>0</beamSensor>
                    
      </deviceData>

  <deviceDescription>
                <description>
            <lang xml:lang="de">Universelle Z-Wave Fernbedienung</lang>
            <lang xml:lang="en">Z-Wave enabled universal remote control</lang>
          </description>
            <wakeupNote>
            <lang xml:lang="de"></lang>
            <lang xml:lang="en"></lang>
          </wakeupNote>
            <inclusionNote>
            <lang xml:lang="de"></lang>
            <lang xml:lang="en"></lang>
          </inclusionNote>
            <productName>Z-URC 550 US</productName>
            <brandName>Remotec</brandName>
            <productLine>Z-URC 500</productLine>
            <productCode>BW8330</productCode>
            <productVersion>0.0</productVersion>
                    </deviceDescription>

    <commandClasses>
        <commandClass id="0021" controlled="true"/>
        <commandClass id="0085" version="2" controlled="true"/>
        <commandClass id="0072"/>
        <commandClass id="0086"/>
        <commandClass id="002d"/>
        <commandClass id="0027" controlled="true" inNIF="false"/>
        <commandClass id="0020" controlled="true" inNIF="false"/>
        <commandClass id="0000" controlled="true" inNIF="false"/>
        <commandClass id="002b" controlled="true" inNIF="false"/>
        <commandClass id="002c"/>
      </commandClasses>
  
    <assocGroups>
        <assocGroup number="1" maxNodes="32">
            <description>
                <lang xml:lang="de">Bediengruppe 1</lang>
                <lang xml:lang="en">Group Button 1</lang>
              </description>
          </assocGroup>
        <assocGroup number="2" maxNodes="32">
            <description>
                <lang xml:lang="de">Bediengruppe 2</lang>
                <lang xml:lang="en">Group Button 2</lang>
              </description>
          </assocGroup>
        <assocGroup number="3" maxNodes="32">
            <description>
                <lang xml:lang="de">Bediengruppe 3</lang>
                <lang xml:lang="en">Group Button 3</lang>
              </description>
          </assocGroup>
        <assocGroup number="4" maxNodes="32">
            <description>
                <lang xml:lang="de">Bediengruppe 4</lang>
                <lang xml:lang="en">Group Button 4</lang>
              </description>
          </assocGroup>
        <assocGroup number="5" maxNodes="32">
            <description>
                <lang xml:lang="de">Bediengruppe 5</lang>
                <lang xml:lang="en">Group Button 5</lang>
              </description>
          </assocGroup>
        <assocGroup number="6" maxNodes="32">
            <description>
                <lang xml:lang="de">Bediengruppe 6</lang>
                <lang xml:lang="en">Group Button 6</lang>
              </description>
          </assocGroup>
        <assocGroup number="7" maxNodes="32">
            <description>
                <lang xml:lang="de">Bediengruppe 7</lang>
                <lang xml:lang="en">Group Button 7</lang>
              </description>
          </assocGroup>
        <assocGroup number="8" maxNodes="32">
            <description>
                <lang xml:lang="de">Bediengruppe 8</lang>
                <lang xml:lang="en">Group Button 8</lang>
              </description>
          </assocGroup>
        <assocGroup number="9" maxNodes="32">
            <description>
                <lang xml:lang="de">Bediengruppe 9</lang>
                <lang xml:lang="en">Group Button 9</lang>
              </description>
          </assocGroup>
        <assocGroup number="10" maxNodes="32">
            <description>
                <lang xml:lang="de">Bediengruppe 10</lang>
                <lang xml:lang="en">Group Button 10</lang>
              </description>
          </assocGroup>
        <assocGroup number="11" maxNodes="32">
            <description>
                <lang xml:lang="de">Bediengruppe 11</lang>
                <lang xml:lang="en">Group Button 11</lang>
              </description>
          </assocGroup>
        <assocGroup number="12" maxNodes="32">
            <description>
                <lang xml:lang="de">Bediengruppe 12</lang>
                <lang xml:lang="en">Group Button 12</lang>
              </description>
          </assocGroup>
        <assocGroup number="13" maxNodes="32">
            <description>
                <lang xml:lang="de">Bediengruppe 13</lang>
                <lang xml:lang="en">Group Button 13</lang>
              </description>
          </assocGroup>
        <assocGroup number="14" maxNodes="32">
            <description>
                <lang xml:lang="de">Bediengruppe 14</lang>
                <lang xml:lang="en">Group Button 14</lang>
              </description>
          </assocGroup>
        <assocGroup number="15" maxNodes="32">
            <description>
                <lang xml:lang="de">Bediengruppe 15</lang>
                <lang xml:lang="en">Group Button 15</lang>
              </description>
          </assocGroup>
        <assocGroup number="16" maxNodes="32">
            <description>
                <lang xml:lang="de">Bediengruppe 16</lang>
                <lang xml:lang="en">Group Button 16</lang>
              </description>
          </assocGroup>
      </assocGroups>
  
  
    
  
    <resourceLinks>
     
    <deviceImage url="http://www.pepper1.net/zwavedb/uploads/resources/2f20caa6a2109aeb1ebf5e8a3c9b7d75a1b8315a.gif" />
      </resourceLinks>
    
  </ZWaveDevice>


