<?xml version="1.0" encoding="utf-8"?>
<ZWaveDevice xmlns="http://www.pepper1.net/zwavedb/xml-schemata/z-wave" schemaVersion="2">

  <descriptorVersion>1</descriptorVersion>

  <deviceData>
            <manufacturerId value="006b"/>
        <productType value="0000"/>
    <productId value="0000"/>
    <libType value="02"/>
    <protoVersion value="02"/>
    <protoSubVersion value="28"/>
    <appVersion value="01"/>
    <appSubVersion value="07"/>
        <basicClass value="01"/>
            <genericClass value="01"/>
            <specificClass value="01"/>
        <optional value="true"/>
    <listening value="false"/>
    <routing value="false"/>
        <beamSensor>0</beamSensor>
                    
      </deviceData>

  <deviceDescription>
                <description>
            <lang xml:lang="de">Fernbedienung</lang>
            <lang xml:lang="en">Remote Control</lang>
          </description>
            <wakeupNote>
            <lang xml:lang="de">nicht möglich</lang>
            <lang xml:lang="en">not possible</lang>
          </wakeupNote>
            <inclusionNote>
            <lang xml:lang="de">Im Configurationsmodus 4 fach Taste</lang>
            <lang xml:lang="en">In Configuration mdoe 4 times button</lang>
          </inclusionNote>
            <productName>Remote Control</productName>
            <brandName>Z-Wave</brandName>
                        <batteryType>recharable</batteryType>
                </deviceDescription>

    <commandClasses>
        <commandClass id="0020" version="0" inNIF="false"/>
        <commandClass id="0021"/>
        <commandClass id="0072"/>
        <commandClass id="0086"/>
      </commandClasses>
  
  
  
    
  
    <resourceLinks>
     
    <deviceImage url="http://www.pepper1.net/zwavedb/uploads/resources/4325008f5dc786e4a18b101f978a1c6d6b917693.jpg" />
      </resourceLinks>
    
  </ZWaveDevice>


