<?xml version="1.0" encoding="utf-8"?>
<ZWaveDevice xmlns="http://www.pepper1.net/zwavedb/xml-schemata/z-wave" schemaVersion="2">

  <descriptorVersion>1</descriptorVersion>

  <deviceData>
            <manufacturerId value="007a"/>
        <productType value="0000"/>
    <productId value="0000"/>
    <libType value="05"/>
    <protoVersion value="02"/>
    <protoSubVersion value="1b"/>
    <appVersion value="01"/>
    <appSubVersion value="08"/>
        <basicClass value="01"/>
            <genericClass value="01"/>
            <specificClass value="01"/>
        <optional value="false"/>
    <listening value="false"/>
    <routing value="false"/>
        <beamSensor>0</beamSensor>
                    
      </deviceData>

  <deviceDescription>
                <description>
            <lang xml:lang="de">Fernbedienung </lang>
            <lang xml:lang="en">Remote Control</lang>
          </description>
            <wakeupNote>
            <lang xml:lang="de"></lang>
            <lang xml:lang="en"></lang>
          </wakeupNote>
            <inclusionNote>
            <lang xml:lang="de"></lang>
            <lang xml:lang="en"></lang>
          </inclusionNote>
            <productName>506923</productName>
            <brandName>CONNECT</brandName>
                                </deviceDescription>

    <commandClasses>
        <commandClass id="0020"/>
        <commandClass id="0085"/>
        <commandClass id="0086"/>
        <commandClass id="008e"/>
        <commandClass id="0070" version="2"/>
        <commandClass id="0072"/>
        <commandClass id="007b"/>
      </commandClasses>
  
  
  
    
  
    <resourceLinks>
     
    <deviceImage url="http://www.pepper1.net/zwavedb/uploads/resources/3a89d2cd2c1a168aa6c6c3e0d1f6c8d231708ad2.gif" />
      </resourceLinks>
    
  </ZWaveDevice>


