﻿<?xml version="1.0" encoding="utf-8"?>
<ArrayOfGroup xmlns:xsd="http://www.w3.org/2001/XMLSchema" xmlns:xsi="http://www.w3.org/2001/XMLSchema-instance">
  <Group>
    <Name>Features</Name>
    <Modules />
  </Group>
  <Group>
    <Name>Energy Management</Name>
    <Modules />
  </Group>
  <Group>
    <Name>Devices and Things</Name>
    <Modules />
  </Group>
  <Group>
    <Name>Scenes</Name>
    <Modules />
  </Group>
  <Group>
    <Name>Messaging and Social</Name>
    <Modules />
  </Group>
  <Group>
    <Name>Weather and Enviroment</Name>
    <Modules />
  </Group>
  <Group>
    <Name>Interconnections</Name>
    <Modules />
  </Group>
  <Group>
    <Name>Raspberry Sharp</Name>
    <Modules />
  </Group>
  <Group>
    <Name>Contrib</Name>
    <Modules />
  </Group>
</ArrayOfGroup>