﻿<?xml version="1.0" encoding="utf-8"?>
<ArrayOfModule xmlns:xsd="http://www.w3.org/2001/XMLSchema" xmlns:xsi="http://www.w3.org/2001/XMLSchema-instance">
  <Module>
    <Name />
    <Description />
    <DeviceType>Sensor</DeviceType>
    <Domain>Controllers.LircRemote</Domain>
    <Address>IR</Address>
    <Properties />
    <RoutingNode />
  </Module>
  <Module>
    <Name>Group Lights ON</Name>
    <Description />
    <DeviceType>Program</DeviceType>
    <Domain>HomeAutomation.HomeGenie.Automation</Domain>
    <Address>6</Address>
    <Properties>
      <ModuleParameter>
        <Name>VirtualModule.ParentId</Name>
        <Value>6</Value>
        <Description />
        <UpdateTime>2014-04-02T15:15:19.994417Z</UpdateTime>
        <NeedsUpdate>false</NeedsUpdate>
        <LastValue />
        <LastUpdateTime>2014-04-01T01:13:56.142796+02:00</LastUpdateTime>
      </ModuleParameter>
      <ModuleParameter>
        <Name>Widget.DisplayModule</Name>
        <Value>homegenie/generic/program</Value>
        <Description />
        <UpdateTime>2014-03-31T23:13:56.142796Z</UpdateTime>
        <NeedsUpdate>false</NeedsUpdate>
        <LastValue />
        <LastUpdateTime>2014-04-01T01:13:56.142796+02:00</LastUpdateTime>
      </ModuleParameter>
    </Properties>
    <RoutingNode />
  </Module>
  <Module>
    <Name>Group Lights OFF</Name>
    <Description />
    <DeviceType>Program</DeviceType>
    <Domain>HomeAutomation.HomeGenie.Automation</Domain>
    <Address>7</Address>
    <Properties>
      <ModuleParameter>
        <Name>VirtualModule.ParentId</Name>
        <Value>7</Value>
        <Description />
        <UpdateTime>2014-04-02T15:15:19.994417Z</UpdateTime>
        <NeedsUpdate>false</NeedsUpdate>
        <LastValue />
        <LastUpdateTime>2014-04-01T01:13:56.142796+02:00</LastUpdateTime>
      </ModuleParameter>
      <ModuleParameter>
        <Name>Widget.DisplayModule</Name>
        <Value>homegenie/generic/program</Value>
        <Description />
        <UpdateTime>2014-03-31T23:13:56.142796Z</UpdateTime>
        <NeedsUpdate>false</NeedsUpdate>
        <LastValue />
        <LastUpdateTime>2014-04-01T01:13:56.142796+02:00</LastUpdateTime>
      </ModuleParameter>
    </Properties>
    <RoutingNode />
  </Module>
  <Module>
    <Name>Level Memory</Name>
    <Description />
    <DeviceType>Program</DeviceType>
    <Domain>HomeAutomation.HomeGenie.Automation</Domain>
    <Address>16</Address>
    <Properties>
      <ModuleParameter>
        <Name>VirtualModule.ParentId</Name>
        <Value>16</Value>
        <Description />
        <UpdateTime>2014-04-02T15:15:19.994417Z</UpdateTime>
        <NeedsUpdate>false</NeedsUpdate>
        <LastValue />
        <LastUpdateTime>2014-04-01T01:13:56.142796+02:00</LastUpdateTime>
      </ModuleParameter>
    </Properties>
    <RoutingNode />
  </Module>
  <Module>
    <Name>Philips Hue Bridge</Name>
    <Description />
    <DeviceType>Program</DeviceType>
    <Domain>HomeAutomation.HomeGenie.Automation</Domain>
    <Address>26</Address>
    <Properties>
      <ModuleParameter>
        <Name>ConfigureOptions.BridgeAddress</Name>
        <Value>192.168.0.?</Value>
        <Description>Philips Hue Bridge IP Address</Description>
        <UpdateTime>2014-03-31T23:14:41.1705437Z</UpdateTime>
        <NeedsUpdate>false</NeedsUpdate>
        <LastValue />
        <LastUpdateTime>2014-04-01T01:14:41.1705437+02:00</LastUpdateTime>
      </ModuleParameter>
      <ModuleParameter>
        <Name>ConfigureOptions.BridgeUsername</Name>
        <Value>newdeveloper</Value>
        <Description>Philips Hue Bridge API username</Description>
        <UpdateTime>2014-03-31T23:14:41.1705437Z</UpdateTime>
        <NeedsUpdate>false</NeedsUpdate>
        <LastValue />
        <LastUpdateTime>2014-04-01T01:14:41.1705437+02:00</LastUpdateTime>
      </ModuleParameter>
      <ModuleParameter>
        <Name>VirtualModule.ParentId</Name>
        <Value>26</Value>
        <Description />
        <UpdateTime>2014-04-02T15:15:19.994417Z</UpdateTime>
        <NeedsUpdate>false</NeedsUpdate>
        <LastValue />
        <LastUpdateTime>2014-04-01T01:13:56.142796+02:00</LastUpdateTime>
      </ModuleParameter>
    </Properties>
    <RoutingNode />
  </Module>
  <Module>
    <Name>Weather Underground</Name>
    <Description />
    <DeviceType>Program</DeviceType>
    <Domain>HomeAutomation.HomeGenie.Automation</Domain>
    <Address>34</Address>
    <Properties>
      <ModuleParameter>
        <Name>Astronomy.Sunrise</Name>
        <Value />
        <Description />
        <UpdateTime>2014-04-02T15:14:59.15463Z</UpdateTime>
        <NeedsUpdate>false</NeedsUpdate>
        <LastValue />
        <LastUpdateTime>2014-04-02T16:05:20.1618527+02:00</LastUpdateTime>
      </ModuleParameter>
      <ModuleParameter>
        <Name>Astronomy.Sunset</Name>
        <Value />
        <Description />
        <UpdateTime>2014-04-02T15:14:59.15463Z</UpdateTime>
        <NeedsUpdate>false</NeedsUpdate>
        <LastValue />
        <LastUpdateTime>2014-04-02T16:05:20.1618527+02:00</LastUpdateTime>
      </ModuleParameter>
      <ModuleParameter>
        <Name>Conditions.City</Name>
        <Value />
        <Description />
        <UpdateTime>2014-04-02T15:14:59.15463Z</UpdateTime>
        <NeedsUpdate>false</NeedsUpdate>
        <LastValue />
        <LastUpdateTime>2014-04-02T16:05:20.1618527+02:00</LastUpdateTime>
      </ModuleParameter>
      <ModuleParameter>
        <Name>Conditions.Description</Name>
        <Value />
        <Description />
        <UpdateTime>2014-04-02T15:14:59.15463Z</UpdateTime>
        <NeedsUpdate>false</NeedsUpdate>
        <LastValue />
        <LastUpdateTime>2014-04-02T16:05:20.1618527+02:00</LastUpdateTime>
      </ModuleParameter>
      <ModuleParameter>
        <Name>Conditions.DisplayLocation</Name>
        <Value />
        <Description />
        <UpdateTime>2014-04-02T15:14:59.15463Z</UpdateTime>
        <NeedsUpdate>false</NeedsUpdate>
        <LastValue />
        <LastUpdateTime>2014-04-02T16:05:20.1618527+02:00</LastUpdateTime>
      </ModuleParameter>
      <ModuleParameter>
        <Name>Conditions.IconUrl</Name>
        <Value />
        <Description />
        <UpdateTime>2014-04-02T15:14:59.15463Z</UpdateTime>
        <NeedsUpdate>false</NeedsUpdate>
        <LastValue />
        <LastUpdateTime>2014-04-02T16:05:20.1618527+02:00</LastUpdateTime>
      </ModuleParameter>
      <ModuleParameter>
        <Name>Conditions.TemperatureC</Name>
        <Value />
        <Description />
        <UpdateTime>2014-04-02T15:14:59.15463Z</UpdateTime>
        <NeedsUpdate>false</NeedsUpdate>
        <LastValue />
        <LastUpdateTime>2014-04-02T16:05:20.1618527+02:00</LastUpdateTime>
      </ModuleParameter>
      <ModuleParameter>
        <Name>Conditions.TemperatureF</Name>
        <Value />
        <Description />
        <UpdateTime>2014-04-02T15:14:59.15463Z</UpdateTime>
        <NeedsUpdate>false</NeedsUpdate>
        <LastValue />
        <LastUpdateTime>2014-04-02T16:05:20.1618527+02:00</LastUpdateTime>
      </ModuleParameter>
      <ModuleParameter>
        <Name>ConfigureOptions.ApiKey</Name>
        <Value>?</Value>
        <Description>Weather Underground Key</Description>
        <UpdateTime>2014-04-02T14:05:20.1618527Z</UpdateTime>
        <NeedsUpdate>false</NeedsUpdate>
        <LastValue />
        <LastUpdateTime>2014-04-02T16:05:20.1618527+02:00</LastUpdateTime>
      </ModuleParameter>
      <ModuleParameter>
        <Name>ConfigureOptions.InputDisplayCelsius</Name>
        <Value>TRUE</Value>
        <Description>Display Temperature in degrees Celsius - TRUE or FALSE</Description>
        <UpdateTime>2014-04-02T14:05:20.1618527Z</UpdateTime>
        <NeedsUpdate>false</NeedsUpdate>
        <LastValue />
        <LastUpdateTime>2014-04-02T16:05:20.1618527+02:00</LastUpdateTime>
      </ModuleParameter>
      <ModuleParameter>
        <Name>ConfigureOptions.Language</Name>
        <Value>EN</Value>
        <Description>Language</Description>
        <UpdateTime>2014-04-02T14:05:20.1618527Z</UpdateTime>
        <NeedsUpdate>false</NeedsUpdate>
        <LastValue />
        <LastUpdateTime>2014-04-02T16:05:20.1618527+02:00</LastUpdateTime>
      </ModuleParameter>
      <ModuleParameter>
        <Name>ConfigureOptions.Location</Name>
        <Value>autoip</Value>
        <Description>City name</Description>
        <UpdateTime>2014-04-02T14:05:20.1618527Z</UpdateTime>
        <NeedsUpdate>false</NeedsUpdate>
        <LastValue />
        <LastUpdateTime>2014-04-02T16:05:20.1618527+02:00</LastUpdateTime>
      </ModuleParameter>
      <ModuleParameter>
        <Name>ConfigureOptions.UpdateInterval</Name>
        <Value>30</Value>
        <Description>Update interval (minutes)</Description>
        <UpdateTime>2014-04-02T14:05:20.1618527Z</UpdateTime>
        <NeedsUpdate>false</NeedsUpdate>
        <LastValue />
        <LastUpdateTime>2014-04-02T16:05:20.1618527+02:00</LastUpdateTime>
      </ModuleParameter>
      <ModuleParameter>
        <Name>VirtualModule.ParentId</Name>
        <Value>34</Value>
        <Description />
        <UpdateTime>2014-04-02T15:15:19.994417Z</UpdateTime>
        <NeedsUpdate>false</NeedsUpdate>
        <LastValue />
        <LastUpdateTime>2014-04-02T16:05:20.1628516+02:00</LastUpdateTime>
      </ModuleParameter>
      <ModuleParameter>
        <Name>Widget.DisplayModule</Name>
        <Value>weather/wunderground/conditions</Value>
        <Description />
        <UpdateTime>2014-04-02T14:05:20.1628516Z</UpdateTime>
        <NeedsUpdate>false</NeedsUpdate>
        <LastValue />
        <LastUpdateTime>2014-04-02T16:05:20.1628516+02:00</LastUpdateTime>
      </ModuleParameter>
    </Properties>
    <RoutingNode />
  </Module>
  <Module>
    <Name>Scheduled ON/OFF</Name>
    <Description />
    <DeviceType>Program</DeviceType>
    <Domain>HomeAutomation.HomeGenie.Automation</Domain>
    <Address>35</Address>
    <Properties>
      <ModuleParameter>
        <Name>VirtualModule.ParentId</Name>
        <Value>35</Value>
        <Description />
        <UpdateTime>2014-04-02T15:15:19.994417Z</UpdateTime>
        <NeedsUpdate>false</NeedsUpdate>
        <LastValue />
        <LastUpdateTime>2014-04-01T01:13:56.142796+02:00</LastUpdateTime>
      </ModuleParameter>
    </Properties>
    <RoutingNode />
  </Module>
  <Module>
    <Name>Earth Tools</Name>
    <Description />
    <DeviceType>Program</DeviceType>
    <Domain>HomeAutomation.HomeGenie.Automation</Domain>
    <Address>72</Address>
    <Properties>
      <ModuleParameter>
        <Name>Astronomy.Sunrise</Name>
        <Value>07:14:55</Value>
        <Description />
        <UpdateTime>2014-04-02T15:12:46.8304065Z</UpdateTime>
        <NeedsUpdate>false</NeedsUpdate>
        <LastValue>07:14:55</LastValue>
        <LastUpdateTime>2014-04-02T14:24:29.0465288Z</LastUpdateTime>
      </ModuleParameter>
      <ModuleParameter>
        <Name>Astronomy.Sunset</Name>
        <Value>19:21:23</Value>
        <Description />
        <UpdateTime>2014-04-02T15:12:46.7614025Z</UpdateTime>
        <NeedsUpdate>false</NeedsUpdate>
        <LastValue>19:21:23</LastValue>
        <LastUpdateTime>2014-04-02T14:24:28.982525Z</LastUpdateTime>
      </ModuleParameter>
      <ModuleParameter>
        <Name>ConfigureOptions.Latitude</Name>
        <Value>42.50</Value>
        <Description>Location latitude</Description>
        <UpdateTime>2014-04-02T14:05:17.477405Z</UpdateTime>
        <NeedsUpdate>false</NeedsUpdate>
        <LastValue />
        <LastUpdateTime>2014-04-02T16:05:17.477405+02:00</LastUpdateTime>
      </ModuleParameter>
      <ModuleParameter>
        <Name>ConfigureOptions.Longitude</Name>
        <Value>12.50</Value>
        <Description>Location longitude</Description>
        <UpdateTime>2014-04-02T14:05:17.477405Z</UpdateTime>
        <NeedsUpdate>false</NeedsUpdate>
        <LastValue />
        <LastUpdateTime>2014-04-02T16:05:17.477405+02:00</LastUpdateTime>
      </ModuleParameter>
      <ModuleParameter>
        <Name>EarthTool.Evening.Sunset</Name>
        <Value>19:21:23</Value>
        <Description />
        <UpdateTime>2014-04-02T15:12:47.2824316Z</UpdateTime>
        <NeedsUpdate>false</NeedsUpdate>
        <LastValue>19:21:23</LastValue>
        <LastUpdateTime>2014-04-02T14:24:29.4453901Z</LastUpdateTime>
      </ModuleParameter>
      <ModuleParameter>
        <Name>EarthTool.Evening.Twilight.Astronomical</Name>
        <Value>20:55:59</Value>
        <Description />
        <UpdateTime>2014-04-02T15:12:47.59145Z</UpdateTime>
        <NeedsUpdate>false</NeedsUpdate>
        <LastValue>20:55:59</LastValue>
        <LastUpdateTime>2014-04-02T14:24:29.7215411Z</LastUpdateTime>
      </ModuleParameter>
      <ModuleParameter>
        <Name>EarthTool.Evening.Twilight.Civil</Name>
        <Value>19:49:29</Value>
        <Description />
        <UpdateTime>2014-04-02T15:12:47.3684405Z</UpdateTime>
        <NeedsUpdate>false</NeedsUpdate>
        <LastValue>19:49:29</LastValue>
        <LastUpdateTime>2014-04-02T14:24:29.5283946Z</LastUpdateTime>
      </ModuleParameter>
      <ModuleParameter>
        <Name>EarthTool.Evening.Twilight.Nautical</Name>
        <Value>20:22:24</Value>
        <Description />
        <UpdateTime>2014-04-02T15:12:47.4814432Z</UpdateTime>
        <NeedsUpdate>false</NeedsUpdate>
        <LastValue>20:22:24</LastValue>
        <LastUpdateTime>2014-04-02T14:24:29.6355359Z</LastUpdateTime>
      </ModuleParameter>
      <ModuleParameter>
        <Name>EarthTool.Morning.Sunrise</Name>
        <Value>07:14:55</Value>
        <Description />
        <UpdateTime>2014-04-02T15:12:46.8974113Z</UpdateTime>
        <NeedsUpdate>false</NeedsUpdate>
        <LastValue>07:14:55</LastValue>
        <LastUpdateTime>2014-04-02T14:24:29.1125472Z</LastUpdateTime>
      </ModuleParameter>
      <ModuleParameter>
        <Name>EarthTool.Morning.Twilight.Astronomical</Name>
        <Value>05:40:35</Value>
        <Description />
        <UpdateTime>2014-04-02T15:12:47.2144282Z</UpdateTime>
        <NeedsUpdate>false</NeedsUpdate>
        <LastValue>05:40:35</LastValue>
        <LastUpdateTime>2014-04-02T14:24:29.3805481Z</LastUpdateTime>
      </ModuleParameter>
      <ModuleParameter>
        <Name>EarthTool.Morning.Twilight.Civil</Name>
        <Value>06:46:53</Value>
        <Description />
        <UpdateTime>2014-04-02T15:12:46.9894163Z</UpdateTime>
        <NeedsUpdate>false</NeedsUpdate>
        <LastValue>06:46:53</LastValue>
        <LastUpdateTime>2014-04-02T14:24:29.1975373Z</LastUpdateTime>
      </ModuleParameter>
      <ModuleParameter>
        <Name>EarthTool.Morning.Twilight.Nautical</Name>
        <Value>06:14:03</Value>
        <Description />
        <UpdateTime>2014-04-02T15:12:47.0964232Z</UpdateTime>
        <NeedsUpdate>false</NeedsUpdate>
        <LastValue>06:14:03</LastValue>
        <LastUpdateTime>2014-04-02T14:24:29.2955577Z</LastUpdateTime>
      </ModuleParameter>
      <ModuleParameter>
        <Name>VirtualModule.ParentId</Name>
        <Value>72</Value>
        <Description />
        <UpdateTime>2014-04-02T15:15:19.994417Z</UpdateTime>
        <NeedsUpdate>false</NeedsUpdate>
        <LastValue />
        <LastUpdateTime>2014-04-01T13:21:58.6290308+02:00</LastUpdateTime>
      </ModuleParameter>
      <ModuleParameter>
        <Name>Widget.DisplayModule</Name>
        <Value>weather/earthtools/sundata</Value>
        <Description />
        <UpdateTime>2014-04-02T14:05:17.4794063Z</UpdateTime>
        <NeedsUpdate>false</NeedsUpdate>
        <LastValue>weather/earthtools/sundata</LastValue>
        <LastUpdateTime>2014-04-01T11:18:47.9499645Z</LastUpdateTime>
      </ModuleParameter>
    </Properties>
    <RoutingNode />
  </Module>
  <Module>
    <Name>Energy Monitor</Name>
    <Description />
    <DeviceType>Program</DeviceType>
    <Domain>HomeAutomation.HomeGenie.Automation</Domain>
    <Address>81</Address>
    <Properties>
      <ModuleParameter>
        <Name>EnergyMonitor.KwCounter</Name>
        <Value>0,000</Value>
        <Description />
        <UpdateTime>2014-04-02T15:14:54.2529982Z</UpdateTime>
        <NeedsUpdate>false</NeedsUpdate>
        <LastValue>0</LastValue>
        <LastUpdateTime>2014-04-02T15:12:54.1240348Z</LastUpdateTime>
      </ModuleParameter>
      <ModuleParameter>
        <Name>EnergyMonitor.KwLoad</Name>
        <Value>0,000</Value>
        <Description />
        <UpdateTime>2014-04-02T15:14:54.2529982Z</UpdateTime>
        <NeedsUpdate>false</NeedsUpdate>
        <LastValue>0</LastValue>
        <LastUpdateTime>2014-04-02T15:12:54.1240348Z</LastUpdateTime>
      </ModuleParameter>
      <ModuleParameter>
        <Name>EnergyMonitor.OperatingDevices</Name>
        <Value>0</Value>
        <Description />
        <UpdateTime>2014-04-02T15:14:54.2529982Z</UpdateTime>
        <NeedsUpdate>false</NeedsUpdate>
        <LastValue />
        <LastUpdateTime>2014-04-01T01:15:11.149413+02:00</LastUpdateTime>
      </ModuleParameter>
      <ModuleParameter>
        <Name>VirtualModule.ParentId</Name>
        <Value>81</Value>
        <Description />
        <UpdateTime>2014-04-02T15:15:19.994417Z</UpdateTime>
        <NeedsUpdate>false</NeedsUpdate>
        <LastValue />
        <LastUpdateTime>2014-04-01T01:13:56.1438014+02:00</LastUpdateTime>
      </ModuleParameter>
    </Properties>
    <RoutingNode />
  </Module>
  <Module>
    <Name>Energy Saving Mode</Name>
    <Description />
    <DeviceType>Program</DeviceType>
    <Domain>HomeAutomation.HomeGenie.Automation</Domain>
    <Address>82</Address>
    <Properties>
      <ModuleParameter>
        <Name>ConfigureOptions.MaxLevel</Name>
        <Value>40</Value>
        <Description>Keep level below the following value</Description>
        <UpdateTime>2014-03-31T23:14:54.1484418Z</UpdateTime>
        <NeedsUpdate>false</NeedsUpdate>
        <LastValue />
        <LastUpdateTime>2014-04-01T01:14:54.1484418+02:00</LastUpdateTime>
      </ModuleParameter>
      <ModuleParameter>
        <Name>VirtualModule.ParentId</Name>
        <Value>82</Value>
        <Description />
        <UpdateTime>2014-04-02T15:15:19.994417Z</UpdateTime>
        <NeedsUpdate>false</NeedsUpdate>
        <LastValue />
        <LastUpdateTime>2014-04-01T01:13:56.142796+02:00</LastUpdateTime>
      </ModuleParameter>
    </Properties>
    <RoutingNode />
  </Module>
  <Module>
    <Name>X10 - Dimmer Bright 100% when switched on</Name>
    <Description />
    <DeviceType>Program</DeviceType>
    <Domain>HomeAutomation.HomeGenie.Automation</Domain>
    <Address>84</Address>
    <Properties>
      <ModuleParameter>
        <Name>VirtualModule.ParentId</Name>
        <Value>84</Value>
        <Description />
        <UpdateTime>2014-04-02T15:15:19.994417Z</UpdateTime>
        <NeedsUpdate>false</NeedsUpdate>
        <LastValue />
        <LastUpdateTime>2014-04-01T01:13:56.142796+02:00</LastUpdateTime>
      </ModuleParameter>
    </Properties>
    <RoutingNode />
  </Module>
  <Module>
    <Name>Security Alarm System</Name>
    <Description />
    <DeviceType>Program</DeviceType>
    <Domain>HomeAutomation.HomeGenie.Automation</Domain>
    <Address>90</Address>
    <Properties>
      <ModuleParameter>
        <Name>ConfigureOptions.Email.Recipients</Name>
        <Value />
        <Description>3. Comma separated list of recipients e-mails for alarm notifications</Description>
        <UpdateTime>2014-04-02T15:12:49.1215296Z</UpdateTime>
        <NeedsUpdate>false</NeedsUpdate>
        <LastValue />
        <LastUpdateTime>2014-04-01T01:14:58.1512372+02:00</LastUpdateTime>
      </ModuleParameter>
      <ModuleParameter>
        <Name>ConfigureOptions.System.ArmDelay</Name>
        <Value>10</Value>
        <Description>1. Arm Delay (seconds)</Description>
        <UpdateTime>2014-03-31T23:14:58.1512372Z</UpdateTime>
        <NeedsUpdate>false</NeedsUpdate>
        <LastValue />
        <LastUpdateTime>2014-04-01T01:14:58.1512372+02:00</LastUpdateTime>
      </ModuleParameter>
      <ModuleParameter>
        <Name>ConfigureOptions.System.SirenMaxTime</Name>
        <Value>30</Value>
        <Description>2. Sirens Max Time (seconds, 0=infinite)</Description>
        <UpdateTime>2014-03-31T23:14:58.1512372Z</UpdateTime>
        <NeedsUpdate>false</NeedsUpdate>
        <LastValue />
        <LastUpdateTime>2014-04-01T01:14:58.1512372+02:00</LastUpdateTime>
      </ModuleParameter>
      <ModuleParameter>
        <Name>HomeGenie.SecurityArmed</Name>
        <Value>0</Value>
        <Description />
        <UpdateTime>2014-04-02T15:12:49.1305294Z</UpdateTime>
        <NeedsUpdate>false</NeedsUpdate>
        <LastValue />
        <LastUpdateTime>2014-04-01T01:14:58.167253+02:00</LastUpdateTime>
      </ModuleParameter>
      <ModuleParameter>
        <Name>HomeGenie.SecurityTriggered</Name>
        <Value>0</Value>
        <Description />
        <UpdateTime>2014-04-02T15:12:49.1305294Z</UpdateTime>
        <NeedsUpdate>false</NeedsUpdate>
        <LastValue />
        <LastUpdateTime>2014-04-01T01:14:58.168254+02:00</LastUpdateTime>
      </ModuleParameter>
      <ModuleParameter>
        <Name>Status.Level</Name>
        <Value>0</Value>
        <Description />
        <UpdateTime>2014-04-02T15:12:49.1305294Z</UpdateTime>
        <NeedsUpdate>false</NeedsUpdate>
        <LastValue />
        <LastUpdateTime>2014-04-01T01:14:58.168254+02:00</LastUpdateTime>
      </ModuleParameter>
      <ModuleParameter>
        <Name>VirtualModule.ParentId</Name>
        <Value>90</Value>
        <Description />
        <UpdateTime>2014-04-02T15:15:19.994417Z</UpdateTime>
        <NeedsUpdate>false</NeedsUpdate>
        <LastValue />
        <LastUpdateTime>2014-04-01T01:13:56.142796+02:00</LastUpdateTime>
      </ModuleParameter>
      <ModuleParameter>
        <Name>Widget.DisplayModule</Name>
        <Value>homegenie/generic/securitysystem</Value>
        <Description />
        <UpdateTime>2014-03-31T23:13:56.142796Z</UpdateTime>
        <NeedsUpdate>false</NeedsUpdate>
        <LastValue />
        <LastUpdateTime>2014-04-01T01:13:56.142796+02:00</LastUpdateTime>
      </ModuleParameter>
    </Properties>
    <RoutingNode />
  </Module>
  <Module>
    <Name>Z-Wave - Wake Up Notify</Name>
    <Description />
    <DeviceType>Program</DeviceType>
    <Domain>HomeAutomation.HomeGenie.Automation</Domain>
    <Address>91</Address>
    <Properties>
      <ModuleParameter>
        <Name>VirtualModule.ParentId</Name>
        <Value>91</Value>
        <Description />
        <UpdateTime>2014-04-02T15:15:19.994417Z</UpdateTime>
        <NeedsUpdate>false</NeedsUpdate>
        <LastValue />
        <LastUpdateTime>2014-04-01T01:13:56.142796+02:00</LastUpdateTime>
      </ModuleParameter>
    </Properties>
    <RoutingNode />
  </Module>
  <Module>
    <Name>Z-Wave - Multi Instance/Channel </Name>
    <Description />
    <DeviceType>Program</DeviceType>
    <Domain>HomeAutomation.HomeGenie.Automation</Domain>
    <Address>93</Address>
    <Properties>
      <ModuleParameter>
        <Name>VirtualModule.ParentId</Name>
        <Value>93</Value>
        <Description />
        <UpdateTime>2014-04-02T15:15:19.994417Z</UpdateTime>
        <NeedsUpdate>false</NeedsUpdate>
        <LastValue />
        <LastUpdateTime>2014-04-01T01:13:56.1467788+02:00</LastUpdateTime>
      </ModuleParameter>
    </Properties>
    <RoutingNode />
  </Module>
  <Module>
    <Name>Turn Off Delay</Name>
    <Description />
    <DeviceType>Program</DeviceType>
    <Domain>HomeAutomation.HomeGenie.Automation</Domain>
    <Address>112</Address>
    <Properties>
      <ModuleParameter>
        <Name>VirtualModule.ParentId</Name>
        <Value>112</Value>
        <Description />
        <UpdateTime>2014-04-02T15:15:19.994417Z</UpdateTime>
        <NeedsUpdate>false</NeedsUpdate>
        <LastValue />
        <LastUpdateTime>2014-04-01T01:13:56.142796+02:00</LastUpdateTime>
      </ModuleParameter>
    </Properties>
    <RoutingNode />
  </Module>
  <Module>
    <Name>X10 RF Virtual Modules Mapper</Name>
    <Description />
    <DeviceType>Program</DeviceType>
    <Domain>HomeAutomation.HomeGenie.Automation</Domain>
    <Address>121</Address>
    <Properties>
      <ModuleParameter>
        <Name>VirtualModule.ParentId</Name>
        <Value>121</Value>
        <Description />
        <UpdateTime>2014-04-02T15:15:19.994417Z</UpdateTime>
        <NeedsUpdate>false</NeedsUpdate>
        <LastValue />
        <LastUpdateTime>2014-04-01T01:13:56.1467788+02:00</LastUpdateTime>
      </ModuleParameter>
    </Properties>
    <RoutingNode />
  </Module>
  <Module>
    <Name>E-Mail Account</Name>
    <Description />
    <DeviceType>Program</DeviceType>
    <Domain>HomeAutomation.HomeGenie.Automation</Domain>
    <Address>142</Address>
    <Properties>
      <ModuleParameter>
        <Name>ConfigureOptions.Email.Sender</Name>
        <Value />
        <Description>1. E-Mail address</Description>
        <UpdateTime>2014-04-02T15:12:52.122741Z</UpdateTime>
        <NeedsUpdate>false</NeedsUpdate>
        <LastValue />
        <LastUpdateTime>2014-04-01T01:15:04.1573418+02:00</LastUpdateTime>
      </ModuleParameter>
      <ModuleParameter>
        <Name>ConfigureOptions.Email.SmtpPassword</Name>
        <Value />
        <Description>4. SMTP password (optional)</Description>
        <UpdateTime>2014-04-02T15:12:52.122741Z</UpdateTime>
        <NeedsUpdate>false</NeedsUpdate>
        <LastValue />
        <LastUpdateTime>2014-04-01T01:15:04.1573418+02:00</LastUpdateTime>
      </ModuleParameter>
      <ModuleParameter>
        <Name>ConfigureOptions.Email.SmtpPort</Name>
        <Value>25</Value>
        <Description>5. SMTP Mail Server port</Description>
        <UpdateTime>2014-03-31T23:15:04.1573418Z</UpdateTime>
        <NeedsUpdate>false</NeedsUpdate>
        <LastValue />
        <LastUpdateTime>2014-04-01T01:15:04.1573418+02:00</LastUpdateTime>
      </ModuleParameter>
      <ModuleParameter>
        <Name>ConfigureOptions.Email.SmtpServer</Name>
        <Value />
        <Description>2. SMTP Mail Server address</Description>
        <UpdateTime>2014-04-02T15:12:52.122741Z</UpdateTime>
        <NeedsUpdate>false</NeedsUpdate>
        <LastValue />
        <LastUpdateTime>2014-04-01T01:15:04.1573418+02:00</LastUpdateTime>
      </ModuleParameter>
      <ModuleParameter>
        <Name>ConfigureOptions.Email.SmtpUserName</Name>
        <Value />
        <Description>3. SMTP username (optional)</Description>
        <UpdateTime>2014-04-02T15:12:52.122741Z</UpdateTime>
        <NeedsUpdate>false</NeedsUpdate>
        <LastValue />
        <LastUpdateTime>2014-04-01T01:15:04.1573418+02:00</LastUpdateTime>
      </ModuleParameter>
      <ModuleParameter>
        <Name>ConfigureOptions.Email.SmtpUseSsl</Name>
        <Value>FALSE</Value>
        <Description>6. SMTP Mail Server use SSL (TRUE or FALSE)</Description>
        <UpdateTime>2014-03-31T23:15:04.1573418Z</UpdateTime>
        <NeedsUpdate>false</NeedsUpdate>
        <LastValue />
        <LastUpdateTime>2014-04-01T01:15:04.1573418+02:00</LastUpdateTime>
      </ModuleParameter>
      <ModuleParameter>
        <Name>VirtualModule.ParentId</Name>
        <Value>142</Value>
        <Description />
        <UpdateTime>2014-04-02T15:15:19.994417Z</UpdateTime>
        <NeedsUpdate>false</NeedsUpdate>
        <LastValue />
        <LastUpdateTime>2014-04-01T01:13:56.142796+02:00</LastUpdateTime>
      </ModuleParameter>
    </Properties>
    <RoutingNode />
  </Module>
  <Module>
    <Name>Smart Lights</Name>
    <Description />
    <DeviceType>Program</DeviceType>
    <Domain>HomeAutomation.HomeGenie.Automation</Domain>
    <Address>145</Address>
    <Properties>
      <ModuleParameter>
        <Name>VirtualModule.ParentId</Name>
        <Value>145</Value>
        <Description />
        <UpdateTime>2014-04-02T15:15:19.994417Z</UpdateTime>
        <NeedsUpdate>false</NeedsUpdate>
        <LastValue />
        <LastUpdateTime>2014-04-01T01:13:56.1467788+02:00</LastUpdateTime>
      </ModuleParameter>
    </Properties>
    <RoutingNode />
  </Module>
  <Module>
    <Name>Windows Phone Push Notification Service</Name>
    <Description />
    <DeviceType>Program</DeviceType>
    <Domain>HomeAutomation.HomeGenie.Automation</Domain>
    <Address>200</Address>
    <Properties>
      <ModuleParameter>
        <Name>VirtualModule.ParentId</Name>
        <Value>200</Value>
        <Description />
        <UpdateTime>2014-04-02T15:15:19.994417Z</UpdateTime>
        <NeedsUpdate>false</NeedsUpdate>
        <LastValue />
        <LastUpdateTime>2014-04-01T01:13:56.1438014+02:00</LastUpdateTime>
      </ModuleParameter>
    </Properties>
    <RoutingNode />
  </Module>
  <Module>
    <Name>Light 1</Name>
    <Description />
    <DeviceType>Dimmer</DeviceType>
    <Domain>HomeAutomation.PhilipsHue</Domain>
    <Address>1</Address>
    <Properties>
      <ModuleParameter>
        <Name>EnergyManagement.EnergySavingMode</Name>
        <Value />
        <Description />
        <UpdateTime>2014-03-31T23:01:33.4336511Z</UpdateTime>
        <NeedsUpdate>false</NeedsUpdate>
        <LastValue />
        <LastUpdateTime>2014-02-09T18:41:08.197975+01:00</LastUpdateTime>
      </ModuleParameter>
      <ModuleParameter>
        <Name>HomeGenie.LevelMemory</Name>
        <Value>On</Value>
        <Description />
        <UpdateTime>2014-03-31T23:01:33.4336511Z</UpdateTime>
        <NeedsUpdate>false</NeedsUpdate>
        <LastValue />
        <LastUpdateTime>2014-02-09T18:41:08.198148+01:00</LastUpdateTime>
      </ModuleParameter>
      <ModuleParameter>
        <Name>HomeGenie.ScheduleControl</Name>
        <Value />
        <Description />
        <UpdateTime>2014-03-31T23:01:33.4336511Z</UpdateTime>
        <NeedsUpdate>false</NeedsUpdate>
        <LastValue>On</LastValue>
        <LastUpdateTime>2014-02-23T16:59:18.3050207Z</LastUpdateTime>
      </ModuleParameter>
      <ModuleParameter>
        <Name>HomeGenie.ScheduleOff</Name>
        <Value>00 19 * * *;@Weekend</Value>
        <Description />
        <UpdateTime>2014-03-31T23:01:33.4336511Z</UpdateTime>
        <NeedsUpdate>false</NeedsUpdate>
        <LastValue>01 18 * * *;@Weekend</LastValue>
        <LastUpdateTime>2014-02-23T16:59:18.3050207Z</LastUpdateTime>
      </ModuleParameter>
      <ModuleParameter>
        <Name>HomeGenie.ScheduleOn</Name>
        <Value>00 18 * * *;@Weekend</Value>
        <Description />
        <UpdateTime>2014-03-31T23:01:33.4336511Z</UpdateTime>
        <NeedsUpdate>false</NeedsUpdate>
        <LastValue>00 18 * * *;@Weekdays</LastValue>
        <LastUpdateTime>2014-02-23T16:59:18.3050207Z</LastUpdateTime>
      </ModuleParameter>
      <ModuleParameter>
        <Name>HomeGenie.SecurityAlarm</Name>
        <Value />
        <Description />
        <UpdateTime>2014-03-31T23:01:33.4336511Z</UpdateTime>
        <NeedsUpdate>false</NeedsUpdate>
        <LastValue />
        <LastUpdateTime>2014-02-09T18:41:08.198241+01:00</LastUpdateTime>
      </ModuleParameter>
      <ModuleParameter>
        <Name>HomeGenie.SmartLights.CheckLuminosity</Name>
        <Value />
        <Description />
        <UpdateTime>2014-03-31T23:01:33.4336511Z</UpdateTime>
        <NeedsUpdate>false</NeedsUpdate>
        <LastValue />
        <LastUpdateTime>2014-02-09T18:41:08.198526+01:00</LastUpdateTime>
      </ModuleParameter>
      <ModuleParameter>
        <Name>HomeGenie.SmartLights.Enable</Name>
        <Value />
        <Description />
        <UpdateTime>2014-03-31T23:01:33.4336511Z</UpdateTime>
        <NeedsUpdate>false</NeedsUpdate>
        <LastValue />
        <LastUpdateTime>2014-02-09T18:41:08.198352+01:00</LastUpdateTime>
      </ModuleParameter>
      <ModuleParameter>
        <Name>HomeGenie.SmartLights.OnMotionDetect</Name>
        <Value />
        <Description />
        <UpdateTime>2014-03-31T23:01:33.4336511Z</UpdateTime>
        <NeedsUpdate>false</NeedsUpdate>
        <LastValue />
        <LastUpdateTime>2014-02-09T18:41:08.198446+01:00</LastUpdateTime>
      </ModuleParameter>
      <ModuleParameter>
        <Name>HomeGenie.SmartLights.SwitchOffTimeout</Name>
        <Value />
        <Description />
        <UpdateTime>2014-03-31T23:01:33.4336511Z</UpdateTime>
        <NeedsUpdate>false</NeedsUpdate>
        <LastValue />
        <LastUpdateTime>2014-02-09T18:41:08.198637+01:00</LastUpdateTime>
      </ModuleParameter>
      <ModuleParameter>
        <Name>HomeGenie.SunRiseOff</Name>
        <Value />
        <Description />
        <UpdateTime>2014-02-23T16:17:21.6399216Z</UpdateTime>
        <NeedsUpdate>false</NeedsUpdate>
        <LastValue />
        <LastUpdateTime>2014-02-23T17:11:29.1619365+01:00</LastUpdateTime>
      </ModuleParameter>
      <ModuleParameter>
        <Name>HomeGenie.SunSetOn</Name>
        <Value />
        <Description />
        <UpdateTime>2014-02-23T16:17:21.6409205Z</UpdateTime>
        <NeedsUpdate>false</NeedsUpdate>
        <LastValue />
        <LastUpdateTime>2014-02-23T17:11:29.1619365+01:00</LastUpdateTime>
      </ModuleParameter>
      <ModuleParameter>
        <Name>HomeGenie.TouchlessToggle</Name>
        <Value />
        <Description />
        <UpdateTime>2014-02-23T17:02:26.8571012Z</UpdateTime>
        <NeedsUpdate>false</NeedsUpdate>
        <LastValue />
        <LastUpdateTime>2014-02-09T18:41:08.198071+01:00</LastUpdateTime>
      </ModuleParameter>
      <ModuleParameter>
        <Name>HomeGenie.TurnOffDelay</Name>
        <Value>15</Value>
        <Description />
        <UpdateTime>2014-03-31T23:01:33.4336511Z</UpdateTime>
        <NeedsUpdate>false</NeedsUpdate>
        <LastValue>30</LastValue>
        <LastUpdateTime>2014-03-31T22:56:06.1236506Z</LastUpdateTime>
      </ModuleParameter>
      <ModuleParameter>
        <Name>Meter.Watts</Name>
        <Value>0</Value>
        <Description />
        <UpdateTime>2014-04-02T15:15:29.6473776Z</UpdateTime>
        <NeedsUpdate>false</NeedsUpdate>
        <LastValue>8,98051948051948</LastValue>
        <LastUpdateTime>2014-03-31T23:00:32.7615204Z</LastUpdateTime>
      </ModuleParameter>
      <ModuleParameter>
        <Name>MobileNotification.SendChanges</Name>
        <Value />
        <Description />
        <UpdateTime>2014-03-31T23:01:33.4336511Z</UpdateTime>
        <NeedsUpdate>false</NeedsUpdate>
        <LastValue />
        <LastUpdateTime>2014-02-09T18:41:08.199034+01:00</LastUpdateTime>
      </ModuleParameter>
      <ModuleParameter>
        <Name>Status.ColorHsb</Name>
        <Value>0.6751633986928122,0.9935275080906146,0.7483766233766234</Value>
        <Description />
        <UpdateTime>2014-03-31T22:56:16.8223963Z</UpdateTime>
        <NeedsUpdate>false</NeedsUpdate>
        <LastValue>0.6751633986928122,0.8171091445427726,0.6899350649350651</LastValue>
        <LastUpdateTime>2014-03-31T22:56:13.3679406Z</LastUpdateTime>
      </ModuleParameter>
      <ModuleParameter>
        <Name>Status.LastLevel</Name>
        <Value>0</Value>
        <Description />
        <UpdateTime>2014-03-31T23:00:44.415725Z</UpdateTime>
        <NeedsUpdate>false</NeedsUpdate>
        <LastValue>0,748376623376623</LastValue>
        <LastUpdateTime>2014-03-31T23:00:14.4097709Z</LastUpdateTime>
      </ModuleParameter>
      <ModuleParameter>
        <Name>Status.Level</Name>
        <Value>0</Value>
        <Description />
        <UpdateTime>2014-03-31T23:00:44.4147226Z</UpdateTime>
        <NeedsUpdate>false</NeedsUpdate>
        <LastValue>0,748376623376623</LastValue>
        <LastUpdateTime>2014-03-31T23:00:14.4077709Z</LastUpdateTime>
      </ModuleParameter>
      <ModuleParameter>
        <Name>Status.MemoryLevel</Name>
        <Value>0,748376623376623</Value>
        <Description />
        <UpdateTime>2014-03-31T23:00:14.4097709Z</UpdateTime>
        <NeedsUpdate>false</NeedsUpdate>
        <LastValue>0,689935064935065</LastValue>
        <LastUpdateTime>2014-03-31T22:56:13.3699258Z</LastUpdateTime>
      </ModuleParameter>
      <ModuleParameter>
        <Name>VirtualMeter.Watts</Name>
        <Value>12</Value>
        <Description />
        <UpdateTime>2014-03-31T23:01:33.4336511Z</UpdateTime>
        <NeedsUpdate>false</NeedsUpdate>
        <LastValue>0</LastValue>
        <LastUpdateTime>2014-02-23T17:02:26.8580827Z</LastUpdateTime>
      </ModuleParameter>
      <ModuleParameter>
        <Name>VirtualModule.ParentId</Name>
        <Value>26</Value>
        <Description />
        <UpdateTime>2014-04-02T15:15:19.994417Z</UpdateTime>
        <NeedsUpdate>false</NeedsUpdate>
        <LastValue />
        <LastUpdateTime>2014-02-09T16:37:54.420442+01:00</LastUpdateTime>
      </ModuleParameter>
      <ModuleParameter>
        <Name>Widget.DisplayModule</Name>
        <Value>homegenie/generic/colorlight</Value>
        <Description />
        <UpdateTime>2014-02-09T16:43:35.598358Z</UpdateTime>
        <NeedsUpdate>false</NeedsUpdate>
        <LastValue />
        <LastUpdateTime>2014-02-09T16:37:50.288596+01:00</LastUpdateTime>
      </ModuleParameter>
    </Properties>
    <RoutingNode />
  </Module>
  <Module>
    <Name>Light 2</Name>
    <Description />
    <DeviceType>Dimmer</DeviceType>
    <Domain>HomeAutomation.PhilipsHue</Domain>
    <Address>2</Address>
    <Properties>
      <ModuleParameter>
        <Name>EnergyManagement.EnergySavingMode</Name>
        <Value />
        <Description />
        <UpdateTime>2014-03-31T22:56:06.1236506Z</UpdateTime>
        <NeedsUpdate>false</NeedsUpdate>
        <LastValue />
        <LastUpdateTime>2014-02-09T18:41:33.799157+01:00</LastUpdateTime>
      </ModuleParameter>
      <ModuleParameter>
        <Name>HomeGenie.LevelMemory</Name>
        <Value>On</Value>
        <Description />
        <UpdateTime>2014-03-31T22:56:06.1236506Z</UpdateTime>
        <NeedsUpdate>false</NeedsUpdate>
        <LastValue />
        <LastUpdateTime>2014-02-09T18:41:33.799344+01:00</LastUpdateTime>
      </ModuleParameter>
      <ModuleParameter>
        <Name>HomeGenie.ScheduleControl</Name>
        <Value />
        <Description />
        <UpdateTime>2014-03-31T22:56:06.1236506Z</UpdateTime>
        <NeedsUpdate>false</NeedsUpdate>
        <LastValue />
        <LastUpdateTime>2014-04-01T00:52:03.7464057+02:00</LastUpdateTime>
      </ModuleParameter>
      <ModuleParameter>
        <Name>HomeGenie.ScheduleOff</Name>
        <Value />
        <Description />
        <UpdateTime>2014-03-31T22:56:06.1236506Z</UpdateTime>
        <NeedsUpdate>false</NeedsUpdate>
        <LastValue />
        <LastUpdateTime>2014-04-01T00:52:03.7464057+02:00</LastUpdateTime>
      </ModuleParameter>
      <ModuleParameter>
        <Name>HomeGenie.ScheduleOn</Name>
        <Value />
        <Description />
        <UpdateTime>2014-03-31T22:56:06.1236506Z</UpdateTime>
        <NeedsUpdate>false</NeedsUpdate>
        <LastValue />
        <LastUpdateTime>2014-04-01T00:52:03.7464057+02:00</LastUpdateTime>
      </ModuleParameter>
      <ModuleParameter>
        <Name>HomeGenie.SecurityAlarm</Name>
        <Value />
        <Description />
        <UpdateTime>2014-03-31T22:56:06.1236506Z</UpdateTime>
        <NeedsUpdate>false</NeedsUpdate>
        <LastValue />
        <LastUpdateTime>2014-02-09T18:41:33.799445+01:00</LastUpdateTime>
      </ModuleParameter>
      <ModuleParameter>
        <Name>HomeGenie.SmartLights.CheckLuminosity</Name>
        <Value />
        <Description />
        <UpdateTime>2014-03-31T22:56:06.1236506Z</UpdateTime>
        <NeedsUpdate>false</NeedsUpdate>
        <LastValue />
        <LastUpdateTime>2014-02-09T18:41:33.79974+01:00</LastUpdateTime>
      </ModuleParameter>
      <ModuleParameter>
        <Name>HomeGenie.SmartLights.Enable</Name>
        <Value />
        <Description />
        <UpdateTime>2014-03-31T22:56:06.1236506Z</UpdateTime>
        <NeedsUpdate>false</NeedsUpdate>
        <LastValue />
        <LastUpdateTime>2014-02-09T18:41:33.799563+01:00</LastUpdateTime>
      </ModuleParameter>
      <ModuleParameter>
        <Name>HomeGenie.SmartLights.OnMotionDetect</Name>
        <Value />
        <Description />
        <UpdateTime>2014-03-31T22:56:06.1236506Z</UpdateTime>
        <NeedsUpdate>false</NeedsUpdate>
        <LastValue />
        <LastUpdateTime>2014-02-09T18:41:33.799661+01:00</LastUpdateTime>
      </ModuleParameter>
      <ModuleParameter>
        <Name>HomeGenie.SmartLights.SwitchOffTimeout</Name>
        <Value />
        <Description />
        <UpdateTime>2014-03-31T22:56:06.1236506Z</UpdateTime>
        <NeedsUpdate>false</NeedsUpdate>
        <LastValue />
        <LastUpdateTime>2014-02-09T18:41:33.799835+01:00</LastUpdateTime>
      </ModuleParameter>
      <ModuleParameter>
        <Name>HomeGenie.SunRiseOff</Name>
        <Value />
        <Description />
        <UpdateTime>2014-02-09T17:41:54.018871Z</UpdateTime>
        <NeedsUpdate>false</NeedsUpdate>
        <LastValue />
        <LastUpdateTime>2014-02-09T18:41:33.800009+01:00</LastUpdateTime>
      </ModuleParameter>
      <ModuleParameter>
        <Name>HomeGenie.SunSetOn</Name>
        <Value />
        <Description />
        <UpdateTime>2014-02-09T17:41:54.018786Z</UpdateTime>
        <NeedsUpdate>false</NeedsUpdate>
        <LastValue />
        <LastUpdateTime>2014-02-09T18:41:33.799932+01:00</LastUpdateTime>
      </ModuleParameter>
      <ModuleParameter>
        <Name>HomeGenie.TouchlessToggle</Name>
        <Value />
        <Description />
        <UpdateTime>2014-02-09T17:41:54.018165Z</UpdateTime>
        <NeedsUpdate>false</NeedsUpdate>
        <LastValue />
        <LastUpdateTime>2014-02-09T18:41:33.799234+01:00</LastUpdateTime>
      </ModuleParameter>
      <ModuleParameter>
        <Name>HomeGenie.TurnOffDelay</Name>
        <Value />
        <Description />
        <UpdateTime>2014-03-31T22:56:06.1236506Z</UpdateTime>
        <NeedsUpdate>false</NeedsUpdate>
        <LastValue />
        <LastUpdateTime>2014-02-09T18:41:33.800122+01:00</LastUpdateTime>
      </ModuleParameter>
      <ModuleParameter>
        <Name>Meter.Watts</Name>
        <Value>0</Value>
        <Description />
        <UpdateTime>2014-04-02T15:15:29.7482433Z</UpdateTime>
        <NeedsUpdate>false</NeedsUpdate>
        <LastValue>9,68181818181818</LastValue>
        <LastUpdateTime>2014-03-31T23:00:02.5594042Z</LastUpdateTime>
      </ModuleParameter>
      <ModuleParameter>
        <Name>MobileNotification.SendChanges</Name>
        <Value />
        <Description />
        <UpdateTime>2014-03-31T22:56:06.1236506Z</UpdateTime>
        <NeedsUpdate>false</NeedsUpdate>
        <LastValue />
        <LastUpdateTime>2014-02-09T18:41:33.800201+01:00</LastUpdateTime>
      </ModuleParameter>
      <ModuleParameter>
        <Name>Status.ColorHsb</Name>
        <Value>0.009803921568628008,1,0.8068181818181819</Value>
        <Description />
        <UpdateTime>2014-03-31T22:56:21.5119034Z</UpdateTime>
        <NeedsUpdate>false</NeedsUpdate>
        <LastValue>0.009803921568628008,0.9371069182389935,0.8068181818181819</LastValue>
        <LastUpdateTime>2014-03-31T22:55:04.6896406Z</LastUpdateTime>
      </ModuleParameter>
      <ModuleParameter>
        <Name>Status.LastLevel</Name>
        <Value>0</Value>
        <Description />
        <UpdateTime>2014-03-31T23:00:07.7594572Z</UpdateTime>
        <NeedsUpdate>false</NeedsUpdate>
        <LastValue>0,806818181818182</LastValue>
        <LastUpdateTime>2014-03-31T22:59:48.4403048Z</LastUpdateTime>
      </ModuleParameter>
      <ModuleParameter>
        <Name>Status.Level</Name>
        <Value>0</Value>
        <Description />
        <UpdateTime>2014-03-31T23:00:07.7594572Z</UpdateTime>
        <NeedsUpdate>false</NeedsUpdate>
        <LastValue>0,806818181818182</LastValue>
        <LastUpdateTime>2014-03-31T22:59:48.4403048Z</LastUpdateTime>
      </ModuleParameter>
      <ModuleParameter>
        <Name>Status.MemoryLevel</Name>
        <Value>0,806818181818182</Value>
        <Description />
        <UpdateTime>2014-03-31T22:59:48.4403048Z</UpdateTime>
        <NeedsUpdate>false</NeedsUpdate>
        <LastValue />
        <LastUpdateTime>2014-04-01T00:56:21.5119034+02:00</LastUpdateTime>
      </ModuleParameter>
      <ModuleParameter>
        <Name>VirtualMeter.Watts</Name>
        <Value>12</Value>
        <Description />
        <UpdateTime>2014-03-31T22:56:06.1236506Z</UpdateTime>
        <NeedsUpdate>false</NeedsUpdate>
        <LastValue>0</LastValue>
        <LastUpdateTime>2014-02-09T17:41:54.017879Z</LastUpdateTime>
      </ModuleParameter>
      <ModuleParameter>
        <Name>VirtualModule.ParentId</Name>
        <Value>26</Value>
        <Description />
        <UpdateTime>2014-04-02T15:15:19.994417Z</UpdateTime>
        <NeedsUpdate>false</NeedsUpdate>
        <LastValue />
        <LastUpdateTime>2014-02-09T16:37:54.421063+01:00</LastUpdateTime>
      </ModuleParameter>
      <ModuleParameter>
        <Name>Widget.DisplayModule</Name>
        <Value>homegenie/generic/colorlight</Value>
        <Description />
        <UpdateTime>2014-02-09T16:43:35.617681Z</UpdateTime>
        <NeedsUpdate>false</NeedsUpdate>
        <LastValue />
        <LastUpdateTime>2014-02-09T16:37:50.365469+01:00</LastUpdateTime>
      </ModuleParameter>
    </Properties>
    <RoutingNode />
  </Module>
  <Module>
    <Name>Light 3</Name>
    <Description />
    <DeviceType>Dimmer</DeviceType>
    <Domain>HomeAutomation.PhilipsHue</Domain>
    <Address>3</Address>
    <Properties>
      <ModuleParameter>
        <Name>EnergyManagement.EnergySavingMode</Name>
        <Value />
        <Description />
        <UpdateTime>2014-04-02T14:16:56.4181531Z</UpdateTime>
        <NeedsUpdate>false</NeedsUpdate>
        <LastValue />
        <LastUpdateTime>2014-02-09T18:41:54.02049+01:00</LastUpdateTime>
      </ModuleParameter>
      <ModuleParameter>
        <Name>HomeGenie.LevelMemory</Name>
        <Value>On</Value>
        <Description />
        <UpdateTime>2014-04-02T14:16:56.4181531Z</UpdateTime>
        <NeedsUpdate>false</NeedsUpdate>
        <LastValue />
        <LastUpdateTime>2014-02-09T18:41:54.020665+01:00</LastUpdateTime>
      </ModuleParameter>
      <ModuleParameter>
        <Name>HomeGenie.ScheduleControl</Name>
        <Value />
        <Description />
        <UpdateTime>2014-04-02T14:16:56.4181531Z</UpdateTime>
        <NeedsUpdate>false</NeedsUpdate>
        <LastValue />
        <LastUpdateTime>2014-04-01T00:52:18.1314698+02:00</LastUpdateTime>
      </ModuleParameter>
      <ModuleParameter>
        <Name>HomeGenie.ScheduleOff</Name>
        <Value />
        <Description />
        <UpdateTime>2014-04-02T14:16:56.4181531Z</UpdateTime>
        <NeedsUpdate>false</NeedsUpdate>
        <LastValue />
        <LastUpdateTime>2014-04-01T00:52:18.1314698+02:00</LastUpdateTime>
      </ModuleParameter>
      <ModuleParameter>
        <Name>HomeGenie.ScheduleOn</Name>
        <Value />
        <Description />
        <UpdateTime>2014-04-02T14:16:56.4181531Z</UpdateTime>
        <NeedsUpdate>false</NeedsUpdate>
        <LastValue />
        <LastUpdateTime>2014-04-01T00:52:18.1314698+02:00</LastUpdateTime>
      </ModuleParameter>
      <ModuleParameter>
        <Name>HomeGenie.SecurityAlarm</Name>
        <Value />
        <Description />
        <UpdateTime>2014-04-02T14:16:56.4181531Z</UpdateTime>
        <NeedsUpdate>false</NeedsUpdate>
        <LastValue />
        <LastUpdateTime>2014-02-09T18:41:54.020759+01:00</LastUpdateTime>
      </ModuleParameter>
      <ModuleParameter>
        <Name>HomeGenie.SmartLights.CheckLuminosity</Name>
        <Value />
        <Description />
        <UpdateTime>2014-04-02T14:16:56.4181531Z</UpdateTime>
        <NeedsUpdate>false</NeedsUpdate>
        <LastValue />
        <LastUpdateTime>2014-02-09T18:41:54.021098+01:00</LastUpdateTime>
      </ModuleParameter>
      <ModuleParameter>
        <Name>HomeGenie.SmartLights.Enable</Name>
        <Value />
        <Description />
        <UpdateTime>2014-04-02T14:16:56.4181531Z</UpdateTime>
        <NeedsUpdate>false</NeedsUpdate>
        <LastValue />
        <LastUpdateTime>2014-02-09T18:41:54.020881+01:00</LastUpdateTime>
      </ModuleParameter>
      <ModuleParameter>
        <Name>HomeGenie.SmartLights.OnMotionDetect</Name>
        <Value />
        <Description />
        <UpdateTime>2014-04-02T14:16:56.4181531Z</UpdateTime>
        <NeedsUpdate>false</NeedsUpdate>
        <LastValue />
        <LastUpdateTime>2014-02-09T18:41:54.020987+01:00</LastUpdateTime>
      </ModuleParameter>
      <ModuleParameter>
        <Name>HomeGenie.SmartLights.SwitchOffTimeout</Name>
        <Value />
        <Description />
        <UpdateTime>2014-04-02T14:16:56.4181531Z</UpdateTime>
        <NeedsUpdate>false</NeedsUpdate>
        <LastValue />
        <LastUpdateTime>2014-02-09T18:41:54.021174+01:00</LastUpdateTime>
      </ModuleParameter>
      <ModuleParameter>
        <Name>HomeGenie.SunRiseOff</Name>
        <Value />
        <Description />
        <UpdateTime>2014-02-09T17:41:54.021388Z</UpdateTime>
        <NeedsUpdate>false</NeedsUpdate>
        <LastValue />
        <LastUpdateTime>2014-02-09T18:41:54.021384+01:00</LastUpdateTime>
      </ModuleParameter>
      <ModuleParameter>
        <Name>HomeGenie.SunSetOn</Name>
        <Value />
        <Description />
        <UpdateTime>2014-02-09T17:41:54.021286Z</UpdateTime>
        <NeedsUpdate>false</NeedsUpdate>
        <LastValue />
        <LastUpdateTime>2014-02-09T18:41:54.021283+01:00</LastUpdateTime>
      </ModuleParameter>
      <ModuleParameter>
        <Name>HomeGenie.TouchlessToggle</Name>
        <Value />
        <Description />
        <UpdateTime>2014-02-09T17:41:54.020571Z</UpdateTime>
        <NeedsUpdate>false</NeedsUpdate>
        <LastValue />
        <LastUpdateTime>2014-02-09T18:41:54.020568+01:00</LastUpdateTime>
      </ModuleParameter>
      <ModuleParameter>
        <Name>HomeGenie.TurnOffDelay</Name>
        <Value />
        <Description />
        <UpdateTime>2014-04-02T14:16:56.4181531Z</UpdateTime>
        <NeedsUpdate>false</NeedsUpdate>
        <LastValue />
        <LastUpdateTime>2014-02-09T18:41:54.021481+01:00</LastUpdateTime>
      </ModuleParameter>
      <ModuleParameter>
        <Name>Meter.Watts</Name>
        <Value>0</Value>
        <Description />
        <UpdateTime>2014-04-02T15:15:29.8499293Z</UpdateTime>
        <NeedsUpdate>false</NeedsUpdate>
        <LastValue>9,0974025974026</LastValue>
        <LastUpdateTime>2014-03-31T23:00:02.6604977Z</LastUpdateTime>
      </ModuleParameter>
      <ModuleParameter>
        <Name>MobileNotification.SendChanges</Name>
        <Value />
        <Description />
        <UpdateTime>2014-04-02T14:16:56.4181531Z</UpdateTime>
        <NeedsUpdate>false</NeedsUpdate>
        <LastValue />
        <LastUpdateTime>2014-02-09T18:41:54.021764+01:00</LastUpdateTime>
      </ModuleParameter>
      <ModuleParameter>
        <Name>Status.ColorHsb</Name>
        <Value>0.34640522875816754,0.9371069182389935,0.7581168831168832</Value>
        <Description />
        <UpdateTime>2014-03-31T22:56:25.5984169Z</UpdateTime>
        <NeedsUpdate>false</NeedsUpdate>
        <LastValue>0.34705882352940876,1,1</LastValue>
        <LastUpdateTime>2014-03-31T22:55:10.105267Z</LastUpdateTime>
      </ModuleParameter>
      <ModuleParameter>
        <Name>Status.LastLevel</Name>
        <Value>0</Value>
        <Description />
        <UpdateTime>2014-03-31T23:00:07.9602816Z</UpdateTime>
        <NeedsUpdate>false</NeedsUpdate>
        <LastValue>0,758116883116883</LastValue>
        <LastUpdateTime>2014-03-31T22:59:48.6913388Z</LastUpdateTime>
      </ModuleParameter>
      <ModuleParameter>
        <Name>Status.Level</Name>
        <Value>0</Value>
        <Description />
        <UpdateTime>2014-03-31T23:00:07.9602816Z</UpdateTime>
        <NeedsUpdate>false</NeedsUpdate>
        <LastValue>0,758116883116883</LastValue>
        <LastUpdateTime>2014-03-31T22:59:48.6913388Z</LastUpdateTime>
      </ModuleParameter>
      <ModuleParameter>
        <Name>Status.MemoryLevel</Name>
        <Value>0,758116883116883</Value>
        <Description />
        <UpdateTime>2014-03-31T22:59:48.6913388Z</UpdateTime>
        <NeedsUpdate>false</NeedsUpdate>
        <LastValue />
        <LastUpdateTime>2014-04-01T00:56:25.5984169+02:00</LastUpdateTime>
      </ModuleParameter>
      <ModuleParameter>
        <Name>VirtualMeter.Watts</Name>
        <Value>12</Value>
        <Description />
        <UpdateTime>2014-04-02T14:16:56.4181531Z</UpdateTime>
        <NeedsUpdate>false</NeedsUpdate>
        <LastValue>0</LastValue>
        <LastUpdateTime>2014-02-09T17:41:54.020215Z</LastUpdateTime>
      </ModuleParameter>
      <ModuleParameter>
        <Name>VirtualModule.ParentId</Name>
        <Value>26</Value>
        <Description />
        <UpdateTime>2014-04-02T15:15:19.994417Z</UpdateTime>
        <NeedsUpdate>false</NeedsUpdate>
        <LastValue />
        <LastUpdateTime>2014-02-09T16:37:54.421731+01:00</LastUpdateTime>
      </ModuleParameter>
      <ModuleParameter>
        <Name>Widget.DisplayModule</Name>
        <Value>homegenie/generic/colorlight</Value>
        <Description />
        <UpdateTime>2014-02-09T16:43:35.618332Z</UpdateTime>
        <NeedsUpdate>false</NeedsUpdate>
        <LastValue />
        <LastUpdateTime>2014-02-09T16:37:50.366348+01:00</LastUpdateTime>
      </ModuleParameter>
    </Properties>
    <RoutingNode />
  </Module>
  <Module>
    <Name />
    <Description />
    <DeviceType>Dimmer</DeviceType>
    <Domain>HomeAutomation.PhilipsHue</Domain>
    <Address>4</Address>
    <Properties>
      <ModuleParameter>
        <Name>VirtualModule.ParentId</Name>
        <Value>26</Value>
        <Description />
        <UpdateTime>2014-04-02T15:15:19.994417Z</UpdateTime>
        <NeedsUpdate>false</NeedsUpdate>
        <LastValue />
        <LastUpdateTime>2014-02-09T16:37:54.422561+01:00</LastUpdateTime>
      </ModuleParameter>
      <ModuleParameter>
        <Name>Widget.DisplayModule</Name>
        <Value>homegenie/generic/colorlight</Value>
        <Description />
        <UpdateTime>2014-02-09T16:43:35.618897Z</UpdateTime>
        <NeedsUpdate>false</NeedsUpdate>
        <LastValue />
        <LastUpdateTime>2014-02-09T16:37:50.367156+01:00</LastUpdateTime>
      </ModuleParameter>
    </Properties>
    <RoutingNode />
  </Module>
  <Module>
    <Name />
    <Description />
    <DeviceType>Dimmer</DeviceType>
    <Domain>HomeAutomation.PhilipsHue</Domain>
    <Address>5</Address>
    <Properties>
      <ModuleParameter>
        <Name>VirtualModule.ParentId</Name>
        <Value>26</Value>
        <Description />
        <UpdateTime>2014-04-02T15:15:19.994417Z</UpdateTime>
        <NeedsUpdate>false</NeedsUpdate>
        <LastValue />
        <LastUpdateTime>2014-02-09T16:37:54.423109+01:00</LastUpdateTime>
      </ModuleParameter>
      <ModuleParameter>
        <Name>Widget.DisplayModule</Name>
        <Value>homegenie/generic/colorlight</Value>
        <Description />
        <UpdateTime>2014-02-09T16:43:35.619494Z</UpdateTime>
        <NeedsUpdate>false</NeedsUpdate>
        <LastValue />
        <LastUpdateTime>2014-02-09T16:37:50.367779+01:00</LastUpdateTime>
      </ModuleParameter>
    </Properties>
    <RoutingNode />
  </Module>
  <Module>
    <Name />
    <Description />
    <DeviceType>Sensor</DeviceType>
    <Domain>HomeAutomation.W800RF</Domain>
    <Address>RF</Address>
    <Properties />
    <RoutingNode />
  </Module>
  <Module>
    <Name />
    <Description />
    <DeviceType>Sensor</DeviceType>
    <Domain>HomeAutomation.X10.RF</Domain>
    <Address>1</Address>
    <Properties>
      <ModuleParameter>
        <Name>VirtualModule.ParentId</Name>
        <Value>121</Value>
        <Description />
        <UpdateTime>2014-04-02T15:15:19.994417Z</UpdateTime>
        <NeedsUpdate>false</NeedsUpdate>
        <LastValue />
        <LastUpdateTime>2014-04-01T01:15:14.1465373+02:00</LastUpdateTime>
      </ModuleParameter>
      <ModuleParameter>
        <Name>Widget.DisplayModule</Name>
        <Value>homegenie/generic/sensor</Value>
        <Description />
        <UpdateTime>2014-03-31T23:15:14.1465373Z</UpdateTime>
        <NeedsUpdate>false</NeedsUpdate>
        <LastValue />
        <LastUpdateTime>2014-04-01T01:15:14.1465373+02:00</LastUpdateTime>
      </ModuleParameter>
    </Properties>
    <RoutingNode />
  </Module>
  <Module>
    <Name />
    <Description />
    <DeviceType>Sensor</DeviceType>
    <Domain>HomeAutomation.X10.RF</Domain>
    <Address>2</Address>
    <Properties>
      <ModuleParameter>
        <Name>VirtualModule.ParentId</Name>
        <Value>121</Value>
        <Description />
        <UpdateTime>2014-04-02T15:15:19.994417Z</UpdateTime>
        <NeedsUpdate>false</NeedsUpdate>
        <LastValue />
        <LastUpdateTime>2014-04-01T01:15:14.1465373+02:00</LastUpdateTime>
      </ModuleParameter>
      <ModuleParameter>
        <Name>Widget.DisplayModule</Name>
        <Value>homegenie/generic/sensor</Value>
        <Description />
        <UpdateTime>2014-03-31T23:15:14.1465373Z</UpdateTime>
        <NeedsUpdate>false</NeedsUpdate>
        <LastValue />
        <LastUpdateTime>2014-04-01T01:15:14.1465373+02:00</LastUpdateTime>
      </ModuleParameter>
    </Properties>
    <RoutingNode />
  </Module>
  <Module>
    <Name />
    <Description />
    <DeviceType>Sensor</DeviceType>
    <Domain>HomeAutomation.X10.RF</Domain>
    <Address>3</Address>
    <Properties>
      <ModuleParameter>
        <Name>VirtualModule.ParentId</Name>
        <Value>121</Value>
        <Description />
        <UpdateTime>2014-04-02T15:15:19.994417Z</UpdateTime>
        <NeedsUpdate>false</NeedsUpdate>
        <LastValue />
        <LastUpdateTime>2014-04-01T01:15:14.1465373+02:00</LastUpdateTime>
      </ModuleParameter>
      <ModuleParameter>
        <Name>Widget.DisplayModule</Name>
        <Value>homegenie/generic/sensor</Value>
        <Description />
        <UpdateTime>2014-03-31T23:15:14.1465373Z</UpdateTime>
        <NeedsUpdate>false</NeedsUpdate>
        <LastValue />
        <LastUpdateTime>2014-04-01T01:15:14.1465373+02:00</LastUpdateTime>
      </ModuleParameter>
    </Properties>
    <RoutingNode />
  </Module>
  <Module>
    <Name />
    <Description />
    <DeviceType>Sensor</DeviceType>
    <Domain>HomeAutomation.X10.RF</Domain>
    <Address>4</Address>
    <Properties>
      <ModuleParameter>
        <Name>VirtualModule.ParentId</Name>
        <Value>121</Value>
        <Description />
        <UpdateTime>2014-04-02T15:15:19.994417Z</UpdateTime>
        <NeedsUpdate>false</NeedsUpdate>
        <LastValue />
        <LastUpdateTime>2014-04-01T01:15:14.1465373+02:00</LastUpdateTime>
      </ModuleParameter>
      <ModuleParameter>
        <Name>Widget.DisplayModule</Name>
        <Value>homegenie/generic/sensor</Value>
        <Description />
        <UpdateTime>2014-03-31T23:15:14.1465373Z</UpdateTime>
        <NeedsUpdate>false</NeedsUpdate>
        <LastValue />
        <LastUpdateTime>2014-04-01T01:15:14.1465373+02:00</LastUpdateTime>
      </ModuleParameter>
    </Properties>
    <RoutingNode />
  </Module>
  <Module>
    <Name />
    <Description />
    <DeviceType>Sensor</DeviceType>
    <Domain>HomeAutomation.X10.RF</Domain>
    <Address>5</Address>
    <Properties>
      <ModuleParameter>
        <Name>VirtualModule.ParentId</Name>
        <Value>121</Value>
        <Description />
        <UpdateTime>2014-04-02T15:15:19.994417Z</UpdateTime>
        <NeedsUpdate>false</NeedsUpdate>
        <LastValue />
        <LastUpdateTime>2014-04-01T01:15:14.1465373+02:00</LastUpdateTime>
      </ModuleParameter>
      <ModuleParameter>
        <Name>Widget.DisplayModule</Name>
        <Value>homegenie/generic/sensor</Value>
        <Description />
        <UpdateTime>2014-03-31T23:15:14.1465373Z</UpdateTime>
        <NeedsUpdate>false</NeedsUpdate>
        <LastValue />
        <LastUpdateTime>2014-04-01T01:15:14.1465373+02:00</LastUpdateTime>
      </ModuleParameter>
    </Properties>
    <RoutingNode />
  </Module>
  <Module>
    <Name />
    <Description />
    <DeviceType>Sensor</DeviceType>
    <Domain>HomeAutomation.X10.RF</Domain>
    <Address>6</Address>
    <Properties>
      <ModuleParameter>
        <Name>VirtualModule.ParentId</Name>
        <Value>121</Value>
        <Description />
        <UpdateTime>2014-04-02T15:15:19.994417Z</UpdateTime>
        <NeedsUpdate>false</NeedsUpdate>
        <LastValue />
        <LastUpdateTime>2014-04-01T01:15:14.1465373+02:00</LastUpdateTime>
      </ModuleParameter>
      <ModuleParameter>
        <Name>Widget.DisplayModule</Name>
        <Value>homegenie/generic/sensor</Value>
        <Description />
        <UpdateTime>2014-03-31T23:15:14.1465373Z</UpdateTime>
        <NeedsUpdate>false</NeedsUpdate>
        <LastValue />
        <LastUpdateTime>2014-04-01T01:15:14.1465373+02:00</LastUpdateTime>
      </ModuleParameter>
    </Properties>
    <RoutingNode />
  </Module>
  <Module>
    <Name />
    <Description />
    <DeviceType>Sensor</DeviceType>
    <Domain>HomeAutomation.X10.RF</Domain>
    <Address>7</Address>
    <Properties>
      <ModuleParameter>
        <Name>VirtualModule.ParentId</Name>
        <Value>121</Value>
        <Description />
        <UpdateTime>2014-04-02T15:15:19.994417Z</UpdateTime>
        <NeedsUpdate>false</NeedsUpdate>
        <LastValue />
        <LastUpdateTime>2014-04-01T01:15:14.1465373+02:00</LastUpdateTime>
      </ModuleParameter>
      <ModuleParameter>
        <Name>Widget.DisplayModule</Name>
        <Value>homegenie/generic/sensor</Value>
        <Description />
        <UpdateTime>2014-03-31T23:15:14.1465373Z</UpdateTime>
        <NeedsUpdate>false</NeedsUpdate>
        <LastValue />
        <LastUpdateTime>2014-04-01T01:15:14.1465373+02:00</LastUpdateTime>
      </ModuleParameter>
    </Properties>
    <RoutingNode />
  </Module>
  <Module>
    <Name />
    <Description />
    <DeviceType>Sensor</DeviceType>
    <Domain>HomeAutomation.X10.RF</Domain>
    <Address>8</Address>
    <Properties>
      <ModuleParameter>
        <Name>VirtualModule.ParentId</Name>
        <Value>121</Value>
        <Description />
        <UpdateTime>2014-04-02T15:15:19.994417Z</UpdateTime>
        <NeedsUpdate>false</NeedsUpdate>
        <LastValue />
        <LastUpdateTime>2014-04-01T01:15:14.1465373+02:00</LastUpdateTime>
      </ModuleParameter>
      <ModuleParameter>
        <Name>Widget.DisplayModule</Name>
        <Value>homegenie/generic/sensor</Value>
        <Description />
        <UpdateTime>2014-03-31T23:15:14.1465373Z</UpdateTime>
        <NeedsUpdate>false</NeedsUpdate>
        <LastValue />
        <LastUpdateTime>2014-04-01T01:15:14.1465373+02:00</LastUpdateTime>
      </ModuleParameter>
    </Properties>
    <RoutingNode />
  </Module>
  <Module>
    <Name />
    <Description />
    <DeviceType>Sensor</DeviceType>
    <Domain>HomeAutomation.X10.RF</Domain>
    <Address>9</Address>
    <Properties>
      <ModuleParameter>
        <Name>VirtualModule.ParentId</Name>
        <Value>121</Value>
        <Description />
        <UpdateTime>2014-04-02T15:15:19.994417Z</UpdateTime>
        <NeedsUpdate>false</NeedsUpdate>
        <LastValue />
        <LastUpdateTime>2014-04-01T01:15:14.1465373+02:00</LastUpdateTime>
      </ModuleParameter>
      <ModuleParameter>
        <Name>Widget.DisplayModule</Name>
        <Value>homegenie/generic/sensor</Value>
        <Description />
        <UpdateTime>2014-03-31T23:15:14.1465373Z</UpdateTime>
        <NeedsUpdate>false</NeedsUpdate>
        <LastValue />
        <LastUpdateTime>2014-04-01T01:15:14.1465373+02:00</LastUpdateTime>
      </ModuleParameter>
    </Properties>
    <RoutingNode />
  </Module>
  <Module>
    <Name />
    <Description />
    <DeviceType>Sensor</DeviceType>
    <Domain>HomeAutomation.X10.RF</Domain>
    <Address>10</Address>
    <Properties>
      <ModuleParameter>
        <Name>VirtualModule.ParentId</Name>
        <Value>121</Value>
        <Description />
        <UpdateTime>2014-04-02T15:15:19.994417Z</UpdateTime>
        <NeedsUpdate>false</NeedsUpdate>
        <LastValue />
        <LastUpdateTime>2014-04-01T01:15:14.1465373+02:00</LastUpdateTime>
      </ModuleParameter>
      <ModuleParameter>
        <Name>Widget.DisplayModule</Name>
        <Value>homegenie/generic/sensor</Value>
        <Description />
        <UpdateTime>2014-03-31T23:15:14.1465373Z</UpdateTime>
        <NeedsUpdate>false</NeedsUpdate>
        <LastValue />
        <LastUpdateTime>2014-04-01T01:15:14.1465373+02:00</LastUpdateTime>
      </ModuleParameter>
    </Properties>
    <RoutingNode />
  </Module>
  <Module>
    <Name />
    <Description />
    <DeviceType>Sensor</DeviceType>
    <Domain>HomeAutomation.X10.RF</Domain>
    <Address>11</Address>
    <Properties>
      <ModuleParameter>
        <Name>VirtualModule.ParentId</Name>
        <Value>121</Value>
        <Description />
        <UpdateTime>2014-04-02T15:15:19.994417Z</UpdateTime>
        <NeedsUpdate>false</NeedsUpdate>
        <LastValue />
        <LastUpdateTime>2014-04-01T01:15:14.1465373+02:00</LastUpdateTime>
      </ModuleParameter>
      <ModuleParameter>
        <Name>Widget.DisplayModule</Name>
        <Value>homegenie/generic/sensor</Value>
        <Description />
        <UpdateTime>2014-03-31T23:15:14.1465373Z</UpdateTime>
        <NeedsUpdate>false</NeedsUpdate>
        <LastValue />
        <LastUpdateTime>2014-04-01T01:15:14.1465373+02:00</LastUpdateTime>
      </ModuleParameter>
    </Properties>
    <RoutingNode />
  </Module>
  <Module>
    <Name />
    <Description />
    <DeviceType>Sensor</DeviceType>
    <Domain>HomeAutomation.X10.RF</Domain>
    <Address>12</Address>
    <Properties>
      <ModuleParameter>
        <Name>VirtualModule.ParentId</Name>
        <Value>121</Value>
        <Description />
        <UpdateTime>2014-04-02T15:15:19.994417Z</UpdateTime>
        <NeedsUpdate>false</NeedsUpdate>
        <LastValue />
        <LastUpdateTime>2014-04-01T01:15:14.1465373+02:00</LastUpdateTime>
      </ModuleParameter>
      <ModuleParameter>
        <Name>Widget.DisplayModule</Name>
        <Value>homegenie/generic/sensor</Value>
        <Description />
        <UpdateTime>2014-03-31T23:15:14.1465373Z</UpdateTime>
        <NeedsUpdate>false</NeedsUpdate>
        <LastValue />
        <LastUpdateTime>2014-04-01T01:15:14.1465373+02:00</LastUpdateTime>
      </ModuleParameter>
    </Properties>
    <RoutingNode />
  </Module>
  <Module>
    <Name />
    <Description />
    <DeviceType>Sensor</DeviceType>
    <Domain>HomeAutomation.X10.RF</Domain>
    <Address>13</Address>
    <Properties>
      <ModuleParameter>
        <Name>VirtualModule.ParentId</Name>
        <Value>121</Value>
        <Description />
        <UpdateTime>2014-04-02T15:15:19.994417Z</UpdateTime>
        <NeedsUpdate>false</NeedsUpdate>
        <LastValue />
        <LastUpdateTime>2014-04-01T01:15:14.1465373+02:00</LastUpdateTime>
      </ModuleParameter>
      <ModuleParameter>
        <Name>Widget.DisplayModule</Name>
        <Value>homegenie/generic/sensor</Value>
        <Description />
        <UpdateTime>2014-03-31T23:15:14.1465373Z</UpdateTime>
        <NeedsUpdate>false</NeedsUpdate>
        <LastValue />
        <LastUpdateTime>2014-04-01T01:15:14.1465373+02:00</LastUpdateTime>
      </ModuleParameter>
    </Properties>
    <RoutingNode />
  </Module>
  <Module>
    <Name />
    <Description />
    <DeviceType>Sensor</DeviceType>
    <Domain>HomeAutomation.X10.RF</Domain>
    <Address>14</Address>
    <Properties>
      <ModuleParameter>
        <Name>VirtualModule.ParentId</Name>
        <Value>121</Value>
        <Description />
        <UpdateTime>2014-04-02T15:15:19.994417Z</UpdateTime>
        <NeedsUpdate>false</NeedsUpdate>
        <LastValue />
        <LastUpdateTime>2014-04-01T01:15:14.1465373+02:00</LastUpdateTime>
      </ModuleParameter>
      <ModuleParameter>
        <Name>Widget.DisplayModule</Name>
        <Value>homegenie/generic/sensor</Value>
        <Description />
        <UpdateTime>2014-03-31T23:15:14.1465373Z</UpdateTime>
        <NeedsUpdate>false</NeedsUpdate>
        <LastValue />
        <LastUpdateTime>2014-04-01T01:15:14.1465373+02:00</LastUpdateTime>
      </ModuleParameter>
    </Properties>
    <RoutingNode />
  </Module>
  <Module>
    <Name />
    <Description />
    <DeviceType>Sensor</DeviceType>
    <Domain>HomeAutomation.X10.RF</Domain>
    <Address>15</Address>
    <Properties>
      <ModuleParameter>
        <Name>VirtualModule.ParentId</Name>
        <Value>121</Value>
        <Description />
        <UpdateTime>2014-04-02T15:15:19.994417Z</UpdateTime>
        <NeedsUpdate>false</NeedsUpdate>
        <LastValue />
        <LastUpdateTime>2014-04-01T01:15:14.1465373+02:00</LastUpdateTime>
      </ModuleParameter>
      <ModuleParameter>
        <Name>Widget.DisplayModule</Name>
        <Value>homegenie/generic/sensor</Value>
        <Description />
        <UpdateTime>2014-03-31T23:15:14.1465373Z</UpdateTime>
        <NeedsUpdate>false</NeedsUpdate>
        <LastValue />
        <LastUpdateTime>2014-04-01T01:15:14.1465373+02:00</LastUpdateTime>
      </ModuleParameter>
    </Properties>
    <RoutingNode />
  </Module>
  <Module>
    <Name />
    <Description />
    <DeviceType>Sensor</DeviceType>
    <Domain>HomeAutomation.X10.RF</Domain>
    <Address>16</Address>
    <Properties>
      <ModuleParameter>
        <Name>VirtualModule.ParentId</Name>
        <Value>121</Value>
        <Description />
        <UpdateTime>2014-04-02T15:15:19.994417Z</UpdateTime>
        <NeedsUpdate>false</NeedsUpdate>
        <LastValue />
        <LastUpdateTime>2014-04-01T01:15:14.1465373+02:00</LastUpdateTime>
      </ModuleParameter>
      <ModuleParameter>
        <Name>Widget.DisplayModule</Name>
        <Value>homegenie/generic/sensor</Value>
        <Description />
        <UpdateTime>2014-03-31T23:15:14.1465373Z</UpdateTime>
        <NeedsUpdate>false</NeedsUpdate>
        <LastValue />
        <LastUpdateTime>2014-04-01T01:15:14.1465373+02:00</LastUpdateTime>
      </ModuleParameter>
    </Properties>
    <RoutingNode />
  </Module>
</ArrayOfModule>