﻿<?xml version="1.0" encoding="utf-8"?>
<SystemConfiguration xmlns:xsd="http://www.w3.org/2001/XMLSchema" xmlns:xsi="http://www.w3.org/2001/XMLSchema-instance">
  <HomeGenie>
    <Settings>
      <ModuleParameter>
        <Name>Messaging.Email.Sender</Name>
        <Value />
        <Description />
        <UpdateTime>2014-04-19T10:24:49.9710739Z</UpdateTime>
        <NeedsUpdate>false</NeedsUpdate>
        <LastValue />
        <LastUpdateTime>2014-02-09T19:44:43.926698Z</LastUpdateTime>
      </ModuleParameter>
      <ModuleParameter>
        <Name>Messaging.Email.SmtpServer</Name>
        <Value />
        <Description />
        <UpdateTime>2014-04-19T10:24:49.9710739Z</UpdateTime>
        <NeedsUpdate>false</NeedsUpdate>
        <LastValue />
        <LastUpdateTime>2014-02-09T19:44:54.129667Z</LastUpdateTime>
      </ModuleParameter>
      <ModuleParameter>
        <Name>Messaging.Email.SmtpUserName</Name>
        <Value />
        <Description />
        <UpdateTime>2014-04-19T10:24:49.9710739Z</UpdateTime>
        <NeedsUpdate>false</NeedsUpdate>
        <LastValue />
        <LastUpdateTime>2014-02-09T19:45:15.149807Z</LastUpdateTime>
      </ModuleParameter>
      <ModuleParameter>
        <Name>Messaging.Email.SmtpPassword</Name>
        <Value />
        <Description />
        <UpdateTime>2014-04-19T10:24:49.9710739Z</UpdateTime>
        <NeedsUpdate>false</NeedsUpdate>
        <LastValue />
        <LastUpdateTime>2014-02-09T19:45:36.203948Z</LastUpdateTime>
      </ModuleParameter>
      <ModuleParameter>
        <Name>EnergyManagement.Monitor.KwLoad</Name>
        <Value />
        <Description />
        <UpdateTime>2014-02-09T19:47:35.762198Z</UpdateTime>
        <NeedsUpdate>false</NeedsUpdate>
        <LastValue />
        <LastUpdateTime>2014-02-09T19:46:24.536057Z</LastUpdateTime>
      </ModuleParameter>
      <ModuleParameter>
        <Name>EnergyManagement.Monitor.KwCounter</Name>
        <Value />
        <Description />
        <UpdateTime>2014-02-09T19:47:35.770991Z</UpdateTime>
        <NeedsUpdate>false</NeedsUpdate>
        <LastValue />
        <LastUpdateTime>2014-02-09T19:46:24.555189Z</LastUpdateTime>
      </ModuleParameter>
      <ModuleParameter>
        <Name>EnergyManagement.Monitor.OperatingDevices</Name>
        <Value />
        <Description />
        <UpdateTime>2014-02-09T19:47:35.779683Z</UpdateTime>
        <NeedsUpdate>false</NeedsUpdate>
        <LastValue />
        <LastUpdateTime>2014-02-09T19:46:24.574276Z</LastUpdateTime>
      </ModuleParameter>
      <ModuleParameter>
        <Name>Messaging.Email.SmtpPort</Name>
        <Value></Value>
        <Description />
        <UpdateTime>2014-04-19T10:24:58.6929279Z</UpdateTime>
        <NeedsUpdate>false</NeedsUpdate>
        <LastValue></LastValue>
        <LastUpdateTime>2014-04-19T10:24:49.9710739Z</LastUpdateTime>
      </ModuleParameter>
      <ModuleParameter>
        <Name>Messaging.Email.SmtpUseSsl</Name>
        <Value></Value>
        <Description />
        <UpdateTime>2014-04-19T10:24:58.6939286Z</UpdateTime>
        <NeedsUpdate>false</NeedsUpdate>
        <LastValue></LastValue>
        <LastUpdateTime>2014-04-19T10:24:49.9710739Z</LastUpdateTime>
      </ModuleParameter>
    </Settings>
    <SystemName>HAL</SystemName>
    <Location />
    <ServicePort>80</ServicePort>
    <UserPassword />
    <GUID></GUID>
    <EnableLogFile>true</EnableLogFile>
  </HomeGenie>
  <MIGService>
    <Interfaces>
      <Interface Domain="HomeAutomation.ZWave" IsEnabled="false">
        <Options>
          <Option Name="Port" Value="/dev/ttyUSB0" />
        </Options>
      </Interface>
      <Interface Domain="HomeAutomation.X10" IsEnabled="false">
        <Options>
          <Option Name="Port" Value="USB" />
          <Option Name="HouseCodes" Value="A" />
        </Options>
      </Interface>
      <Interface Domain="HomeAutomation.W800RF" IsEnabled="false">
        <Options>
          <Option Name="Port" Value="/dev/ttyUSB1" />
        </Options>
      </Interface>
      <Interface Domain="Controllers.LircRemote" IsEnabled="false">
        <Options />
      </Interface>
      <Interface Domain="Media.CameraInput" IsEnabled="false">
        <Options />
      </Interface>
      <Interface Domain="Protocols.UPnP" IsEnabled="false">
        <Options />
      </Interface>
      <Interface Domain="EmbeddedSystems.RaspiGPIO" IsEnabled="false">
        <Options />
      </Interface>
      <Interface Domain="EmbeddedSystems.Weeco4mGPIO" IsEnabled="false">
        <Options>
          <Option Name="InputPin" Value="7" />
          <Option Name="PulsePerWatt" Value="1.0" />
        </Options>
      </Interface>
    </Interfaces>
  </MIGService>
</SystemConfiguration>