﻿<?xml version="1.0" encoding="utf-8"?>
<ArrayOfGroup xmlns:xsi="http://www.w3.org/2001/XMLSchema-instance" xmlns:xsd="http://www.w3.org/2001/XMLSchema">
  <Group>
    <Name>Lights</Name>
    <Modules />
  </Group>
  <Group>
    <Name>Energy Management</Name>
    <Modules />
  </Group>
  <Group>
    <Name>Scenes</Name>
    <Modules />
  </Group>
  <Group>
    <Name>Weather and Enviroment</Name>
    <Modules />
  </Group>
  <Group>
    <Name>Messaging and Social</Name>
    <Modules />
  </Group>
  <Group>
    <Name>Devices and Things</Name>
    <Modules />
  </Group>
  <Group>
    <Name>X10</Name>
    <Modules />
  </Group>
  <Group>
    <Name>Z-Wave</Name>
    <Modules />
  </Group>
  <Group>
    <Name>Raspberry Pi</Name>
    <Modules />
  </Group>
  <Group>
    <Name>Security</Name>
    <Modules />
  </Group>
  <Group>
    <Name>Interconnections</Name>
    <Modules />
  </Group>
</ArrayOfGroup>
