﻿<?xml version="1.0" encoding="utf-8"?>
<ArrayOfGroup xmlns:xsi="http://www.w3.org/2001/XMLSchema-instance" xmlns:xsd="http://www.w3.org/2001/XMLSchema">
  <Group>
    <Name>Dashboard</Name>
    <Wallpaper>wallpaper_005.jpg</Wallpaper>
    <Modules>
      <ModuleReference>
        <Address>34</Address>
        <Domain>HomeAutomation.HomeGenie.Automation</Domain>
      </ModuleReference>
      <ModuleReference>
        <Address>1</Address>
        <Domain>HomeAutomation.EnergyMonitor</Domain>
      </ModuleReference>
      <ModuleReference>
        <Address>90</Address>
        <Domain>HomeAutomation.HomeGenie.Automation</Domain>
      </ModuleReference>
      <ModuleReference>
        <Address>36</Address>
        <Domain>HomeAutomation.HomeGenie.Automation</Domain>
      </ModuleReference>
      <ModuleReference>
        <Address>Resources on the web</Address>
        <Domain>HomeGenie.UI.Separator</Domain>
      </ModuleReference>
      <ModuleReference>
        <Address>4</Address>
        <Domain>Favourites.Link</Domain>
      </ModuleReference>
    </Modules>
  </Group>
  <Group>
    <Name>Color Lights</Name>
    <Wallpaper>wallpaper_006.jpg</Wallpaper>
    <Modules>
      <ModuleReference>
        <Address>1</Address>
        <Domain>HomeAutomation.PhilipsHue</Domain>
      </ModuleReference>
      <ModuleReference>
        <Address>2</Address>
        <Domain>HomeAutomation.PhilipsHue</Domain>
      </ModuleReference>
      <ModuleReference>
        <Address>3</Address>
        <Domain>HomeAutomation.PhilipsHue</Domain>
      </ModuleReference>
      <ModuleReference>
        <Address>Automation</Address>
        <Domain>HomeGenie.UI.Separator</Domain>
      </ModuleReference>
      <ModuleReference>
        <Address>8</Address>
        <Domain>HomeAutomation.HomeGenie.Automation</Domain>
      </ModuleReference>
      <ModuleReference>
        <Address>6</Address>
        <Domain>HomeAutomation.HomeGenie.Automation</Domain>
      </ModuleReference>
      <ModuleReference>
        <Address>7</Address>
        <Domain>HomeAutomation.HomeGenie.Automation</Domain>
      </ModuleReference>
    </Modules>
  </Group>
</ArrayOfGroup>
