﻿<?xml version="1.0" encoding="utf-8"?>
<ArrayOfGroup xmlns:xsd="http://www.w3.org/2001/XMLSchema" xmlns:xsi="http://www.w3.org/2001/XMLSchema-instance">
  <Group>
    <Name>Dashboard</Name>
    <Wallpaper>wallpaper_001.jpg</Wallpaper>
    <Modules>
      <ModuleReference>
        <Address>34</Address>
        <Domain>HomeAutomation.HomeGenie.Automation</Domain>
      </ModuleReference>
      <ModuleReference>
        <Address>90</Address>
        <Domain>HomeAutomation.HomeGenie.Automation</Domain>
      </ModuleReference>
      <ModuleReference>
        <Address>1</Address>
        <Domain>HomeAutomation.BasicThermostat</Domain>
      </ModuleReference>
      <ModuleReference>
        <Address>1</Address>
        <Domain>HomeAutomation.EnergyMonitor</Domain>
      </ModuleReference>
      <ModuleReference>
        <Address>36</Address>
        <Domain>HomeAutomation.HomeGenie.Automation</Domain>
      </ModuleReference>
      <ModuleReference>
        <Address>Virtual Modules</Address>
        <Domain>HomeGenie.UI.Separator</Domain>
      </ModuleReference>
      <ModuleReference>
        <Address>3</Address>
        <Domain>HomeAutomation.PhilipsHue</Domain>
      </ModuleReference>
      <ModuleReference>
        <Address>2</Address>
        <Domain>HomeAutomation.Demo</Domain>
      </ModuleReference>
      <ModuleReference>
        <Address>1</Address>
        <Domain>HomeAutomation.Demo</Domain>
      </ModuleReference>
      <ModuleReference>
        <Address>3</Address>
        <Domain>HomeAutomation.Demo</Domain>
      </ModuleReference>
      <ModuleReference>
        <Address>Simulate</Address>
        <Domain>HomeGenie.UI.Separator</Domain>
      </ModuleReference>
      <ModuleReference>
        <Address>401</Address>
        <Domain>HomeAutomation.HomeGenie.Automation</Domain>
      </ModuleReference>
      <ModuleReference>
        <Address>402</Address>
        <Domain>HomeAutomation.HomeGenie.Automation</Domain>
      </ModuleReference>
      <ModuleReference>
        <Address>403</Address>
        <Domain>HomeAutomation.HomeGenie.Automation</Domain>
      </ModuleReference>
      <ModuleReference>
        <Address>404</Address>
        <Domain>HomeAutomation.HomeGenie.Automation</Domain>
      </ModuleReference>
    </Modules>
  </Group>
  <Group>
    <Name>Color Lights</Name>
    <Wallpaper>wallpaper_007.jpg</Wallpaper>
    <Modules>
      <ModuleReference>
        <Address>1</Address>
        <Domain>HomeGenie.ZoneSensors</Domain>
      </ModuleReference>
      <ModuleReference>
        <Address>1</Address>
        <Domain>HomeAutomation.PhilipsHue</Domain>
      </ModuleReference>
      <ModuleReference>
        <Address>2</Address>
        <Domain>HomeAutomation.PhilipsHue</Domain>
      </ModuleReference>
      <ModuleReference>
        <Address>3</Address>
        <Domain>HomeAutomation.PhilipsHue</Domain>
      </ModuleReference>
      <ModuleReference>
        <Address>Automation</Address>
        <Domain>HomeGenie.UI.Separator</Domain>
      </ModuleReference>
      <ModuleReference>
        <Address>8</Address>
        <Domain>HomeAutomation.HomeGenie.Automation</Domain>
      </ModuleReference>
      <ModuleReference>
        <Address>6</Address>
        <Domain>HomeAutomation.HomeGenie.Automation</Domain>
      </ModuleReference>
      <ModuleReference>
        <Address>7</Address>
        <Domain>HomeAutomation.HomeGenie.Automation</Domain>
      </ModuleReference>
    </Modules>
  </Group>
</ArrayOfGroup>