﻿<?xml version="1.0" encoding="utf-8"?>
<ArrayOfModule xmlns:xsi="http://www.w3.org/2001/XMLSchema-instance" xmlns:xsd="http://www.w3.org/2001/XMLSchema">
  <Module>
    <Name>DIY HomeGenie Server</Name>
    <Description />
    <DeviceType>Generic</DeviceType>
    <Domain>Favourites.Link</Domain>
    <Address>1</Address>
    <Properties>
      <ModuleParameter>
        <Name>FavouritesLink.Url</Name>
        <Value>dtYEgv0vZ5T3NeZhZD9OXwdXbj1zTH6CONPfHB1b7UKXK3qyQQ1isdMDbupOD6p4</Value>
        <Description />
        <UpdateTime>2015-01-03T14:02:11.093021Z</UpdateTime>
      </ModuleParameter>
      <ModuleParameter>
        <Name>VirtualMeter.Watts</Name>
        <Value>1bJd8AxkP04ggqA73hoY+w==</Value>
        <Description />
        <UpdateTime>2015-01-03T14:02:11.093215Z</UpdateTime>
      </ModuleParameter>
      <ModuleParameter>
        <Name>VirtualModule.ParentId</Name>
        <Value>180</Value>
        <Description />
        <UpdateTime>2014-11-13T22:55:32.969289Z</UpdateTime>
      </ModuleParameter>
      <ModuleParameter>
        <Name>Widget.DisplayModule</Name>
        <Value>homegenie/generic/link</Value>
        <Description />
        <UpdateTime>2014-11-13T22:53:40.007618Z</UpdateTime>
      </ModuleParameter>
    </Properties>
    <RoutingNode />
  </Module>
  <Module>
    <Name>Quick Start</Name>
    <Description />
    <DeviceType>Generic</DeviceType>
    <Domain>Favourites.Link</Domain>
    <Address>2</Address>
    <Properties>
      <ModuleParameter>
        <Name>FavouritesLink.Url</Name>
        <Value>dtYEgv0vZ5T3NeZhZD9OX8QyQ/zTYFOSjCnNHTd7si1LbcsTOyjLwaF7pz3fc7ZY</Value>
        <Description />
        <UpdateTime>2015-01-03T14:02:11.093404Z</UpdateTime>
      </ModuleParameter>
      <ModuleParameter>
        <Name>VirtualMeter.Watts</Name>
        <Value>1bJd8AxkP04ggqA73hoY+w==</Value>
        <Description />
        <UpdateTime>2015-01-03T14:02:11.093581Z</UpdateTime>
      </ModuleParameter>
      <ModuleParameter>
        <Name>VirtualModule.ParentId</Name>
        <Value>180</Value>
        <Description />
        <UpdateTime>2014-11-13T22:55:32.969303Z</UpdateTime>
      </ModuleParameter>
      <ModuleParameter>
        <Name>Widget.DisplayModule</Name>
        <Value>homegenie/generic/link</Value>
        <Description />
        <UpdateTime>2014-11-13T22:53:40.007646Z</UpdateTime>
      </ModuleParameter>
    </Properties>
    <RoutingNode />
  </Module>
  <Module>
    <Name>Forum</Name>
    <Description />
    <DeviceType>Generic</DeviceType>
    <Domain>Favourites.Link</Domain>
    <Address>3</Address>
    <Properties>
      <ModuleParameter>
        <Name>FavouritesLink.Url</Name>
        <Value>dtYEgv0vZ5T3NeZhZD9OX54ux5W82wufcF4PJ6VOP5o=</Value>
        <Description />
        <UpdateTime>2015-01-03T14:02:11.093759Z</UpdateTime>
      </ModuleParameter>
      <ModuleParameter>
        <Name>VirtualMeter.Watts</Name>
        <Value>1bJd8AxkP04ggqA73hoY+w==</Value>
        <Description />
        <UpdateTime>2015-01-03T14:02:11.093935Z</UpdateTime>
      </ModuleParameter>
      <ModuleParameter>
        <Name>VirtualModule.ParentId</Name>
        <Value>180</Value>
        <Description />
        <UpdateTime>2014-11-13T22:55:32.969319Z</UpdateTime>
      </ModuleParameter>
      <ModuleParameter>
        <Name>Widget.DisplayModule</Name>
        <Value>homegenie/generic/link</Value>
        <Description />
        <UpdateTime>2014-11-13T22:53:40.007672Z</UpdateTime>
      </ModuleParameter>
    </Properties>
    <RoutingNode />
  </Module>
  <Module>
    <Name>HomeGenie on Google+</Name>
    <Description />
    <DeviceType>Generic</DeviceType>
    <Domain>Favourites.Link</Domain>
    <Address>4</Address>
    <Properties>
      <ModuleParameter>
        <Name>FavouritesLink.Url</Name>
        <Value>5BOwzpBQ9VBL1Ge/a1HawZhFygJCYHK45g/0DXYIAJ9X9TnN/4D58r5QbS2Cb2Td</Value>
        <Description />
        <UpdateTime>2015-01-03T14:02:11.094121Z</UpdateTime>
      </ModuleParameter>
      <ModuleParameter>
        <Name>VirtualMeter.Watts</Name>
        <Value>1bJd8AxkP04ggqA73hoY+w==</Value>
        <Description />
        <UpdateTime>2015-01-03T14:02:11.094298Z</UpdateTime>
      </ModuleParameter>
      <ModuleParameter>
        <Name>VirtualModule.ParentId</Name>
        <Value>180</Value>
        <Description />
        <UpdateTime>2014-11-13T22:55:32.969333Z</UpdateTime>
      </ModuleParameter>
      <ModuleParameter>
        <Name>Widget.DisplayModule</Name>
        <Value>homegenie/generic/link</Value>
        <Description />
        <UpdateTime>2014-11-13T22:53:40.007699Z</UpdateTime>
      </ModuleParameter>
    </Properties>
    <RoutingNode />
  </Module>
  <Module>
    <Name />
    <Description />
    <DeviceType>Generic</DeviceType>
    <Domain>Favourites.Link</Domain>
    <Address>5</Address>
    <Properties>
      <ModuleParameter>
        <Name>VirtualModule.ParentId</Name>
        <Value>180</Value>
        <Description />
        <UpdateTime>2014-11-13T22:55:32.969348Z</UpdateTime>
      </ModuleParameter>
      <ModuleParameter>
        <Name>Widget.DisplayModule</Name>
        <Value>homegenie/generic/link</Value>
        <Description />
        <UpdateTime>2014-11-13T22:53:40.007727Z</UpdateTime>
      </ModuleParameter>
    </Properties>
    <RoutingNode />
  </Module>
  <Module>
    <Name>Group Lights ON</Name>
    <Description />
    <DeviceType>Program</DeviceType>
    <Domain>HomeAutomation.HomeGenie.Automation</Domain>
    <Address>6</Address>
    <Properties>
      <ModuleParameter>
        <Name>Program.Status</Name>
        <Value>NGAg5Bttn96/TAPvzSiLvQ==</Value>
        <Description />
        <UpdateTime>2015-01-03T14:02:11.094475Z</UpdateTime>
      </ModuleParameter>
      <ModuleParameter>
        <Name>VirtualModule.ParentId</Name>
        <Value>6</Value>
        <Description />
        <UpdateTime>2014-11-13T22:55:32.969023Z</UpdateTime>
      </ModuleParameter>
      <ModuleParameter>
        <Name>Widget.DisplayModule</Name>
        <Value>homegenie/generic/program</Value>
        <Description />
        <UpdateTime>2014-04-11T18:45:15.535632Z</UpdateTime>
      </ModuleParameter>
    </Properties>
    <RoutingNode />
  </Module>
  <Module>
    <Name>Group Lights OFF</Name>
    <Description />
    <DeviceType>Program</DeviceType>
    <Domain>HomeAutomation.HomeGenie.Automation</Domain>
    <Address>7</Address>
    <Properties>
      <ModuleParameter>
        <Name>Program.Status</Name>
        <Value>NGAg5Bttn96/TAPvzSiLvQ==</Value>
        <Description />
        <UpdateTime>2015-01-03T14:02:11.094653Z</UpdateTime>
      </ModuleParameter>
      <ModuleParameter>
        <Name>VirtualModule.ParentId</Name>
        <Value>7</Value>
        <Description />
        <UpdateTime>2014-11-13T22:55:32.969036Z</UpdateTime>
      </ModuleParameter>
      <ModuleParameter>
        <Name>Widget.DisplayModule</Name>
        <Value>homegenie/generic/program</Value>
        <Description />
        <UpdateTime>2014-04-11T19:26:31.5647654Z</UpdateTime>
      </ModuleParameter>
    </Properties>
    <RoutingNode />
  </Module>
  <Module>
    <Name>Sunrise Colors Scenario</Name>
    <Description />
    <DeviceType>Program</DeviceType>
    <Domain>HomeAutomation.HomeGenie.Automation</Domain>
    <Address>8</Address>
    <Properties>
      <ModuleParameter>
        <Name>Program.Status</Name>
        <Value>NGAg5Bttn96/TAPvzSiLvQ==</Value>
        <Description />
        <UpdateTime>2015-01-03T14:02:11.094831Z</UpdateTime>
      </ModuleParameter>
      <ModuleParameter>
        <Name>VirtualModule.ParentId</Name>
        <Value>8</Value>
        <Description />
        <UpdateTime>2014-11-13T22:55:32.969443Z</UpdateTime>
      </ModuleParameter>
      <ModuleParameter>
        <Name>Widget.DisplayModule</Name>
        <Value>homegenie/generic/program</Value>
        <Description />
        <UpdateTime>2014-07-25T21:30:38.336888Z</UpdateTime>
      </ModuleParameter>
    </Properties>
    <RoutingNode />
  </Module>
  <Module>
    <Name>Level Memory</Name>
    <Description />
    <DeviceType>Program</DeviceType>
    <Domain>HomeAutomation.HomeGenie.Automation</Domain>
    <Address>16</Address>
    <Properties>
      <ModuleParameter>
        <Name>Program.Status</Name>
        <Value>NGAg5Bttn96/TAPvzSiLvQ==</Value>
        <Description />
        <UpdateTime>2015-01-03T14:02:11.095009Z</UpdateTime>
      </ModuleParameter>
      <ModuleParameter>
        <Name>VirtualModule.ParentId</Name>
        <Value>16</Value>
        <Description />
        <UpdateTime>2014-11-13T22:55:32.969046Z</UpdateTime>
      </ModuleParameter>
      <ModuleParameter>
        <Name>Widget.DisplayModule</Name>
        <Value />
        <Description />
        <UpdateTime>2014-04-11T15:54:02.6764765Z</UpdateTime>
      </ModuleParameter>
    </Properties>
    <RoutingNode />
  </Module>
  <Module>
    <Name>Philips Hue Bridge</Name>
    <Description />
    <DeviceType>Program</DeviceType>
    <Domain>HomeAutomation.HomeGenie.Automation</Domain>
    <Address>26</Address>
    <Properties>
      <ModuleParameter>
        <Name>ConfigureOptions.BridgeAddress</Name>
        <Value>DbL490/ZOfL+lYKD+i9ZZA==</Value>
        <Description>Philips Hue Bridge IP Address</Description>
        <UpdateTime>2015-01-03T14:02:11.095187Z</UpdateTime>
      </ModuleParameter>
      <ModuleParameter>
        <Name>ConfigureOptions.BridgeUsername</Name>
        <Value>pPx+IKgjmjrO7CTwAMY9jg==</Value>
        <Description>Philips Hue Bridge API username</Description>
        <UpdateTime>2015-01-03T14:02:11.095365Z</UpdateTime>
      </ModuleParameter>
      <ModuleParameter>
        <Name>Program.Status</Name>
        <Value>NGAg5Bttn96/TAPvzSiLvQ==</Value>
        <Description />
        <UpdateTime>2015-01-03T14:02:11.095543Z</UpdateTime>
      </ModuleParameter>
      <ModuleParameter>
        <Name>VirtualModule.ParentId</Name>
        <Value>26</Value>
        <Description />
        <UpdateTime>2014-11-13T22:55:32.969056Z</UpdateTime>
      </ModuleParameter>
      <ModuleParameter>
        <Name>Widget.DisplayModule</Name>
        <Value />
        <Description />
        <UpdateTime>2014-04-11T15:54:02.7024741Z</UpdateTime>
      </ModuleParameter>
    </Properties>
    <RoutingNode />
  </Module>
  <Module>
    <Name>MiLight Control</Name>
    <Description />
    <DeviceType>Program</DeviceType>
    <Domain>HomeAutomation.HomeGenie.Automation</Domain>
    <Address>28</Address>
    <Properties>
      <ModuleParameter>
        <Name>ConfigureOptions.HomeGenieMiLightAddress</Name>
        <Value>DbL490/ZOfL+lYKD+i9ZZA==</Value>
        <Description>MiLight IP Address</Description>
        <UpdateTime>2015-01-03T14:02:11.09572Z</UpdateTime>
      </ModuleParameter>
      <ModuleParameter>
        <Name>ConfigureOptions.HomeGenieMiLightPort</Name>
        <Value>7Ftf/+3CiqlE4Tt0HeeR4w==</Value>
        <Description>MiLight UDP Port</Description>
        <UpdateTime>2015-01-03T14:02:11.095898Z</UpdateTime>
      </ModuleParameter>
      <ModuleParameter>
        <Name>Program.Status</Name>
        <Value>NGAg5Bttn96/TAPvzSiLvQ==</Value>
        <Description />
        <UpdateTime>2015-01-03T14:02:11.096075Z</UpdateTime>
      </ModuleParameter>
      <ModuleParameter>
        <Name>VirtualModule.ParentId</Name>
        <Value>28</Value>
        <Description />
        <UpdateTime>2014-12-04T14:59:46.776172Z</UpdateTime>
      </ModuleParameter>
      <ModuleParameter>
        <Name>Widget.DisplayModule</Name>
        <Value>homegenie/generic/colorlight</Value>
        <Description />
        <UpdateTime>2014-12-04T14:59:46.768879Z</UpdateTime>
      </ModuleParameter>
    </Properties>
    <RoutingNode />
  </Module>
  <Module>
    <Name>Weather Underground</Name>
    <Description />
    <DeviceType>Program</DeviceType>
    <Domain>HomeAutomation.HomeGenie.Automation</Domain>
    <Address>34</Address>
    <Properties>
      <ModuleParameter>
        <Name>Astronomy.Sunrise</Name>
        <Value />
        <Description />
        <UpdateTime>2014-11-13T22:53:35.513978Z</UpdateTime>
      </ModuleParameter>
      <ModuleParameter>
        <Name>Astronomy.Sunset</Name>
        <Value />
        <Description />
        <UpdateTime>2014-11-13T22:53:35.513974Z</UpdateTime>
      </ModuleParameter>
      <ModuleParameter>
        <Name>Conditions.City</Name>
        <Value />
        <Description />
        <UpdateTime>2014-11-13T22:53:35.513981Z</UpdateTime>
      </ModuleParameter>
      <ModuleParameter>
        <Name>Conditions.Description</Name>
        <Value />
        <Description />
        <UpdateTime>2014-11-13T22:53:35.513998Z</UpdateTime>
      </ModuleParameter>
      <ModuleParameter>
        <Name>Conditions.DisplayLocation</Name>
        <Value />
        <Description />
        <UpdateTime>2014-11-13T22:53:35.513991Z</UpdateTime>
      </ModuleParameter>
      <ModuleParameter>
        <Name>Conditions.IconUrl</Name>
        <Value />
        <Description />
        <UpdateTime>2014-11-13T22:53:35.513994Z</UpdateTime>
      </ModuleParameter>
      <ModuleParameter>
        <Name>Conditions.TemperatureC</Name>
        <Value />
        <Description />
        <UpdateTime>2014-11-13T22:53:35.513984Z</UpdateTime>
      </ModuleParameter>
      <ModuleParameter>
        <Name>Conditions.TemperatureF</Name>
        <Value />
        <Description />
        <UpdateTime>2014-11-13T22:53:35.513987Z</UpdateTime>
      </ModuleParameter>
      <ModuleParameter>
        <Name>ConfigureOptions.ApiKey</Name>
        <Value>VGqXv2FlOtueeEb8myx1bw==</Value>
        <Description>Weather Underground Key</Description>
        <UpdateTime>2015-01-03T14:02:11.096254Z</UpdateTime>
      </ModuleParameter>
      <ModuleParameter>
        <Name>ConfigureOptions.InputDisplayCelsius</Name>
        <Value>ixkAM/uq24w4FhL1vR+sFg==</Value>
        <Description>Display Temperature in degrees Celsius - TRUE or FALSE</Description>
        <UpdateTime>2015-01-03T14:02:11.096432Z</UpdateTime>
      </ModuleParameter>
      <ModuleParameter>
        <Name>ConfigureOptions.Language</Name>
        <Value>Cn6VRtmascV3JQiOUKb3YQ==</Value>
        <Description>Language</Description>
        <UpdateTime>2015-01-03T14:02:11.096609Z</UpdateTime>
      </ModuleParameter>
      <ModuleParameter>
        <Name>ConfigureOptions.Location</Name>
        <Value>9zHIW0h+bCZIpaI9n1F1kg==</Value>
        <Description>City name</Description>
        <UpdateTime>2015-01-03T14:02:11.096787Z</UpdateTime>
      </ModuleParameter>
      <ModuleParameter>
        <Name>ConfigureOptions.UpdateInterval</Name>
        <Value>8XBi4G8MLNk4IJcRGtyCPg==</Value>
        <Description>Update interval (minutes)</Description>
        <UpdateTime>2015-01-03T14:02:11.096964Z</UpdateTime>
      </ModuleParameter>
      <ModuleParameter>
        <Name>Program.Status</Name>
        <Value>NGAg5Bttn96/TAPvzSiLvQ==</Value>
        <Description />
        <UpdateTime>2015-01-03T14:02:11.097142Z</UpdateTime>
      </ModuleParameter>
      <ModuleParameter>
        <Name>VirtualModule.ParentId</Name>
        <Value>34</Value>
        <Description />
        <UpdateTime>2014-11-13T22:55:32.969134Z</UpdateTime>
      </ModuleParameter>
      <ModuleParameter>
        <Name>Widget.DisplayModule</Name>
        <Value>weather/wunderground/conditions</Value>
        <Description />
        <UpdateTime>2014-04-11T19:26:31.5697656Z</UpdateTime>
      </ModuleParameter>
    </Properties>
    <RoutingNode />
  </Module>
  <Module>
    <Name>Scheduled ON/OFF</Name>
    <Description />
    <DeviceType>Program</DeviceType>
    <Domain>HomeAutomation.HomeGenie.Automation</Domain>
    <Address>35</Address>
    <Properties>
      <ModuleParameter>
        <Name>Program.Status</Name>
        <Value>NGAg5Bttn96/TAPvzSiLvQ==</Value>
        <Description />
        <UpdateTime>2015-01-03T14:02:11.09732Z</UpdateTime>
      </ModuleParameter>
      <ModuleParameter>
        <Name>VirtualModule.ParentId</Name>
        <Value>35</Value>
        <Description />
        <UpdateTime>2014-11-13T22:55:32.969144Z</UpdateTime>
      </ModuleParameter>
      <ModuleParameter>
        <Name>Widget.DisplayModule</Name>
        <Value />
        <Description />
        <UpdateTime>2014-04-11T15:54:04.6680764Z</UpdateTime>
      </ModuleParameter>
    </Properties>
    <RoutingNode />
  </Module>
  <Module>
    <Name>HCSR04 - Ultrasonic Ranging Module</Name>
    <Description />
    <DeviceType>Program</DeviceType>
    <Domain>HomeAutomation.HomeGenie.Automation</Domain>
    <Address>37</Address>
    <Properties>
      <ModuleParameter>
        <Name>Program.Status</Name>
        <Value>NGAg5Bttn96/TAPvzSiLvQ==</Value>
        <Description />
        <UpdateTime>2015-01-03T14:02:11.097497Z</UpdateTime>
      </ModuleParameter>
      <ModuleParameter>
        <Name>Sensor.Distance</Name>
        <Value />
        <Description />
        <UpdateTime>2014-11-13T16:35:20.880994Z</UpdateTime>
      </ModuleParameter>
      <ModuleParameter>
        <Name>Sensor.StatusMessage</Name>
        <Value />
        <Description />
        <UpdateTime>2014-11-13T16:35:20.881Z</UpdateTime>
      </ModuleParameter>
      <ModuleParameter>
        <Name>VirtualModule.ParentId</Name>
        <Value>37</Value>
        <Description />
        <UpdateTime>2014-11-13T16:35:20.882024Z</UpdateTime>
      </ModuleParameter>
      <ModuleParameter>
        <Name>Widget.DisplayModule</Name>
        <Value>homegenie/generic/sensor</Value>
        <Description />
        <UpdateTime>2014-11-13T16:35:20.872024Z</UpdateTime>
      </ModuleParameter>
    </Properties>
    <RoutingNode />
  </Module>
  <Module>
    <Name>MCP3008 - Analog Input Modules</Name>
    <Description />
    <DeviceType>Program</DeviceType>
    <Domain>HomeAutomation.HomeGenie.Automation</Domain>
    <Address>38</Address>
    <Properties>
      <ModuleParameter>
        <Name>ConfigureOptions.PollFrequency</Name>
        <Value>evhKWvO6ao3ifrLl95fkRA==</Value>
        <Description>Pause between updates (seconds)</Description>
        <UpdateTime>2015-01-03T14:02:11.097676Z</UpdateTime>
      </ModuleParameter>
      <ModuleParameter>
        <Name>Program.Status</Name>
        <Value>NGAg5Bttn96/TAPvzSiLvQ==</Value>
        <Description />
        <UpdateTime>2015-01-03T14:02:11.097853Z</UpdateTime>
      </ModuleParameter>
      <ModuleParameter>
        <Name>Runtime.Error</Name>
        <Value />
        <Description />
        <UpdateTime>2014-11-13T22:54:55.631275Z</UpdateTime>
      </ModuleParameter>
      <ModuleParameter>
        <Name>Spi.Locked</Name>
        <Value>ZIWBXy5mRGRuEte8y0MSqg==</Value>
        <Description />
        <UpdateTime>2015-01-03T14:02:11.098031Z</UpdateTime>
      </ModuleParameter>
      <ModuleParameter>
        <Name>VirtualModule.ParentId</Name>
        <Value>38</Value>
        <Description />
        <UpdateTime>2014-11-13T22:54:55.599764Z</UpdateTime>
      </ModuleParameter>
      <ModuleParameter>
        <Name>Widget.DisplayModule</Name>
        <Value />
        <Description />
        <UpdateTime>2014-11-13T16:35:05.337468Z</UpdateTime>
      </ModuleParameter>
    </Properties>
    <RoutingNode />
  </Module>
  <Module>
    <Name>Grove - Chainable RGB Led</Name>
    <Description />
    <DeviceType>Program</DeviceType>
    <Domain>HomeAutomation.HomeGenie.Automation</Domain>
    <Address>62</Address>
    <Properties>
      <ModuleParameter>
        <Name>ConfigureOptions.LedsNumber</Name>
        <Value>ZIWBXy5mRGRuEte8y0MSqg==</Value>
        <Description>Number of chained RGB leds</Description>
        <UpdateTime>2015-01-03T14:02:11.098213Z</UpdateTime>
      </ModuleParameter>
      <ModuleParameter>
        <Name>Program.Status</Name>
        <Value>NGAg5Bttn96/TAPvzSiLvQ==</Value>
        <Description />
        <UpdateTime>2015-01-03T14:02:11.098392Z</UpdateTime>
      </ModuleParameter>
      <ModuleParameter>
        <Name>Runtime.Error</Name>
        <Value />
        <Description />
        <UpdateTime>2014-11-13T09:16:41.552427Z</UpdateTime>
      </ModuleParameter>
      <ModuleParameter>
        <Name>VirtualModule.ParentId</Name>
        <Value>62</Value>
        <Description />
        <UpdateTime>2014-11-13T09:16:41.509906Z</UpdateTime>
      </ModuleParameter>
      <ModuleParameter>
        <Name>Widget.DisplayModule</Name>
        <Value />
        <Description />
        <UpdateTime>2014-11-13T09:16:41.477229Z</UpdateTime>
      </ModuleParameter>
    </Properties>
    <RoutingNode />
  </Module>
  <Module>
    <Name>DHT-11 Sensor</Name>
    <Description />
    <DeviceType>Program</DeviceType>
    <Domain>HomeAutomation.HomeGenie.Automation</Domain>
    <Address>70</Address>
    <Properties>
      <ModuleParameter>
        <Name>ConfigureOptions.UpdateInterval</Name>
        <Value>aLfrhpFxSdGkIMZWZFvWjQ==</Value>
        <Description>Update Interval (seconds)</Description>
        <UpdateTime>2015-01-03T14:02:11.09857Z</UpdateTime>
      </ModuleParameter>
      <ModuleParameter>
        <Name>Program.Status</Name>
        <Value>NGAg5Bttn96/TAPvzSiLvQ==</Value>
        <Description />
        <UpdateTime>2015-01-03T14:02:11.098747Z</UpdateTime>
      </ModuleParameter>
      <ModuleParameter>
        <Name>Runtime.Error</Name>
        <Value />
        <Description />
        <UpdateTime>2014-11-13T16:35:38.440737Z</UpdateTime>
      </ModuleParameter>
      <ModuleParameter>
        <Name>Sensor.Humidity</Name>
        <Value />
        <Description />
        <UpdateTime>2014-11-13T16:35:38.421757Z</UpdateTime>
      </ModuleParameter>
      <ModuleParameter>
        <Name>Sensor.Temperature</Name>
        <Value />
        <Description />
        <UpdateTime>2014-11-13T16:35:38.421762Z</UpdateTime>
      </ModuleParameter>
      <ModuleParameter>
        <Name>Sensor.TemperatureF</Name>
        <Value />
        <Description />
        <UpdateTime>2014-11-13T16:35:38.421766Z</UpdateTime>
      </ModuleParameter>
      <ModuleParameter>
        <Name>VirtualModule.ParentId</Name>
        <Value>70</Value>
        <Description />
        <UpdateTime>2014-11-13T16:35:38.422903Z</UpdateTime>
      </ModuleParameter>
      <ModuleParameter>
        <Name>Widget.DisplayModule</Name>
        <Value>homegenie/generic/sensor</Value>
        <Description />
        <UpdateTime>2014-11-13T16:35:38.412532Z</UpdateTime>
      </ModuleParameter>
    </Properties>
    <RoutingNode />
  </Module>
  <Module>
    <Name>DHT-22 Sensor</Name>
    <Description />
    <DeviceType>Program</DeviceType>
    <Domain>HomeAutomation.HomeGenie.Automation</Domain>
    <Address>63</Address>
    <Properties>
      <ModuleParameter>
        <Name>ConfigureOptions.UpdateInterval</Name>
        <Value>aLfrhpFxSdGkIMZWZFvWjQ==</Value>
        <Description>Update Interval (seconds)</Description>
        <UpdateTime>2015-01-03T14:02:11.09857Z</UpdateTime>
      </ModuleParameter>
      <ModuleParameter>
        <Name>Program.Status</Name>
        <Value>NGAg5Bttn96/TAPvzSiLvQ==</Value>
        <Description />
        <UpdateTime>2015-01-03T14:02:11.098747Z</UpdateTime>
      </ModuleParameter>
      <ModuleParameter>
        <Name>Runtime.Error</Name>
        <Value />
        <Description />
        <UpdateTime>2014-11-13T16:35:38.440737Z</UpdateTime>
      </ModuleParameter>
      <ModuleParameter>
        <Name>Sensor.Humidity</Name>
        <Value />
        <Description />
        <UpdateTime>2014-11-13T16:35:38.421757Z</UpdateTime>
      </ModuleParameter>
      <ModuleParameter>
        <Name>Sensor.Temperature</Name>
        <Value />
        <Description />
        <UpdateTime>2014-11-13T16:35:38.421762Z</UpdateTime>
      </ModuleParameter>
      <ModuleParameter>
        <Name>Sensor.TemperatureF</Name>
        <Value />
        <Description />
        <UpdateTime>2014-11-13T16:35:38.421766Z</UpdateTime>
      </ModuleParameter>
      <ModuleParameter>
        <Name>VirtualModule.ParentId</Name>
        <Value>63</Value>
        <Description />
        <UpdateTime>2014-11-13T16:35:38.422903Z</UpdateTime>
      </ModuleParameter>
      <ModuleParameter>
        <Name>Widget.DisplayModule</Name>
        <Value>homegenie/generic/sensor</Value>
        <Description />
        <UpdateTime>2014-11-13T16:35:38.412532Z</UpdateTime>
      </ModuleParameter>
    </Properties>
    <RoutingNode />
  </Module>
  <Module>
    <Name>Earth Tools</Name>
    <Description />
    <DeviceType>Program</DeviceType>
    <Domain>HomeAutomation.HomeGenie.Automation</Domain>
    <Address>72</Address>
    <Properties>
      <ModuleParameter>
        <Name>Astronomy.Sunrise</Name>
        <Value>JwuB3jCqRo9WFdGP+v0QIw==</Value>
        <Description />
        <UpdateTime>2015-01-03T14:02:11.098926Z</UpdateTime>
      </ModuleParameter>
      <ModuleParameter>
        <Name>Astronomy.Sunset</Name>
        <Value>/ybxswE8vqPoDQOtIbVYUg==</Value>
        <Description />
        <UpdateTime>2015-01-03T14:02:11.099101Z</UpdateTime>
      </ModuleParameter>
      <ModuleParameter>
        <Name>ConfigureOptions.Latitude</Name>
        <Value>+16Q0RwqS+CiNhONrIqtSQ==</Value>
        <Description>Location latitude</Description>
        <UpdateTime>2015-01-03T14:02:11.099277Z</UpdateTime>
      </ModuleParameter>
      <ModuleParameter>
        <Name>ConfigureOptions.Longitude</Name>
        <Value>cZMqvcgpLt/m6QdAFckriQ==</Value>
        <Description>Location longitude</Description>
        <UpdateTime>2015-01-03T14:02:11.099455Z</UpdateTime>
      </ModuleParameter>
      <ModuleParameter>
        <Name>EarthTool.Evening.Sunset</Name>
        <Value>/ybxswE8vqPoDQOtIbVYUg==</Value>
        <Description />
        <UpdateTime>2015-01-03T14:02:11.099633Z</UpdateTime>
      </ModuleParameter>
      <ModuleParameter>
        <Name>EarthTool.Evening.Twilight.Astronomical</Name>
        <Value>PWx2s2DQKhajrfXSU7+wyA==</Value>
        <Description />
        <UpdateTime>2015-01-03T14:02:11.099809Z</UpdateTime>
      </ModuleParameter>
      <ModuleParameter>
        <Name>EarthTool.Evening.Twilight.Civil</Name>
        <Value>uO4deLWsmyn6DwGVZlPSNQ==</Value>
        <Description />
        <UpdateTime>2015-01-03T14:02:11.099985Z</UpdateTime>
      </ModuleParameter>
      <ModuleParameter>
        <Name>EarthTool.Evening.Twilight.Nautical</Name>
        <Value>YKHT+W5v8/dc7xIdAhqeSQ==</Value>
        <Description />
        <UpdateTime>2015-01-03T14:02:11.100161Z</UpdateTime>
      </ModuleParameter>
      <ModuleParameter>
        <Name>EarthTool.Morning.Sunrise</Name>
        <Value>JwuB3jCqRo9WFdGP+v0QIw==</Value>
        <Description />
        <UpdateTime>2015-01-03T14:02:11.10036Z</UpdateTime>
      </ModuleParameter>
      <ModuleParameter>
        <Name>EarthTool.Morning.Twilight.Astronomical</Name>
        <Value>wdKxsg3CJq3rkE7NC2GVtA==</Value>
        <Description />
        <UpdateTime>2015-01-03T14:02:11.100592Z</UpdateTime>
      </ModuleParameter>
      <ModuleParameter>
        <Name>EarthTool.Morning.Twilight.Civil</Name>
        <Value>v5HO8F0OKZnwo2Fnyc7HBw==</Value>
        <Description />
        <UpdateTime>2015-01-03T14:02:11.100769Z</UpdateTime>
      </ModuleParameter>
      <ModuleParameter>
        <Name>EarthTool.Morning.Twilight.Nautical</Name>
        <Value>yd48omkmX9NdESSPKmDalg==</Value>
        <Description />
        <UpdateTime>2015-01-03T14:02:11.100995Z</UpdateTime>
      </ModuleParameter>
      <ModuleParameter>
        <Name>Program.Status</Name>
        <Value>NGAg5Bttn96/TAPvzSiLvQ==</Value>
        <Description />
        <UpdateTime>2015-01-03T14:02:11.101171Z</UpdateTime>
      </ModuleParameter>
      <ModuleParameter>
        <Name>VirtualModule.ParentId</Name>
        <Value>72</Value>
        <Description />
        <UpdateTime>2014-11-13T22:55:32.969157Z</UpdateTime>
      </ModuleParameter>
      <ModuleParameter>
        <Name>Widget.DisplayModule</Name>
        <Value>weather/earthtools/sundata</Value>
        <Description />
        <UpdateTime>2014-04-11T18:45:15.536067Z</UpdateTime>
      </ModuleParameter>
    </Properties>
    <RoutingNode />
  </Module>
  <Module>
    <Name>IR/RF remote control events forwarding</Name>
    <Description>Wizard Script</Description>
    <DeviceType>Program</DeviceType>
    <Domain>HomeAutomation.HomeGenie.Automation</Domain>
    <Address>73</Address>
    <Properties>
      <ModuleParameter>
        <Name>ConfigureOptions.CellAddress</Name>
        <Value>DbL490/ZOfL+lYKD+i9ZZA==</Value>
        <Description>1. Remote HG server address</Description>
        <UpdateTime>2015-01-03T14:02:11.101349Z</UpdateTime>
      </ModuleParameter>
      <ModuleParameter>
        <Name>ConfigureOptions.CellPassword</Name>
        <Value />
        <Description>3. Password</Description>
        <UpdateTime>2014-04-11T18:48:52.8379712Z</UpdateTime>
      </ModuleParameter>
      <ModuleParameter>
        <Name>ConfigureOptions.CellUsername</Name>
        <Value />
        <Description>2. Username</Description>
        <UpdateTime>2014-04-11T18:48:52.8379712Z</UpdateTime>
      </ModuleParameter>
      <ModuleParameter>
        <Name>Program.Status</Name>
        <Value>NGAg5Bttn96/TAPvzSiLvQ==</Value>
        <Description />
        <UpdateTime>2015-01-03T14:02:11.101527Z</UpdateTime>
      </ModuleParameter>
      <ModuleParameter>
        <Name>VirtualModule.ParentId</Name>
        <Value>73</Value>
        <Description />
        <UpdateTime>2014-04-11T18:49:17.9773696Z</UpdateTime>
      </ModuleParameter>
      <ModuleParameter>
        <Name>Widget.DisplayModule</Name>
        <Value />
        <Description />
        <UpdateTime>2014-04-11T18:48:52.8389698Z</UpdateTime>
      </ModuleParameter>
    </Properties>
    <RoutingNode />
  </Module>
  <Module>
    <Name>Meter.Watts events forwarding</Name>
    <Description />
    <DeviceType>Program</DeviceType>
    <Domain>HomeAutomation.HomeGenie.Automation</Domain>
    <Address>74</Address>
    <Properties>
      <ModuleParameter>
        <Name>ConfigureOptions.CellAddress</Name>
        <Value>DbL490/ZOfL+lYKD+i9ZZA==</Value>
        <Description>1. Remote HG server address</Description>
        <UpdateTime>2015-01-03T14:02:11.101705Z</UpdateTime>
      </ModuleParameter>
      <ModuleParameter>
        <Name>ConfigureOptions.CellPassword</Name>
        <Value />
        <Description>3. Password</Description>
        <UpdateTime>2014-04-11T18:48:56.6408587Z</UpdateTime>
      </ModuleParameter>
      <ModuleParameter>
        <Name>ConfigureOptions.CellUsername</Name>
        <Value />
        <Description>2. Username</Description>
        <UpdateTime>2014-04-11T18:48:56.6408587Z</UpdateTime>
      </ModuleParameter>
      <ModuleParameter>
        <Name>Program.Status</Name>
        <Value>NGAg5Bttn96/TAPvzSiLvQ==</Value>
        <Description />
        <UpdateTime>2015-01-03T14:02:11.101883Z</UpdateTime>
      </ModuleParameter>
      <ModuleParameter>
        <Name>VirtualModule.ParentId</Name>
        <Value>74</Value>
        <Description />
        <UpdateTime>2014-04-11T18:49:05.3961372Z</UpdateTime>
      </ModuleParameter>
      <ModuleParameter>
        <Name>Widget.DisplayModule</Name>
        <Value />
        <Description />
        <UpdateTime>2014-04-11T18:48:56.641858Z</UpdateTime>
      </ModuleParameter>
    </Properties>
    <RoutingNode />
  </Module>
  <Module>
    <Name>Status.Level events forwarding</Name>
    <Description>Wizard Script</Description>
    <DeviceType>Program</DeviceType>
    <Domain>HomeAutomation.HomeGenie.Automation</Domain>
    <Address>75</Address>
    <Properties>
      <ModuleParameter>
        <Name>ConfigureOptions.CellAddress</Name>
        <Value>DbL490/ZOfL+lYKD+i9ZZA==</Value>
        <Description>1. Remote HG server address</Description>
        <UpdateTime>2015-01-03T14:02:11.102061Z</UpdateTime>
      </ModuleParameter>
      <ModuleParameter>
        <Name>ConfigureOptions.CellPassword</Name>
        <Value />
        <Description>3. Password</Description>
        <UpdateTime>2014-04-11T18:49:05.3961372Z</UpdateTime>
      </ModuleParameter>
      <ModuleParameter>
        <Name>ConfigureOptions.CellUsername</Name>
        <Value />
        <Description>2. Username</Description>
        <UpdateTime>2014-04-11T18:49:05.3961372Z</UpdateTime>
      </ModuleParameter>
      <ModuleParameter>
        <Name>Program.Status</Name>
        <Value>NGAg5Bttn96/TAPvzSiLvQ==</Value>
        <Description />
        <UpdateTime>2015-01-03T14:02:11.10229Z</UpdateTime>
      </ModuleParameter>
      <ModuleParameter>
        <Name>VirtualModule.ParentId</Name>
        <Value>75</Value>
        <Description />
        <UpdateTime>2014-04-11T18:49:21.5337947Z</UpdateTime>
      </ModuleParameter>
      <ModuleParameter>
        <Name>Widget.DisplayModule</Name>
        <Value />
        <Description />
        <UpdateTime>2014-04-11T18:49:05.3961372Z</UpdateTime>
      </ModuleParameter>
    </Properties>
    <RoutingNode />
  </Module>
  <Module>
    <Name>Sensor.* events forwarding</Name>
    <Description>Wizard Script</Description>
    <DeviceType>Program</DeviceType>
    <Domain>HomeAutomation.HomeGenie.Automation</Domain>
    <Address>76</Address>
    <Properties>
      <ModuleParameter>
        <Name>ConfigureOptions.CellAddress</Name>
        <Value>DbL490/ZOfL+lYKD+i9ZZA==</Value>
        <Description>1. Remote HG server address</Description>
        <UpdateTime>2015-01-03T14:02:11.102475Z</UpdateTime>
      </ModuleParameter>
      <ModuleParameter>
        <Name>ConfigureOptions.CellPassword</Name>
        <Value />
        <Description>3. Password</Description>
        <UpdateTime>2014-04-11T18:49:01.8675085Z</UpdateTime>
      </ModuleParameter>
      <ModuleParameter>
        <Name>ConfigureOptions.CellUsername</Name>
        <Value />
        <Description>2. Username</Description>
        <UpdateTime>2014-04-11T18:49:01.8675085Z</UpdateTime>
      </ModuleParameter>
      <ModuleParameter>
        <Name>Program.Status</Name>
        <Value>NGAg5Bttn96/TAPvzSiLvQ==</Value>
        <Description />
        <UpdateTime>2015-01-03T14:02:11.102659Z</UpdateTime>
      </ModuleParameter>
      <ModuleParameter>
        <Name>VirtualModule.ParentId</Name>
        <Value>76</Value>
        <Description />
        <UpdateTime>2014-04-11T18:49:14.2670397Z</UpdateTime>
      </ModuleParameter>
      <ModuleParameter>
        <Name>Widget.DisplayModule</Name>
        <Value />
        <Description />
        <UpdateTime>2014-04-11T18:49:01.8675085Z</UpdateTime>
      </ModuleParameter>
    </Properties>
    <RoutingNode />
  </Module>
  <Module>
    <Name>MQTT Network</Name>
    <Description />
    <DeviceType>Program</DeviceType>
    <Domain>HomeAutomation.HomeGenie.Automation</Domain>
    <Address>77</Address>
    <Properties>
      <ModuleParameter>
        <Name>ConfigureOptions.ClientId</Name>
        <Value>yREVeI8dF4mBMgVLkVnT3A==</Value>
        <Description>0. Enter unique ID for this client</Description>
        <UpdateTime>2015-01-03T14:02:11.102843Z</UpdateTime>
      </ModuleParameter>
      <ModuleParameter>
        <Name>ConfigureOptions.Password</Name>
        <Value />
        <Description>5. Password (optional)</Description>
        <UpdateTime>2014-07-14T20:41:16.978473Z</UpdateTime>
      </ModuleParameter>
      <ModuleParameter>
        <Name>ConfigureOptions.ServerAddress</Name>
        <Value />
        <Description>1. MQTT server address</Description>
        <UpdateTime>2014-07-14T20:41:11.960376Z</UpdateTime>
      </ModuleParameter>
      <ModuleParameter>
        <Name>ConfigureOptions.ServerPort</Name>
        <Value>meJwjyLKoo9JY2kYx/ZR4g==</Value>
        <Description>2. MQTT server port</Description>
        <UpdateTime>2015-01-03T14:02:11.103026Z</UpdateTime>
      </ModuleParameter>
      <ModuleParameter>
        <Name>ConfigureOptions.ServerTopic</Name>
        <Value>j4pi82PQEHeb4jgboRapLw==</Value>
        <Description>3. Topic</Description>
        <UpdateTime>2015-01-03T14:02:11.103209Z</UpdateTime>
      </ModuleParameter>
      <ModuleParameter>
        <Name>ConfigureOptions.Username</Name>
        <Value />
        <Description>4. Username (optional)</Description>
        <UpdateTime>2014-07-14T20:41:16.978472Z</UpdateTime>
      </ModuleParameter>
      <ModuleParameter>
        <Name>Program.Status</Name>
        <Value>NGAg5Bttn96/TAPvzSiLvQ==</Value>
        <Description />
        <UpdateTime>2015-01-03T14:02:11.103393Z</UpdateTime>
      </ModuleParameter>
      <ModuleParameter>
        <Name>VirtualModule.ParentId</Name>
        <Value>77</Value>
        <Description />
        <UpdateTime>2014-07-14T20:41:16.979209Z</UpdateTime>
      </ModuleParameter>
      <ModuleParameter>
        <Name>Widget.DisplayModule</Name>
        <Value />
        <Description />
        <UpdateTime>2014-07-12T23:26:04.917821Z</UpdateTime>
      </ModuleParameter>
    </Properties>
    <RoutingNode />
  </Module>
  <Module>
    <Name>Energy Monitor</Name>
    <Description />
    <DeviceType>Program</DeviceType>
    <Domain>HomeAutomation.HomeGenie.Automation</Domain>
    <Address>81</Address>
    <Properties>
      <ModuleParameter>
        <Name>EnergyMonitor.KwCounter</Name>
        <Value>brjQKghjAAmd8uyeI1dWKw==</Value>
        <Description />
        <UpdateTime>2015-01-03T14:02:11.10376Z</UpdateTime>
      </ModuleParameter>
      <ModuleParameter>
        <Name>EnergyMonitor.KwLoad</Name>
        <Value>brjQKghjAAmd8uyeI1dWKw==</Value>
        <Description />
        <UpdateTime>2015-01-03T14:02:11.103942Z</UpdateTime>
      </ModuleParameter>
      <ModuleParameter>
        <Name>EnergyMonitor.OperatingDevices</Name>
        <Value>1bJd8AxkP04ggqA73hoY+w==</Value>
        <Description />
        <UpdateTime>2015-01-03T14:02:11.104124Z</UpdateTime>
      </ModuleParameter>
      <ModuleParameter>
        <Name>Program.Status</Name>
        <Value>NGAg5Bttn96/TAPvzSiLvQ==</Value>
        <Description />
        <UpdateTime>2015-01-03T14:02:11.104305Z</UpdateTime>
      </ModuleParameter>
      <ModuleParameter>
        <Name>VirtualModule.ParentId</Name>
        <Value>81</Value>
        <Description />
        <UpdateTime>2014-11-13T22:55:32.969386Z</UpdateTime>
      </ModuleParameter>
      <ModuleParameter>
        <Name>Widget.DisplayModule</Name>
        <Value />
        <Description />
        <UpdateTime>2014-04-11T15:54:17.1650706Z</UpdateTime>
      </ModuleParameter>
    </Properties>
    <RoutingNode />
  </Module>
  <Module>
    <Name>Energy Saving Mode</Name>
    <Description />
    <DeviceType>Program</DeviceType>
    <Domain>HomeAutomation.HomeGenie.Automation</Domain>
    <Address>82</Address>
    <Properties>
      <ModuleParameter>
        <Name>ConfigureOptions.MaxLevel</Name>
        <Value>eQmibguU4RfcrcKLwpuf7w==</Value>
        <Description>Keep level below the following value</Description>
        <UpdateTime>2015-01-03T14:02:11.104489Z</UpdateTime>
      </ModuleParameter>
      <ModuleParameter>
        <Name>Program.Status</Name>
        <Value>NGAg5Bttn96/TAPvzSiLvQ==</Value>
        <Description />
        <UpdateTime>2015-01-03T14:02:11.104673Z</UpdateTime>
      </ModuleParameter>
      <ModuleParameter>
        <Name>VirtualModule.ParentId</Name>
        <Value>82</Value>
        <Description />
        <UpdateTime>2014-11-13T22:55:32.969173Z</UpdateTime>
      </ModuleParameter>
      <ModuleParameter>
        <Name>Widget.DisplayModule</Name>
        <Value />
        <Description />
        <UpdateTime>2014-04-11T15:54:07.6652023Z</UpdateTime>
      </ModuleParameter>
    </Properties>
    <RoutingNode />
  </Module>
  <Module>
    <Name>Set to 100% when switched on</Name>
    <Description />
    <DeviceType>Program</DeviceType>
    <Domain>HomeAutomation.HomeGenie.Automation</Domain>
    <Address>84</Address>
    <Properties>
      <ModuleParameter>
        <Name>Program.Status</Name>
        <Value>NGAg5Bttn96/TAPvzSiLvQ==</Value>
        <Description />
        <UpdateTime>2015-01-03T14:02:11.104856Z</UpdateTime>
      </ModuleParameter>
      <ModuleParameter>
        <Name>VirtualModule.ParentId</Name>
        <Value>84</Value>
        <Description />
        <UpdateTime>2014-11-13T22:55:32.969188Z</UpdateTime>
      </ModuleParameter>
      <ModuleParameter>
        <Name>Widget.DisplayModule</Name>
        <Value />
        <Description />
        <UpdateTime>2014-04-11T15:54:09.1655773Z</UpdateTime>
      </ModuleParameter>
    </Properties>
    <RoutingNode />
  </Module>
  <Module>
    <Name>Security Alarm System</Name>
    <Description />
    <DeviceType>Program</DeviceType>
    <Domain>HomeAutomation.HomeGenie.Automation</Domain>
    <Address>90</Address>
    <Properties>
      <ModuleParameter>
        <Name>ConfigureOptions.Email.Recipients</Name>
        <Value />
        <Description>3. Comma separated list of recipients e-mails for alarm notifications</Description>
        <UpdateTime>2014-11-13T22:53:38.015575Z</UpdateTime>
      </ModuleParameter>
      <ModuleParameter>
        <Name>ConfigureOptions.System.ArmDelay</Name>
        <Value>evhKWvO6ao3ifrLl95fkRA==</Value>
        <Description>1. Arm Delay (seconds)</Description>
        <UpdateTime>2015-01-03T14:02:11.10504Z</UpdateTime>
      </ModuleParameter>
      <ModuleParameter>
        <Name>ConfigureOptions.System.SirenMaxTime</Name>
        <Value>8XBi4G8MLNk4IJcRGtyCPg==</Value>
        <Description>2. Sirens Max Time (seconds, 0=infinite)</Description>
        <UpdateTime>2015-01-03T14:02:11.105223Z</UpdateTime>
      </ModuleParameter>
      <ModuleParameter>
        <Name>ConfigureOptions.Trigger.ArmedProgram</Name>
        <Value />
        <Description>4. Program to run when armed</Description>
        <UpdateTime>2014-11-13T22:53:38.015578Z</UpdateTime>
      </ModuleParameter>
      <ModuleParameter>
        <Name>ConfigureOptions.Trigger.DisarmedProgram</Name>
        <Value />
        <Description>5. Program to run when disarmed</Description>
        <UpdateTime>2014-11-13T22:53:38.015582Z</UpdateTime>
      </ModuleParameter>
      <ModuleParameter>
        <Name>ConfigureOptions.Trigger.TriggeredProgram</Name>
        <Value />
        <Description>6. Program to run when triggered</Description>
        <UpdateTime>2014-11-13T22:53:38.015585Z</UpdateTime>
      </ModuleParameter>
      <ModuleParameter>
        <Name>HomeGenie.SecurityArmed</Name>
        <Value>1bJd8AxkP04ggqA73hoY+w==</Value>
        <Description />
        <UpdateTime>2015-01-03T14:02:11.105407Z</UpdateTime>
      </ModuleParameter>
      <ModuleParameter>
        <Name>HomeGenie.SecurityTriggered</Name>
        <Value>1bJd8AxkP04ggqA73hoY+w==</Value>
        <Description />
        <UpdateTime>2015-01-03T14:02:11.105589Z</UpdateTime>
      </ModuleParameter>
      <ModuleParameter>
        <Name>Program.Status</Name>
        <Value>NGAg5Bttn96/TAPvzSiLvQ==</Value>
        <Description />
        <UpdateTime>2015-01-03T14:02:11.105778Z</UpdateTime>
      </ModuleParameter>
      <ModuleParameter>
        <Name>Status.Level</Name>
        <Value>1bJd8AxkP04ggqA73hoY+w==</Value>
        <Description />
        <UpdateTime>2015-01-03T14:02:11.105956Z</UpdateTime>
      </ModuleParameter>
      <ModuleParameter>
        <Name>VirtualModule.ParentId</Name>
        <Value>90</Value>
        <Description />
        <UpdateTime>2014-11-13T22:55:32.969204Z</UpdateTime>
      </ModuleParameter>
      <ModuleParameter>
        <Name>Widget.DisplayModule</Name>
        <Value>homegenie/generic/securitysystem</Value>
        <Description />
        <UpdateTime>2014-04-11T19:26:31.638769Z</UpdateTime>
      </ModuleParameter>
    </Properties>
    <RoutingNode />
  </Module>
  <Module>
    <Name>Query on Wake Up</Name>
    <Description />
    <DeviceType>Program</DeviceType>
    <Domain>HomeAutomation.HomeGenie.Automation</Domain>
    <Address>91</Address>
    <Properties>
      <ModuleParameter>
        <Name>Program.Status</Name>
        <Value>NGAg5Bttn96/TAPvzSiLvQ==</Value>
        <Description />
        <UpdateTime>2015-01-03T14:02:11.106139Z</UpdateTime>
      </ModuleParameter>
      <ModuleParameter>
        <Name>VirtualModule.ParentId</Name>
        <Value>91</Value>
        <Description />
        <UpdateTime>2014-11-13T22:55:32.969219Z</UpdateTime>
      </ModuleParameter>
      <ModuleParameter>
        <Name>Widget.DisplayModule</Name>
        <Value />
        <Description />
        <UpdateTime>2014-04-11T15:54:12.1634217Z</UpdateTime>
      </ModuleParameter>
    </Properties>
    <RoutingNode />
  </Module>
  <Module>
    <Name>Multi Instance/Channel  Virtual Modules</Name>
    <Description />
    <DeviceType>Program</DeviceType>
    <Domain>HomeAutomation.HomeGenie.Automation</Domain>
    <Address>93</Address>
    <Properties>
      <ModuleParameter>
        <Name>Program.Status</Name>
        <Value>NGAg5Bttn96/TAPvzSiLvQ==</Value>
        <Description />
        <UpdateTime>2015-01-03T14:02:11.106318Z</UpdateTime>
      </ModuleParameter>
      <ModuleParameter>
        <Name>VirtualModule.ParentId</Name>
        <Value>93</Value>
        <Description />
        <UpdateTime>2014-11-13T22:55:32.969404Z</UpdateTime>
      </ModuleParameter>
      <ModuleParameter>
        <Name>Widget.DisplayModule</Name>
        <Value />
        <Description />
        <UpdateTime>2014-04-11T15:54:17.1650706Z</UpdateTime>
      </ModuleParameter>
    </Properties>
    <RoutingNode />
  </Module>
  <Module>
    <Name>GPIO Modules</Name>
    <Description />
    <DeviceType>Program</DeviceType>
    <Domain>HomeAutomation.HomeGenie.Automation</Domain>
    <Address>100</Address>
    <Properties>
      <ModuleParameter>
        <Name>ConfigureOptions.GPIO17</Name>
        <Value>XSHDBMcF4dK1GQSqQGpA9g==</Value>
        <Description>GPIO17 (IN, OUT or OFF)</Description>
        <UpdateTime>2015-01-03T14:02:11.106496Z</UpdateTime>
      </ModuleParameter>
      <ModuleParameter>
        <Name>ConfigureOptions.GPIO18</Name>
        <Value>XSHDBMcF4dK1GQSqQGpA9g==</Value>
        <Description>GPIO18 (IN, OUT or OFF)</Description>
        <UpdateTime>2015-01-03T14:02:11.106676Z</UpdateTime>
      </ModuleParameter>
      <ModuleParameter>
        <Name>ConfigureOptions.GPIO21</Name>
        <Value>XSHDBMcF4dK1GQSqQGpA9g==</Value>
        <Description>GPIO21 (IN, OUT or OFF)</Description>
        <UpdateTime>2015-01-03T14:02:11.106854Z</UpdateTime>
      </ModuleParameter>
      <ModuleParameter>
        <Name>ConfigureOptions.GPIO22</Name>
        <Value>CVYGQ7GOpvcliTxoEU3zsQ==</Value>
        <Description>GPIO22 (IN, OUT or OFF)</Description>
        <UpdateTime>2015-01-03T14:02:11.107031Z</UpdateTime>
      </ModuleParameter>
      <ModuleParameter>
        <Name>ConfigureOptions.GPIO23</Name>
        <Value>CVYGQ7GOpvcliTxoEU3zsQ==</Value>
        <Description>GPIO23 (IN, OUT or OFF)</Description>
        <UpdateTime>2015-01-03T14:02:11.107208Z</UpdateTime>
      </ModuleParameter>
      <ModuleParameter>
        <Name>ConfigureOptions.GPIO24</Name>
        <Value>XSHDBMcF4dK1GQSqQGpA9g==</Value>
        <Description>GPIO24 (IN, OUT or OFF)</Description>
        <UpdateTime>2015-01-03T14:02:11.107386Z</UpdateTime>
      </ModuleParameter>
      <ModuleParameter>
        <Name>ConfigureOptions.GPIO25</Name>
        <Value>CVYGQ7GOpvcliTxoEU3zsQ==</Value>
        <Description>GPIO25 (IN, OUT or OFF)</Description>
        <UpdateTime>2015-01-03T14:02:11.107563Z</UpdateTime>
      </ModuleParameter>
      <ModuleParameter>
        <Name>ConfigureOptions.GPIO4</Name>
        <Value>XSHDBMcF4dK1GQSqQGpA9g==</Value>
        <Description>GPIO04 (IN, OUT or OFF)</Description>
        <UpdateTime>2015-01-03T14:02:11.10774Z</UpdateTime>
      </ModuleParameter>
      <ModuleParameter>
        <Name>Program.Status</Name>
        <Value>NGAg5Bttn96/TAPvzSiLvQ==</Value>
        <Description />
        <UpdateTime>2015-01-03T14:02:11.107918Z</UpdateTime>
      </ModuleParameter>
      <ModuleParameter>
        <Name>VirtualModule.ParentId</Name>
        <Value>100</Value>
        <Description />
        <UpdateTime>2014-04-11T18:45:32.509835Z</UpdateTime>
      </ModuleParameter>
      <ModuleParameter>
        <Name>Widget.DisplayModule</Name>
        <Value />
        <Description />
        <UpdateTime>2014-04-11T18:45:31.412259Z</UpdateTime>
      </ModuleParameter>
    </Properties>
    <RoutingNode />
  </Module>
  <Module>
    <Name>Turn Off Delay</Name>
    <Description />
    <DeviceType>Program</DeviceType>
    <Domain>HomeAutomation.HomeGenie.Automation</Domain>
    <Address>112</Address>
    <Properties>
      <ModuleParameter>
        <Name>Program.Status</Name>
        <Value>NGAg5Bttn96/TAPvzSiLvQ==</Value>
        <Description />
        <UpdateTime>2015-01-03T14:02:11.108095Z</UpdateTime>
      </ModuleParameter>
      <ModuleParameter>
        <Name>VirtualModule.ParentId</Name>
        <Value>112</Value>
        <Description />
        <UpdateTime>2014-11-13T22:55:32.969237Z</UpdateTime>
      </ModuleParameter>
      <ModuleParameter>
        <Name>Widget.DisplayModule</Name>
        <Value />
        <Description />
        <UpdateTime>2014-04-11T15:54:12.1634217Z</UpdateTime>
      </ModuleParameter>
    </Properties>
    <RoutingNode />
  </Module>
  <Module>
    <Name>One-Wire Devices</Name>
    <Description />
    <DeviceType>Program</DeviceType>
    <Domain>HomeAutomation.HomeGenie.Automation</Domain>
    <Address>133</Address>
    <Properties>
      <ModuleParameter>
        <Name>ConfigureOptions.ModulesCount</Name>
        <Value>OGzMiOkGhp0dCVGwLGMY+w==</Value>
        <Description>Connected sensors number</Description>
        <UpdateTime>2015-01-03T14:02:11.108273Z</UpdateTime>
      </ModuleParameter>
      <ModuleParameter>
        <Name>ConfigureOptions.UpdateInterval</Name>
        <Value>d67l2OZYIKNoL4jzsdSjQw==</Value>
        <Description>Update interval</Description>
        <UpdateTime>2015-01-03T14:02:11.108451Z</UpdateTime>
      </ModuleParameter>
      <ModuleParameter>
        <Name>Program.Status</Name>
        <Value>NGAg5Bttn96/TAPvzSiLvQ==</Value>
        <Description />
        <UpdateTime>2015-01-03T14:02:11.108628Z</UpdateTime>
      </ModuleParameter>
      <ModuleParameter>
        <Name>VirtualModule.ParentId</Name>
        <Value>133</Value>
        <Description />
        <UpdateTime>2014-11-13T15:59:06.509407Z</UpdateTime>
      </ModuleParameter>
      <ModuleParameter>
        <Name>Widget.DisplayModule</Name>
        <Value />
        <Description />
        <UpdateTime>2014-11-13T15:59:06.496746Z</UpdateTime>
      </ModuleParameter>
    </Properties>
    <RoutingNode />
  </Module>
  <Module>
    <Name>E-Mail Account</Name>
    <Description />
    <DeviceType>Program</DeviceType>
    <Domain>HomeAutomation.HomeGenie.Automation</Domain>
    <Address>142</Address>
    <Properties>
      <ModuleParameter>
        <Name>ConfigureOptions.Email.Sender</Name>
        <Value />
        <Description>1. E-Mail address</Description>
        <UpdateTime>2014-11-13T22:53:39.510983Z</UpdateTime>
      </ModuleParameter>
      <ModuleParameter>
        <Name>ConfigureOptions.Email.SmtpPassword</Name>
        <Value />
        <Description>4. SMTP password (optional)</Description>
        <UpdateTime>2014-11-13T22:53:39.510991Z</UpdateTime>
      </ModuleParameter>
      <ModuleParameter>
        <Name>ConfigureOptions.Email.SmtpPort</Name>
        <Value>eJbaQytfgHp7xJPm8Z/eJA==</Value>
        <Description>5. SMTP Mail Server port</Description>
        <UpdateTime>2015-01-03T14:02:11.108806Z</UpdateTime>
      </ModuleParameter>
      <ModuleParameter>
        <Name>ConfigureOptions.Email.SmtpServer</Name>
        <Value />
        <Description>2. SMTP Mail Server address</Description>
        <UpdateTime>2014-11-13T22:53:39.510986Z</UpdateTime>
      </ModuleParameter>
      <ModuleParameter>
        <Name>ConfigureOptions.Email.SmtpUserName</Name>
        <Value />
        <Description>3. SMTP username (optional)</Description>
        <UpdateTime>2014-11-13T22:53:39.510989Z</UpdateTime>
      </ModuleParameter>
      <ModuleParameter>
        <Name>ConfigureOptions.Email.SmtpUseSsl</Name>
        <Value>0FQhG1EsSLkRkn9SBGrHmw==</Value>
        <Description>6. SMTP Mail Server use SSL (TRUE or FALSE)</Description>
        <UpdateTime>2015-01-03T14:02:11.108984Z</UpdateTime>
      </ModuleParameter>
      <ModuleParameter>
        <Name>Program.Status</Name>
        <Value>NGAg5Bttn96/TAPvzSiLvQ==</Value>
        <Description />
        <UpdateTime>2015-01-03T14:02:11.109161Z</UpdateTime>
      </ModuleParameter>
      <ModuleParameter>
        <Name>VirtualModule.ParentId</Name>
        <Value>142</Value>
        <Description />
        <UpdateTime>2014-11-13T22:55:32.969254Z</UpdateTime>
      </ModuleParameter>
      <ModuleParameter>
        <Name>Widget.DisplayModule</Name>
        <Value />
        <Description />
        <UpdateTime>2014-04-11T15:54:13.1662119Z</UpdateTime>
      </ModuleParameter>
    </Properties>
    <RoutingNode />
  </Module>
  <Module>
    <Name>Presence Simulator</Name>
    <Description />
    <DeviceType>Program</DeviceType>
    <Domain>HomeAutomation.HomeGenie.Automation</Domain>
    <Address>144</Address>
    <Properties>
      <ModuleParameter>
        <Name>ConfigureOptions.EndTime</Name>
        <Value />
        <Description>2. Stop 'Presence' program at time:</Description>
        <UpdateTime>2014-04-11T18:50:17.2633685Z</UpdateTime>
      </ModuleParameter>
      <ModuleParameter>
        <Name>ConfigureOptions.Pause</Name>
        <Value>8XBi4G8MLNk4IJcRGtyCPg==</Value>
        <Description>4. Pause between each run (seconds):</Description>
        <UpdateTime>2015-01-03T14:02:11.109339Z</UpdateTime>
      </ModuleParameter>
      <ModuleParameter>
        <Name>ConfigureOptions.ProgramToRun</Name>
        <Value />
        <Description>3. Enter the Name or ID of the program to run:</Description>
        <UpdateTime>2014-04-11T18:50:17.2633685Z</UpdateTime>
      </ModuleParameter>
      <ModuleParameter>
        <Name>ConfigureOptions.StartTime</Name>
        <Value />
        <Description>1. Start 'Presence' program at time:</Description>
        <UpdateTime>2014-04-11T18:50:17.2633685Z</UpdateTime>
      </ModuleParameter>
      <ModuleParameter>
        <Name>Program.Status</Name>
        <Value>NGAg5Bttn96/TAPvzSiLvQ==</Value>
        <Description />
        <UpdateTime>2015-01-03T14:02:11.109517Z</UpdateTime>
      </ModuleParameter>
      <ModuleParameter>
        <Name>VirtualModule.ParentId</Name>
        <Value>144</Value>
        <Description />
        <UpdateTime>2014-04-11T18:50:17.2633685Z</UpdateTime>
      </ModuleParameter>
      <ModuleParameter>
        <Name>Widget.DisplayModule</Name>
        <Value />
        <Description />
        <UpdateTime>2014-04-11T18:50:17.2633685Z</UpdateTime>
      </ModuleParameter>
    </Properties>
    <RoutingNode />
  </Module>
  <Module>
    <Name>Smart Lights</Name>
    <Description />
    <DeviceType>Program</DeviceType>
    <Domain>HomeAutomation.HomeGenie.Automation</Domain>
    <Address>145</Address>
    <Properties>
      <ModuleParameter>
        <Name>Program.Status</Name>
        <Value>NGAg5Bttn96/TAPvzSiLvQ==</Value>
        <Description />
        <UpdateTime>2015-01-03T14:02:11.109695Z</UpdateTime>
      </ModuleParameter>
      <ModuleParameter>
        <Name>VirtualModule.ParentId</Name>
        <Value>145</Value>
        <Description />
        <UpdateTime>2014-11-13T22:55:32.969425Z</UpdateTime>
      </ModuleParameter>
      <ModuleParameter>
        <Name>Widget.DisplayModule</Name>
        <Value />
        <Description />
        <UpdateTime>2014-04-11T15:54:18.1648773Z</UpdateTime>
      </ModuleParameter>
    </Properties>
    <RoutingNode />
  </Module>
  <Module>
    <Name>Ping Me at Home</Name>
    <Description />
    <DeviceType>Program</DeviceType>
    <Domain>HomeAutomation.HomeGenie.Automation</Domain>
    <Address>154</Address>
    <Properties>
      <ModuleParameter>
        <Name>ConfigureOptions.PingMe.Address1</Name>
        <Value />
        <Description>IP address to ping #1</Description>
        <UpdateTime>2014-04-11T18:50:30.5235519Z</UpdateTime>
      </ModuleParameter>
      <ModuleParameter>
        <Name>ConfigureOptions.PingMe.Address2</Name>
        <Value />
        <Description>IP address to ping #2</Description>
        <UpdateTime>2014-04-11T18:50:30.5235519Z</UpdateTime>
      </ModuleParameter>
      <ModuleParameter>
        <Name>ConfigureOptions.PingMe.Address3</Name>
        <Value />
        <Description>IP address to ping #3</Description>
        <UpdateTime>2014-04-11T18:50:30.5235519Z</UpdateTime>
      </ModuleParameter>
      <ModuleParameter>
        <Name>PingMe.AtHome</Name>
        <Value>ZIWBXy5mRGRuEte8y0MSqg==</Value>
        <Description />
        <UpdateTime>2015-01-03T14:02:11.109873Z</UpdateTime>
      </ModuleParameter>
      <ModuleParameter>
        <Name>Program.Status</Name>
        <Value>NGAg5Bttn96/TAPvzSiLvQ==</Value>
        <Description />
        <UpdateTime>2015-01-03T14:02:11.11005Z</UpdateTime>
      </ModuleParameter>
      <ModuleParameter>
        <Name>VirtualModule.ParentId</Name>
        <Value>154</Value>
        <Description />
        <UpdateTime>2014-04-11T18:50:30.5235519Z</UpdateTime>
      </ModuleParameter>
      <ModuleParameter>
        <Name>Widget.DisplayModule</Name>
        <Value />
        <Description />
        <UpdateTime>2014-04-11T18:50:30.5235519Z</UpdateTime>
      </ModuleParameter>
    </Properties>
    <RoutingNode />
  </Module>
  <Module>
    <Name>Favourites Links</Name>
    <Description />
    <DeviceType>Program</DeviceType>
    <Domain>HomeAutomation.HomeGenie.Automation</Domain>
    <Address>180</Address>
    <Properties>
      <ModuleParameter>
        <Name>Program.Status</Name>
        <Value>NGAg5Bttn96/TAPvzSiLvQ==</Value>
        <Description />
        <UpdateTime>2015-01-03T14:02:11.110231Z</UpdateTime>
      </ModuleParameter>
      <ModuleParameter>
        <Name>VirtualModule.ParentId</Name>
        <Value>180</Value>
        <Description />
        <UpdateTime>2014-11-13T22:55:32.969273Z</UpdateTime>
      </ModuleParameter>
      <ModuleParameter>
        <Name>Widget.DisplayModule</Name>
        <Value />
        <Description />
        <UpdateTime>2014-07-25T22:02:17.96529Z</UpdateTime>
      </ModuleParameter>
    </Properties>
    <RoutingNode />
  </Module>
  <Module>
    <Name>Windows Phone Push Notification Service</Name>
    <Description />
    <DeviceType>Program</DeviceType>
    <Domain>HomeAutomation.HomeGenie.Automation</Domain>
    <Address>200</Address>
    <Properties>
      <ModuleParameter>
        <Name>Program.Status</Name>
        <Value>NGAg5Bttn96/TAPvzSiLvQ==</Value>
        <Description />
        <UpdateTime>2015-01-03T14:02:11.11041Z</UpdateTime>
      </ModuleParameter>
      <ModuleParameter>
        <Name>VirtualModule.ParentId</Name>
        <Value>200</Value>
        <Description />
        <UpdateTime>2014-11-13T22:55:32.969368Z</UpdateTime>
      </ModuleParameter>
      <ModuleParameter>
        <Name>Widget.DisplayModule</Name>
        <Value />
        <Description />
        <UpdateTime>2014-04-11T15:54:14.1672813Z</UpdateTime>
      </ModuleParameter>
    </Properties>
    <RoutingNode />
  </Module>
  <Module>
    <Name>Light 1</Name>
    <Description />
    <DeviceType>Dimmer</DeviceType>
    <Domain>HomeAutomation.PhilipsHue</Domain>
    <Address>1</Address>
    <Properties>
      <ModuleParameter>
        <Name>EnergyManagement.EnergySavingMode</Name>
        <Value />
        <Description />
        <UpdateTime>2014-07-25T21:31:08.815446Z</UpdateTime>
      </ModuleParameter>
      <ModuleParameter>
        <Name>HomeGenie.LevelMemory</Name>
        <Value>gYT4Z6v1sEmFqc/ettaDQw==</Value>
        <Description />
        <UpdateTime>2015-01-03T14:02:11.110588Z</UpdateTime>
      </ModuleParameter>
      <ModuleParameter>
        <Name>HomeGenie.ScheduleControl</Name>
        <Value />
        <Description />
        <UpdateTime>2014-07-25T21:31:08.81546Z</UpdateTime>
      </ModuleParameter>
      <ModuleParameter>
        <Name>HomeGenie.ScheduleOff</Name>
        <Value>aP5xXbpLvanu8smp3kJ85NtxHptqcyoOFcs8Xp0ONEA=</Value>
        <Description />
        <UpdateTime>2015-01-03T14:02:11.110766Z</UpdateTime>
      </ModuleParameter>
      <ModuleParameter>
        <Name>HomeGenie.ScheduleOn</Name>
        <Value>cTOF8mIugpfgzfgDPpbH5b3Oftjy6p0QkFUy7HCT8vg=</Value>
        <Description />
        <UpdateTime>2015-01-03T14:02:11.110943Z</UpdateTime>
      </ModuleParameter>
      <ModuleParameter>
        <Name>HomeGenie.SecurityAlarm</Name>
        <Value />
        <Description />
        <UpdateTime>2014-07-25T21:31:08.815484Z</UpdateTime>
      </ModuleParameter>
      <ModuleParameter>
        <Name>HomeGenie.SmartLights.CheckLuminosity</Name>
        <Value />
        <Description />
        <UpdateTime>2014-07-25T21:31:08.815486Z</UpdateTime>
      </ModuleParameter>
      <ModuleParameter>
        <Name>HomeGenie.SmartLights.Enable</Name>
        <Value />
        <Description />
        <UpdateTime>2014-07-25T21:31:08.815487Z</UpdateTime>
      </ModuleParameter>
      <ModuleParameter>
        <Name>HomeGenie.SmartLights.OnMotionDetect</Name>
        <Value />
        <Description />
        <UpdateTime>2014-07-25T21:31:08.815489Z</UpdateTime>
      </ModuleParameter>
      <ModuleParameter>
        <Name>HomeGenie.SmartLights.SwitchOffTimeout</Name>
        <Value />
        <Description />
        <UpdateTime>2014-07-25T21:31:08.815491Z</UpdateTime>
      </ModuleParameter>
      <ModuleParameter>
        <Name>HomeGenie.SunRiseOff</Name>
        <Value />
        <Description />
        <UpdateTime>2014-02-23T16:17:21.6399216Z</UpdateTime>
      </ModuleParameter>
      <ModuleParameter>
        <Name>HomeGenie.SunSetOn</Name>
        <Value />
        <Description />
        <UpdateTime>2014-02-23T16:17:21.6409205Z</UpdateTime>
      </ModuleParameter>
      <ModuleParameter>
        <Name>HomeGenie.TouchlessToggle</Name>
        <Value />
        <Description />
        <UpdateTime>2014-02-23T17:02:26.8571012Z</UpdateTime>
      </ModuleParameter>
      <ModuleParameter>
        <Name>HomeGenie.TurnOffDelay</Name>
        <Value>x7W6TCAxBXz/CDUi+lC+ZQ==</Value>
        <Description />
        <UpdateTime>2015-01-03T14:02:11.111119Z</UpdateTime>
      </ModuleParameter>
      <ModuleParameter>
        <Name>Meter.Watts</Name>
        <Value>1bJd8AxkP04ggqA73hoY+w==</Value>
        <Description />
        <UpdateTime>2015-01-03T14:02:11.111295Z</UpdateTime>
      </ModuleParameter>
      <ModuleParameter>
        <Name>MobileNotification.SendChanges</Name>
        <Value />
        <Description />
        <UpdateTime>2014-07-25T21:31:08.815512Z</UpdateTime>
      </ModuleParameter>
      <ModuleParameter>
        <Name>Scenarios.SunriseColors</Name>
        <Value>gYT4Z6v1sEmFqc/ettaDQw==</Value>
        <Description />
        <UpdateTime>2015-01-03T14:02:11.11148Z</UpdateTime>
      </ModuleParameter>
      <ModuleParameter>
        <Name>Status.ColorHsb</Name>
        <Value>r0n3TaaTzY37ZtZX4xg53Emgcc1dASgMVhxT4wtiPS/WXDzPsQ1V9b/TcV7AyfNt</Value>
        <Description />
        <UpdateTime>2015-01-03T14:02:11.111661Z</UpdateTime>
      </ModuleParameter>
      <ModuleParameter>
        <Name>Status.LastLevel</Name>
        <Value>1bJd8AxkP04ggqA73hoY+w==</Value>
        <Description />
        <UpdateTime>2015-01-03T14:02:11.11184Z</UpdateTime>
      </ModuleParameter>
      <ModuleParameter>
        <Name>Status.Level</Name>
        <Value>1bJd8AxkP04ggqA73hoY+w==</Value>
        <Description />
        <UpdateTime>2015-01-03T14:02:11.112019Z</UpdateTime>
      </ModuleParameter>
      <ModuleParameter>
        <Name>Status.MemoryLevel</Name>
        <Value>ZIWBXy5mRGRuEte8y0MSqg==</Value>
        <Description />
        <UpdateTime>2015-01-03T14:02:11.112198Z</UpdateTime>
      </ModuleParameter>
      <ModuleParameter>
        <Name>VirtualMeter.Watts</Name>
        <Value>LzcafCiKqnobmz095C+Usw==</Value>
        <Description />
        <UpdateTime>2015-01-03T14:02:11.112376Z</UpdateTime>
      </ModuleParameter>
      <ModuleParameter>
        <Name>VirtualModule.ParentId</Name>
        <Value>26</Value>
        <Description />
        <UpdateTime>2014-11-13T22:55:32.969069Z</UpdateTime>
      </ModuleParameter>
      <ModuleParameter>
        <Name>Widget.DisplayModule</Name>
        <Value>homegenie/generic/colorlight</Value>
        <Description />
        <UpdateTime>2014-11-13T22:53:35.008469Z</UpdateTime>
      </ModuleParameter>
    </Properties>
    <RoutingNode />
  </Module>
  <Module>
    <Name>Light 2</Name>
    <Description />
    <DeviceType>Dimmer</DeviceType>
    <Domain>HomeAutomation.PhilipsHue</Domain>
    <Address>2</Address>
    <Properties>
      <ModuleParameter>
        <Name>EnergyManagement.EnergySavingMode</Name>
        <Value />
        <Description />
        <UpdateTime>2014-07-25T21:31:14.187955Z</UpdateTime>
      </ModuleParameter>
      <ModuleParameter>
        <Name>HomeGenie.LevelMemory</Name>
        <Value>gYT4Z6v1sEmFqc/ettaDQw==</Value>
        <Description />
        <UpdateTime>2015-01-03T14:02:11.112553Z</UpdateTime>
      </ModuleParameter>
      <ModuleParameter>
        <Name>HomeGenie.ScheduleControl</Name>
        <Value />
        <Description />
        <UpdateTime>2014-07-25T21:31:14.187963Z</UpdateTime>
      </ModuleParameter>
      <ModuleParameter>
        <Name>HomeGenie.ScheduleOff</Name>
        <Value />
        <Description />
        <UpdateTime>2014-07-25T21:31:14.187963Z</UpdateTime>
      </ModuleParameter>
      <ModuleParameter>
        <Name>HomeGenie.ScheduleOn</Name>
        <Value />
        <Description />
        <UpdateTime>2014-07-25T21:31:14.187964Z</UpdateTime>
      </ModuleParameter>
      <ModuleParameter>
        <Name>HomeGenie.SecurityAlarm</Name>
        <Value />
        <Description />
        <UpdateTime>2014-07-25T21:31:14.187965Z</UpdateTime>
      </ModuleParameter>
      <ModuleParameter>
        <Name>HomeGenie.SmartLights.CheckLuminosity</Name>
        <Value />
        <Description />
        <UpdateTime>2014-07-25T21:31:14.187966Z</UpdateTime>
      </ModuleParameter>
      <ModuleParameter>
        <Name>HomeGenie.SmartLights.Enable</Name>
        <Value />
        <Description />
        <UpdateTime>2014-07-25T21:31:14.187967Z</UpdateTime>
      </ModuleParameter>
      <ModuleParameter>
        <Name>HomeGenie.SmartLights.OnMotionDetect</Name>
        <Value />
        <Description />
        <UpdateTime>2014-07-25T21:31:14.187969Z</UpdateTime>
      </ModuleParameter>
      <ModuleParameter>
        <Name>HomeGenie.SmartLights.SwitchOffTimeout</Name>
        <Value />
        <Description />
        <UpdateTime>2014-07-25T21:31:14.18797Z</UpdateTime>
      </ModuleParameter>
      <ModuleParameter>
        <Name>HomeGenie.SunRiseOff</Name>
        <Value />
        <Description />
        <UpdateTime>2014-02-09T17:41:54.018871Z</UpdateTime>
      </ModuleParameter>
      <ModuleParameter>
        <Name>HomeGenie.SunSetOn</Name>
        <Value />
        <Description />
        <UpdateTime>2014-02-09T17:41:54.018786Z</UpdateTime>
      </ModuleParameter>
      <ModuleParameter>
        <Name>HomeGenie.TouchlessToggle</Name>
        <Value />
        <Description />
        <UpdateTime>2014-02-09T17:41:54.018165Z</UpdateTime>
      </ModuleParameter>
      <ModuleParameter>
        <Name>HomeGenie.TurnOffDelay</Name>
        <Value />
        <Description />
        <UpdateTime>2014-07-25T21:31:14.187974Z</UpdateTime>
      </ModuleParameter>
      <ModuleParameter>
        <Name>Meter.Watts</Name>
        <Value>1bJd8AxkP04ggqA73hoY+w==</Value>
        <Description />
        <UpdateTime>2015-01-03T14:02:11.112734Z</UpdateTime>
      </ModuleParameter>
      <ModuleParameter>
        <Name>MobileNotification.SendChanges</Name>
        <Value />
        <Description />
        <UpdateTime>2014-07-25T21:31:14.187977Z</UpdateTime>
      </ModuleParameter>
      <ModuleParameter>
        <Name>Scenarios.SunriseColors</Name>
        <Value>gYT4Z6v1sEmFqc/ettaDQw==</Value>
        <Description />
        <UpdateTime>2015-01-03T14:02:11.112913Z</UpdateTime>
      </ModuleParameter>
      <ModuleParameter>
        <Name>Status.ColorHsb</Name>
        <Value>scF8VAU4sOjryaEj1FDqcRVkyqgxG9q78fobkwMg6VX02ogodZhAIpLcDoLNdOjz</Value>
        <Description />
        <UpdateTime>2015-01-03T14:02:11.113098Z</UpdateTime>
      </ModuleParameter>
      <ModuleParameter>
        <Name>Status.LastLevel</Name>
        <Value>1bJd8AxkP04ggqA73hoY+w==</Value>
        <Description />
        <UpdateTime>2015-01-03T14:02:11.114522Z</UpdateTime>
      </ModuleParameter>
      <ModuleParameter>
        <Name>Status.Level</Name>
        <Value>1bJd8AxkP04ggqA73hoY+w==</Value>
        <Description />
        <UpdateTime>2015-01-03T14:02:11.114734Z</UpdateTime>
      </ModuleParameter>
      <ModuleParameter>
        <Name>Status.MemoryLevel</Name>
        <Value>ZIWBXy5mRGRuEte8y0MSqg==</Value>
        <Description />
        <UpdateTime>2015-01-03T14:02:11.114913Z</UpdateTime>
      </ModuleParameter>
      <ModuleParameter>
        <Name>VirtualMeter.Watts</Name>
        <Value>LzcafCiKqnobmz095C+Usw==</Value>
        <Description />
        <UpdateTime>2015-01-03T14:02:11.115092Z</UpdateTime>
      </ModuleParameter>
      <ModuleParameter>
        <Name>VirtualModule.ParentId</Name>
        <Value>26</Value>
        <Description />
        <UpdateTime>2014-11-13T22:55:32.969083Z</UpdateTime>
      </ModuleParameter>
      <ModuleParameter>
        <Name>Widget.DisplayModule</Name>
        <Value>homegenie/generic/colorlight</Value>
        <Description />
        <UpdateTime>2014-11-13T22:53:35.008495Z</UpdateTime>
      </ModuleParameter>
    </Properties>
    <RoutingNode />
  </Module>
  <Module>
    <Name>Light 3</Name>
    <Description />
    <DeviceType>Dimmer</DeviceType>
    <Domain>HomeAutomation.PhilipsHue</Domain>
    <Address>3</Address>
    <Properties>
      <ModuleParameter>
        <Name>EnergyManagement.EnergySavingMode</Name>
        <Value />
        <Description />
        <UpdateTime>2014-07-25T21:31:21.618876Z</UpdateTime>
      </ModuleParameter>
      <ModuleParameter>
        <Name>HomeGenie.LevelMemory</Name>
        <Value>gYT4Z6v1sEmFqc/ettaDQw==</Value>
        <Description />
        <UpdateTime>2015-01-03T14:02:11.11527Z</UpdateTime>
      </ModuleParameter>
      <ModuleParameter>
        <Name>HomeGenie.ScheduleControl</Name>
        <Value />
        <Description />
        <UpdateTime>2014-07-25T21:31:21.618891Z</UpdateTime>
      </ModuleParameter>
      <ModuleParameter>
        <Name>HomeGenie.ScheduleOff</Name>
        <Value />
        <Description />
        <UpdateTime>2014-07-25T21:31:21.618893Z</UpdateTime>
      </ModuleParameter>
      <ModuleParameter>
        <Name>HomeGenie.ScheduleOn</Name>
        <Value />
        <Description />
        <UpdateTime>2014-07-25T21:31:21.618897Z</UpdateTime>
      </ModuleParameter>
      <ModuleParameter>
        <Name>HomeGenie.SecurityAlarm</Name>
        <Value />
        <Description />
        <UpdateTime>2014-07-25T21:31:21.618898Z</UpdateTime>
      </ModuleParameter>
      <ModuleParameter>
        <Name>HomeGenie.SmartLights.CheckLuminosity</Name>
        <Value />
        <Description />
        <UpdateTime>2014-07-25T21:31:21.6189Z</UpdateTime>
      </ModuleParameter>
      <ModuleParameter>
        <Name>HomeGenie.SmartLights.Enable</Name>
        <Value />
        <Description />
        <UpdateTime>2014-07-25T21:31:21.618901Z</UpdateTime>
      </ModuleParameter>
      <ModuleParameter>
        <Name>HomeGenie.SmartLights.OnMotionDetect</Name>
        <Value />
        <Description />
        <UpdateTime>2014-07-25T21:31:21.618903Z</UpdateTime>
      </ModuleParameter>
      <ModuleParameter>
        <Name>HomeGenie.SmartLights.SwitchOffTimeout</Name>
        <Value />
        <Description />
        <UpdateTime>2014-07-25T21:31:21.618905Z</UpdateTime>
      </ModuleParameter>
      <ModuleParameter>
        <Name>HomeGenie.SunRiseOff</Name>
        <Value />
        <Description />
        <UpdateTime>2014-02-09T17:41:54.021388Z</UpdateTime>
      </ModuleParameter>
      <ModuleParameter>
        <Name>HomeGenie.SunSetOn</Name>
        <Value />
        <Description />
        <UpdateTime>2014-02-09T17:41:54.021286Z</UpdateTime>
      </ModuleParameter>
      <ModuleParameter>
        <Name>HomeGenie.TouchlessToggle</Name>
        <Value />
        <Description />
        <UpdateTime>2014-02-09T17:41:54.020571Z</UpdateTime>
      </ModuleParameter>
      <ModuleParameter>
        <Name>HomeGenie.TurnOffDelay</Name>
        <Value />
        <Description />
        <UpdateTime>2014-07-25T21:31:21.618913Z</UpdateTime>
      </ModuleParameter>
      <ModuleParameter>
        <Name>Meter.Watts</Name>
        <Value>1bJd8AxkP04ggqA73hoY+w==</Value>
        <Description />
        <UpdateTime>2015-01-03T14:02:11.11545Z</UpdateTime>
      </ModuleParameter>
      <ModuleParameter>
        <Name>MobileNotification.SendChanges</Name>
        <Value />
        <Description />
        <UpdateTime>2014-07-25T21:31:21.618917Z</UpdateTime>
      </ModuleParameter>
      <ModuleParameter>
        <Name>Scenarios.SunriseColors</Name>
        <Value>gYT4Z6v1sEmFqc/ettaDQw==</Value>
        <Description />
        <UpdateTime>2015-01-03T14:02:11.115627Z</UpdateTime>
      </ModuleParameter>
      <ModuleParameter>
        <Name>Status.ColorHsb</Name>
        <Value>9TBtMgGMsQwWeB1apCQ0iL+g9JwUSCGwbMGX74VA8gF7TYn76LowT1OsRS9aLIsF</Value>
        <Description />
        <UpdateTime>2015-01-03T14:02:11.115809Z</UpdateTime>
      </ModuleParameter>
      <ModuleParameter>
        <Name>Status.LastLevel</Name>
        <Value>1bJd8AxkP04ggqA73hoY+w==</Value>
        <Description />
        <UpdateTime>2015-01-03T14:02:11.115987Z</UpdateTime>
      </ModuleParameter>
      <ModuleParameter>
        <Name>Status.Level</Name>
        <Value>1bJd8AxkP04ggqA73hoY+w==</Value>
        <Description />
        <UpdateTime>2015-01-03T14:02:11.116165Z</UpdateTime>
      </ModuleParameter>
      <ModuleParameter>
        <Name>Status.MemoryLevel</Name>
        <Value>ZIWBXy5mRGRuEte8y0MSqg==</Value>
        <Description />
        <UpdateTime>2015-01-03T14:02:11.116344Z</UpdateTime>
      </ModuleParameter>
      <ModuleParameter>
        <Name>VirtualMeter.Watts</Name>
        <Value>LzcafCiKqnobmz095C+Usw==</Value>
        <Description />
        <UpdateTime>2015-01-03T14:02:11.116522Z</UpdateTime>
      </ModuleParameter>
      <ModuleParameter>
        <Name>VirtualModule.ParentId</Name>
        <Value>26</Value>
        <Description />
        <UpdateTime>2014-11-13T22:55:32.969096Z</UpdateTime>
      </ModuleParameter>
      <ModuleParameter>
        <Name>Widget.DisplayModule</Name>
        <Value>homegenie/generic/colorlight</Value>
        <Description />
        <UpdateTime>2014-11-13T22:53:35.008518Z</UpdateTime>
      </ModuleParameter>
    </Properties>
    <RoutingNode />
  </Module>
  <Module>
    <Name>Light 4</Name>
    <Description />
    <DeviceType>Dimmer</DeviceType>
    <Domain>HomeAutomation.PhilipsHue</Domain>
    <Address>4</Address>
    <Properties>
      <ModuleParameter>
        <Name>EnergyManagement.EnergySavingMode</Name>
        <Value />
        <Description />
        <UpdateTime>2014-07-25T22:13:05.33672Z</UpdateTime>
      </ModuleParameter>
      <ModuleParameter>
        <Name>HomeGenie.LevelMemory</Name>
        <Value />
        <Description />
        <UpdateTime>2014-07-25T22:13:05.336747Z</UpdateTime>
      </ModuleParameter>
      <ModuleParameter>
        <Name>HomeGenie.ScheduleControl</Name>
        <Value />
        <Description />
        <UpdateTime>2014-07-25T22:13:05.336757Z</UpdateTime>
      </ModuleParameter>
      <ModuleParameter>
        <Name>HomeGenie.ScheduleOff</Name>
        <Value />
        <Description />
        <UpdateTime>2014-07-25T22:13:05.336794Z</UpdateTime>
      </ModuleParameter>
      <ModuleParameter>
        <Name>HomeGenie.ScheduleOn</Name>
        <Value />
        <Description />
        <UpdateTime>2014-07-25T22:13:05.336765Z</UpdateTime>
      </ModuleParameter>
      <ModuleParameter>
        <Name>HomeGenie.SecurityAlarm</Name>
        <Value />
        <Description />
        <UpdateTime>2014-07-25T22:13:05.336812Z</UpdateTime>
      </ModuleParameter>
      <ModuleParameter>
        <Name>HomeGenie.SmartLights.CheckLuminosity</Name>
        <Value />
        <Description />
        <UpdateTime>2014-07-25T22:13:05.336884Z</UpdateTime>
      </ModuleParameter>
      <ModuleParameter>
        <Name>HomeGenie.SmartLights.Enable</Name>
        <Value />
        <Description />
        <UpdateTime>2014-07-25T22:13:05.336849Z</UpdateTime>
      </ModuleParameter>
      <ModuleParameter>
        <Name>HomeGenie.SmartLights.OnMotionDetect</Name>
        <Value />
        <Description />
        <UpdateTime>2014-07-25T22:13:05.336867Z</UpdateTime>
      </ModuleParameter>
      <ModuleParameter>
        <Name>HomeGenie.SmartLights.SwitchOffTimeout</Name>
        <Value />
        <Description />
        <UpdateTime>2014-07-25T22:13:05.336901Z</UpdateTime>
      </ModuleParameter>
      <ModuleParameter>
        <Name>HomeGenie.TurnOffDelay</Name>
        <Value />
        <Description />
        <UpdateTime>2014-07-25T22:13:05.336949Z</UpdateTime>
      </ModuleParameter>
      <ModuleParameter>
        <Name>MobileNotification.SendChanges</Name>
        <Value />
        <Description />
        <UpdateTime>2014-07-25T22:13:05.336967Z</UpdateTime>
      </ModuleParameter>
      <ModuleParameter>
        <Name>Scenarios.SunriseColors</Name>
        <Value />
        <Description />
        <UpdateTime>2014-07-25T22:13:05.336917Z</UpdateTime>
      </ModuleParameter>
      <ModuleParameter>
        <Name>VirtualMeter.Watts</Name>
        <Value>1bJd8AxkP04ggqA73hoY+w==</Value>
        <Description />
        <UpdateTime>2015-01-03T14:02:11.1167Z</UpdateTime>
      </ModuleParameter>
      <ModuleParameter>
        <Name>VirtualModule.ParentId</Name>
        <Value>26</Value>
        <Description />
        <UpdateTime>2014-11-13T22:55:32.969109Z</UpdateTime>
      </ModuleParameter>
      <ModuleParameter>
        <Name>Widget.DisplayModule</Name>
        <Value>homegenie/generic/colorlight</Value>
        <Description />
        <UpdateTime>2014-11-13T22:53:35.008541Z</UpdateTime>
      </ModuleParameter>
    </Properties>
    <RoutingNode />
  </Module>
  <Module>
    <Name>Light 5</Name>
    <Description />
    <DeviceType>Dimmer</DeviceType>
    <Domain>HomeAutomation.PhilipsHue</Domain>
    <Address>5</Address>
    <Properties>
      <ModuleParameter>
        <Name>EnergyManagement.EnergySavingMode</Name>
        <Value />
        <Description />
        <UpdateTime>2014-07-25T22:13:19.754293Z</UpdateTime>
      </ModuleParameter>
      <ModuleParameter>
        <Name>HomeGenie.LevelMemory</Name>
        <Value />
        <Description />
        <UpdateTime>2014-07-25T22:13:19.754302Z</UpdateTime>
      </ModuleParameter>
      <ModuleParameter>
        <Name>HomeGenie.ScheduleControl</Name>
        <Value />
        <Description />
        <UpdateTime>2014-07-25T22:13:19.754311Z</UpdateTime>
      </ModuleParameter>
      <ModuleParameter>
        <Name>HomeGenie.ScheduleOff</Name>
        <Value />
        <Description />
        <UpdateTime>2014-07-25T22:13:19.754327Z</UpdateTime>
      </ModuleParameter>
      <ModuleParameter>
        <Name>HomeGenie.ScheduleOn</Name>
        <Value />
        <Description />
        <UpdateTime>2014-07-25T22:13:19.754319Z</UpdateTime>
      </ModuleParameter>
      <ModuleParameter>
        <Name>HomeGenie.SecurityAlarm</Name>
        <Value />
        <Description />
        <UpdateTime>2014-07-25T22:13:19.754336Z</UpdateTime>
      </ModuleParameter>
      <ModuleParameter>
        <Name>HomeGenie.SmartLights.CheckLuminosity</Name>
        <Value />
        <Description />
        <UpdateTime>2014-07-25T22:13:19.754365Z</UpdateTime>
      </ModuleParameter>
      <ModuleParameter>
        <Name>HomeGenie.SmartLights.Enable</Name>
        <Value />
        <Description />
        <UpdateTime>2014-07-25T22:13:19.754347Z</UpdateTime>
      </ModuleParameter>
      <ModuleParameter>
        <Name>HomeGenie.SmartLights.OnMotionDetect</Name>
        <Value />
        <Description />
        <UpdateTime>2014-07-25T22:13:19.754355Z</UpdateTime>
      </ModuleParameter>
      <ModuleParameter>
        <Name>HomeGenie.SmartLights.SwitchOffTimeout</Name>
        <Value />
        <Description />
        <UpdateTime>2014-07-25T22:13:19.754373Z</UpdateTime>
      </ModuleParameter>
      <ModuleParameter>
        <Name>HomeGenie.TurnOffDelay</Name>
        <Value />
        <Description />
        <UpdateTime>2014-07-25T22:13:19.75439Z</UpdateTime>
      </ModuleParameter>
      <ModuleParameter>
        <Name>MobileNotification.SendChanges</Name>
        <Value />
        <Description />
        <UpdateTime>2014-07-25T22:13:19.754398Z</UpdateTime>
      </ModuleParameter>
      <ModuleParameter>
        <Name>Scenarios.SunriseColors</Name>
        <Value />
        <Description />
        <UpdateTime>2014-07-25T22:13:19.754382Z</UpdateTime>
      </ModuleParameter>
      <ModuleParameter>
        <Name>VirtualMeter.Watts</Name>
        <Value>1bJd8AxkP04ggqA73hoY+w==</Value>
        <Description />
        <UpdateTime>2015-01-03T14:02:11.116878Z</UpdateTime>
      </ModuleParameter>
      <ModuleParameter>
        <Name>VirtualModule.ParentId</Name>
        <Value>26</Value>
        <Description />
        <UpdateTime>2014-11-13T22:55:32.969121Z</UpdateTime>
      </ModuleParameter>
      <ModuleParameter>
        <Name>Widget.DisplayModule</Name>
        <Value>homegenie/generic/colorlight</Value>
        <Description />
        <UpdateTime>2014-11-13T22:53:35.008563Z</UpdateTime>
      </ModuleParameter>
    </Properties>
    <RoutingNode />
  </Module>
  <Module>
    <Name>GPIO Modules</Name>
    <Description />
    <DeviceType>Program</DeviceType>
    <Domain>HomeAutomation.HomeGenie.Automation</Domain>
    <Address>150</Address>
    <Properties>
      <ModuleParameter>
        <Name>ConfigureOptions.Gpio.PB02</Name>
        <Value>XSHDBMcF4dK1GQSqQGpA9g==</Value>
        <Description>#17 PB02</Description>
        <UpdateTime>2015-01-17T16:50:16.869771Z</UpdateTime>
      </ModuleParameter>
      <ModuleParameter>
        <Name>ConfigureOptions.Gpio.PB03</Name>
        <Value>XSHDBMcF4dK1GQSqQGpA9g==</Value>
        <Description>#16 PB03</Description>
        <UpdateTime>2015-01-17T16:50:16.869943Z</UpdateTime>
      </ModuleParameter>
      <ModuleParameter>
        <Name>ConfigureOptions.Gpio.PB04</Name>
        <Value>XSHDBMcF4dK1GQSqQGpA9g==</Value>
        <Description>#18 PB04</Description>
        <UpdateTime>2015-01-17T16:50:16.870114Z</UpdateTime>
      </ModuleParameter>
      <ModuleParameter>
        <Name>ConfigureOptions.Gpio.PB14</Name>
        <Value>XSHDBMcF4dK1GQSqQGpA9g==</Value>
        <Description>#07 PB14</Description>
        <UpdateTime>2015-01-17T16:50:16.870285Z</UpdateTime>
      </ModuleParameter>
      <ModuleParameter>
        <Name>ConfigureOptions.Gpio.PB15</Name>
        <Value>XSHDBMcF4dK1GQSqQGpA9g==</Value>
        <Description>#09 PB15</Description>
        <UpdateTime>2015-01-17T16:50:16.870457Z</UpdateTime>
      </ModuleParameter>
      <ModuleParameter>
        <Name>ConfigureOptions.Gpio.PB16</Name>
        <Value>XSHDBMcF4dK1GQSqQGpA9g==</Value>
        <Description>#08 PB16</Description>
        <UpdateTime>2015-01-17T16:50:16.870674Z</UpdateTime>
      </ModuleParameter>
      <ModuleParameter>
        <Name>ConfigureOptions.Gpio.PB17</Name>
        <Value>XSHDBMcF4dK1GQSqQGpA9g==</Value>
        <Description>#10 PB17</Description>
        <UpdateTime>2015-01-17T16:50:16.870846Z</UpdateTime>
      </ModuleParameter>
      <ModuleParameter>
        <Name>ConfigureOptions.Gpio.PB18</Name>
        <Value>XSHDBMcF4dK1GQSqQGpA9g==</Value>
        <Description>#19 PB18</Description>
        <UpdateTime>2015-01-17T16:50:16.871018Z</UpdateTime>
      </ModuleParameter>
      <ModuleParameter>
        <Name>ConfigureOptions.Gpio.PB19</Name>
        <Value>XSHDBMcF4dK1GQSqQGpA9g==</Value>
        <Description>#20 PB19</Description>
        <UpdateTime>2015-01-17T16:50:16.871189Z</UpdateTime>
      </ModuleParameter>
      <ModuleParameter>
        <Name>ConfigureOptions.Gpio.PC19</Name>
        <Value>XSHDBMcF4dK1GQSqQGpA9g==</Value>
        <Description>#03 PC19</Description>
        <UpdateTime>2015-01-17T16:50:16.871385Z</UpdateTime>
      </ModuleParameter>
      <ModuleParameter>
        <Name>ConfigureOptions.Gpio.PC20</Name>
        <Value>XSHDBMcF4dK1GQSqQGpA9g==</Value>
        <Description>#05 PC20</Description>
        <UpdateTime>2015-01-17T16:50:16.871592Z</UpdateTime>
      </ModuleParameter>
      <ModuleParameter>
        <Name>ConfigureOptions.Gpio.PC21</Name>
        <Value>XSHDBMcF4dK1GQSqQGpA9g==</Value>
        <Description>#04 PC21</Description>
        <UpdateTime>2015-01-17T16:50:16.871765Z</UpdateTime>
      </ModuleParameter>
      <ModuleParameter>
        <Name>ConfigureOptions.Gpio.PC22</Name>
        <Value>XSHDBMcF4dK1GQSqQGpA9g==</Value>
        <Description>#06 PC22</Description>
        <UpdateTime>2015-01-17T16:50:16.871938Z</UpdateTime>
      </ModuleParameter>
      <ModuleParameter>
        <Name>ConfigureOptions.Gpio.PG00</Name>
        <Value>XSHDBMcF4dK1GQSqQGpA9g==</Value>
        <Description>#21 PG00</Description>
        <UpdateTime>2015-01-17T16:50:16.87211Z</UpdateTime>
      </ModuleParameter>
      <ModuleParameter>
        <Name>ConfigureOptions.Gpio.PG01</Name>
        <Value>XSHDBMcF4dK1GQSqQGpA9g==</Value>
        <Description>#24 PG01</Description>
        <UpdateTime>2015-01-17T16:50:16.872282Z</UpdateTime>
      </ModuleParameter>
      <ModuleParameter>
        <Name>ConfigureOptions.Gpio.PG02</Name>
        <Value>XSHDBMcF4dK1GQSqQGpA9g==</Value>
        <Description>#23 PG02</Description>
        <UpdateTime>2015-01-17T16:50:16.872454Z</UpdateTime>
      </ModuleParameter>
      <ModuleParameter>
        <Name>ConfigureOptions.Gpio.PG03</Name>
        <Value>XSHDBMcF4dK1GQSqQGpA9g==</Value>
        <Description>#22 PG03</Description>
        <UpdateTime>2015-01-17T16:50:16.872638Z</UpdateTime>
      </ModuleParameter>
      <ModuleParameter>
        <Name>ConfigureOptions.Gpio.PG04</Name>
        <Value>XSHDBMcF4dK1GQSqQGpA9g==</Value>
        <Description>#25 PG04</Description>
        <UpdateTime>2015-01-17T16:50:16.87287Z</UpdateTime>
      </ModuleParameter>
      <ModuleParameter>
        <Name>ConfigureOptions.Gpio.PG05</Name>
        <Value>XSHDBMcF4dK1GQSqQGpA9g==</Value>
        <Description>#26 PG05</Description>
        <UpdateTime>2015-01-17T16:50:16.873041Z</UpdateTime>
      </ModuleParameter>
      <ModuleParameter>
        <Name>ConfigureOptions.Gpio.PG06</Name>
        <Value>XSHDBMcF4dK1GQSqQGpA9g==</Value>
        <Description>#27 PG06</Description>
        <UpdateTime>2015-01-17T16:50:16.873215Z</UpdateTime>
      </ModuleParameter>
      <ModuleParameter>
        <Name>ConfigureOptions.Gpio.PG07</Name>
        <Value>XSHDBMcF4dK1GQSqQGpA9g==</Value>
        <Description>#28 PG07</Description>
        <UpdateTime>2015-01-17T16:50:16.873386Z</UpdateTime>
      </ModuleParameter>
      <ModuleParameter>
        <Name>ConfigureOptions.Gpio.PG08</Name>
        <Value>XSHDBMcF4dK1GQSqQGpA9g==</Value>
        <Description>#29 PG08</Description>
        <UpdateTime>2015-01-17T16:50:16.873558Z</UpdateTime>
      </ModuleParameter>
      <ModuleParameter>
        <Name>ConfigureOptions.Gpio.PG09</Name>
        <Value>XSHDBMcF4dK1GQSqQGpA9g==</Value>
        <Description>#30 PG09</Description>
        <UpdateTime>2015-01-17T16:50:16.873729Z</UpdateTime>
      </ModuleParameter>
      <ModuleParameter>
        <Name>ConfigureOptions.Gpio.PG10</Name>
        <Value>XSHDBMcF4dK1GQSqQGpA9g==</Value>
        <Description>#31 PG10</Description>
        <UpdateTime>2015-01-17T16:50:16.8739Z</UpdateTime>
      </ModuleParameter>
      <ModuleParameter>
        <Name>ConfigureOptions.Gpio.PG11</Name>
        <Value>XSHDBMcF4dK1GQSqQGpA9g==</Value>
        <Description>#32 PG11</Description>
        <UpdateTime>2015-01-17T16:50:16.874071Z</UpdateTime>
      </ModuleParameter>
      <ModuleParameter>
        <Name>ConfigureOptions.Gpio.PI03</Name>
        <Value>XSHDBMcF4dK1GQSqQGpA9g==</Value>
        <Description>#15 PI03</Description>
        <UpdateTime>2015-01-17T16:50:16.874243Z</UpdateTime>
      </ModuleParameter>
      <ModuleParameter>
        <Name>ConfigureOptions.Gpio.PI14</Name>
        <Value>XSHDBMcF4dK1GQSqQGpA9g==</Value>
        <Description>#12 PI14</Description>
        <UpdateTime>2015-01-17T16:50:16.874415Z</UpdateTime>
      </ModuleParameter>
      <ModuleParameter>
        <Name>ConfigureOptions.Gpio.PI15</Name>
        <Value>XSHDBMcF4dK1GQSqQGpA9g==</Value>
        <Description>#14 PI15</Description>
        <UpdateTime>2015-01-17T16:50:16.874586Z</UpdateTime>
      </ModuleParameter>
      <ModuleParameter>
        <Name>ConfigureOptions.Gpio.PI20</Name>
        <Value>XSHDBMcF4dK1GQSqQGpA9g==</Value>
        <Description>#11 PI20</Description>
        <UpdateTime>2015-01-17T16:50:16.874757Z</UpdateTime>
      </ModuleParameter>
      <ModuleParameter>
        <Name>ConfigureOptions.Gpio.PI21</Name>
        <Value>XSHDBMcF4dK1GQSqQGpA9g==</Value>
        <Description>#13 PI21</Description>
        <UpdateTime>2015-01-17T16:50:16.87493Z</UpdateTime>
      </ModuleParameter>
      <ModuleParameter>
        <Name>Program.Status</Name>
        <Value>Disabled</Value>
        <Description />
        <UpdateTime>2015-01-17T16:50:01.936254Z</UpdateTime>
      </ModuleParameter>
      <ModuleParameter>
        <Name>VirtualModule.ParentId</Name>
        <Value>150</Value>
        <Description />
        <UpdateTime>2015-01-17T16:49:56.972114Z</UpdateTime>
      </ModuleParameter>
      <ModuleParameter>
        <Name>Widget.DisplayModule</Name>
        <Value />
        <Description />
        <UpdateTime>2015-01-17T16:49:56.967426Z</UpdateTime>
      </ModuleParameter>
    </Properties>
    <RoutingNode />
  </Module>
</ArrayOfModule>
